checkpoint,world,pair_key,starting_layout,rival_side,termination,winner,duration_ticks,duration_seconds,rival_touches,nexto_touches,first_toucher,rival_saves,nexto_saves,rival_flips,nexto_flips,rival_wavedash_candidates,nexto_wavedash_candidates,rival_speed_increasing_wavedash_candidates,nexto_speed_increasing_wavedash_candidates,rival_zapdash_candidates,nexto_zapdash_candidates,rival_double_dash_candidate_events,nexto_double_dash_candidate_events
plus_180,0,side0-layout0-slot0,0,Blue,goal,Nexto,2008,16.733333333333334,2,11,Rival,0,0,10,3,0,0,0,0,0,0,0,0
plus_180,1,side0-layout1-slot1,1,Blue,goal,Nexto,2068,17.233333333333334,2,7,Rival,0,0,9,4,0,0,0,0,0,0,0,0
plus_180,2,side0-layout2-slot2,2,Blue,goal,Nexto,3288,27.4,5,8,Rival,0,0,10,6,0,0,0,0,0,0,0,0
plus_180,3,side0-layout3-slot3,3,Blue,goal,Nexto,1000,8.333333333333334,2,3,Rival,0,0,5,2,0,0,0,0,0,0,0,0
plus_180,4,side0-layout4-slot4,4,Blue,goal,Nexto,1688,14.066666666666666,3,4,Rival,0,0,8,5,0,0,0,0,0,0,0,0
plus_180,5,side0-layout0-slot5,0,Blue,goal,Nexto,2628,21.9,5,9,Rival,0,0,12,4,0,0,0,0,0,0,0,0
plus_180,6,side0-layout1-slot6,1,Blue,goal,Nexto,2068,17.233333333333334,2,7,Rival,0,0,9,4,0,0,0,0,0,0,0,0
plus_180,7,side0-layout2-slot7,2,Blue,goal,Nexto,3288,27.4,5,8,Rival,0,0,10,6,0,0,0,0,0,0,0,0
plus_180,8,side0-layout3-slot8,3,Blue,goal,Nexto,1000,8.333333333333334,2,3,Rival,0,0,5,2,0,0,0,0,0,0,0,0
plus_180,9,side0-layout4-slot9,4,Blue,goal,Nexto,1688,14.066666666666666,3,4,Rival,0,0,8,5,0,0,0,0,0,0,0,0
plus_180,10,side0-layout0-slot10,0,Blue,goal,Nexto,2628,21.9,5,9,Rival,0,0,12,4,0,0,0,0,0,0,0,0
plus_180,11,side0-layout1-slot11,1,Blue,goal,Nexto,2068,17.233333333333334,2,7,Rival,0,0,9,4,0,0,0,0,0,0,0,0
plus_180,12,side0-layout2-slot12,2,Blue,goal,Nexto,3288,27.4,5,8,Rival,0,0,10,6,0,0,0,0,0,0,0,0
plus_180,13,side0-layout3-slot13,3,Blue,goal,Nexto,1000,8.333333333333334,2,3,Rival,0,0,5,2,0,0,0,0,0,0,0,0
plus_180,14,side0-layout4-slot14,4,Blue,goal,Nexto,1688,14.066666666666666,3,4,Rival,0,0,8,5,0,0,0,0,0,0,0,0
plus_180,15,side0-layout0-slot15,0,Blue,goal,Nexto,2008,16.733333333333334,2,11,Rival,0,0,10,3,0,0,0,0,0,0,0,0
plus_180,16,side0-layout1-slot16,1,Blue,goal,Nexto,2068,17.233333333333334,2,7,Rival,0,0,9,4,0,0,0,0,0,0,0,0
plus_180,17,side0-layout2-slot17,2,Blue,goal,Nexto,3288,27.4,5,8,Rival,0,0,10,6,0,0,0,0,0,0,0,0
plus_180,18,side0-layout3-slot18,3,Blue,goal,Nexto,1000,8.333333333333334,2,3,Rival,0,0,5,2,0,0,0,0,0,0,0,0
plus_180,19,side0-layout4-slot19,4,Blue,goal,Nexto,1688,14.066666666666666,3,4,Rival,0,0,8,5,0,0,0,0,0,0,0,0
plus_180,20,side0-layout0-slot20,0,Blue,goal,Nexto,2628,21.9,5,9,Rival,0,0,12,4,0,0,0,0,0,0,0,0
plus_180,21,side0-layout1-slot21,1,Blue,goal,Nexto,2068,17.233333333333334,2,7,Rival,0,0,9,4,0,0,0,0,0,0,0,0
plus_180,22,side0-layout2-slot22,2,Blue,goal,Nexto,3288,27.4,5,8,Rival,0,0,10,6,0,0,0,0,0,0,0,0
plus_180,23,side0-layout3-slot23,3,Blue,goal,Nexto,1000,8.333333333333334,2,3,Rival,0,0,5,2,0,0,0,0,0,0,0,0
plus_180,24,side0-layout4-slot24,4,Blue,goal,Nexto,1688,14.066666666666666,3,4,Rival,0,0,8,5,0,0,0,0,0,0,0,0
plus_180,25,side0-layout0-slot25,0,Blue,goal,Nexto,2628,21.9,5,9,Rival,0,0,12,4,0,0,0,0,0,0,0,0
plus_180,26,side0-layout1-slot26,1,Blue,goal,Nexto,2068,17.233333333333334,2,7,Rival,0,0,9,4,0,0,0,0,0,0,0,0
plus_180,27,side0-layout2-slot27,2,Blue,goal,Nexto,3288,27.4,5,8,Rival,0,0,10,6,0,0,0,0,0,0,0,0
plus_180,28,side0-layout3-slot28,3,Blue,goal,Nexto,1000,8.333333333333334,2,3,Rival,0,0,5,2,0,0,0,0,0,0,0,0
plus_180,29,side0-layout4-slot29,4,Blue,goal,Nexto,1688,14.066666666666666,3,4,Rival,0,0,8,5,0,0,0,0,0,0,0,0
plus_180,30,side0-layout0-slot30,0,Blue,goal,Nexto,2008,16.733333333333334,2,11,Rival,0,0,10,3,0,0,0,0,0,0,0,0
plus_180,31,side0-layout1-slot31,1,Blue,goal,Nexto,2068,17.233333333333334,2,7,Rival,0,0,9,4,0,0,0,0,0,0,0,0
plus_180,32,side0-layout2-slot32,2,Blue,goal,Nexto,3288,27.4,5,8,Rival,0,0,10,6,0,0,0,0,0,0,0,0
plus_180,33,side0-layout3-slot33,3,Blue,goal,Nexto,1000,8.333333333333334,2,3,Rival,0,0,5,2,0,0,0,0,0,0,0,0
plus_180,34,side0-layout4-slot34,4,Blue,goal,Nexto,1688,14.066666666666666,3,4,Rival,0,0,8,5,0,0,0,0,0,0,0,0
plus_180,35,side0-layout0-slot35,0,Blue,goal,Nexto,2008,16.733333333333334,2,11,Rival,0,0,10,3,0,0,0,0,0,0,0,0
plus_180,36,side0-layout1-slot36,1,Blue,goal,Nexto,2068,17.233333333333334,2,7,Rival,0,0,9,4,0,0,0,0,0,0,0,0
plus_180,37,side0-layout2-slot37,2,Blue,goal,Nexto,3288,27.4,5,8,Rival,0,0,10,6,0,0,0,0,0,0,0,0
plus_180,38,side0-layout3-slot38,3,Blue,goal,Nexto,1000,8.333333333333334,2,3,Rival,0,0,5,2,0,0,0,0,0,0,0,0
plus_180,39,side0-layout4-slot39,4,Blue,goal,Nexto,1688,14.066666666666666,3,4,Rival,0,0,8,5,0,0,0,0,0,0,0,0
plus_180,40,side0-layout0-slot40,0,Blue,goal,Nexto,2008,16.733333333333334,2,11,Rival,0,0,10,3,0,0,0,0,0,0,0,0
plus_180,41,side0-layout1-slot41,1,Blue,goal,Nexto,2068,17.233333333333334,2,7,Rival,0,0,9,4,0,0,0,0,0,0,0,0
plus_180,42,side0-layout2-slot42,2,Blue,goal,Nexto,3288,27.4,5,8,Rival,0,0,10,6,0,0,0,0,0,0,0,0
plus_180,43,side0-layout3-slot43,3,Blue,goal,Nexto,1000,8.333333333333334,2,3,Rival,0,0,5,2,0,0,0,0,0,0,0,0
plus_180,44,side0-layout4-slot44,4,Blue,goal,Nexto,1688,14.066666666666666,3,4,Rival,0,0,8,5,0,0,0,0,0,0,0,0
plus_180,45,side0-layout0-slot45,0,Blue,goal,Nexto,2008,16.733333333333334,2,11,Rival,0,0,10,3,0,0,0,0,0,0,0,0
plus_180,46,side0-layout1-slot46,1,Blue,goal,Nexto,2068,17.233333333333334,2,7,Rival,0,0,9,4,0,0,0,0,0,0,0,0
plus_180,47,side0-layout2-slot47,2,Blue,goal,Nexto,3288,27.4,5,8,Rival,0,0,10,6,0,0,0,0,0,0,0,0
plus_180,48,side0-layout3-slot48,3,Blue,goal,Nexto,1000,8.333333333333334,2,3,Rival,0,0,5,2,0,0,0,0,0,0,0,0
plus_180,49,side0-layout4-slot49,4,Blue,goal,Nexto,1688,14.066666666666666,3,4,Rival,0,0,8,5,0,0,0,0,0,0,0,0
plus_180,50,side0-layout0-slot50,0,Blue,goal,Nexto,2628,21.9,5,9,Rival,0,0,12,4,0,0,0,0,0,0,0,0
plus_180,51,side0-layout1-slot51,1,Blue,goal,Nexto,2068,17.233333333333334,2,7,Rival,0,0,9,4,0,0,0,0,0,0,0,0
plus_180,52,side0-layout2-slot52,2,Blue,goal,Nexto,3288,27.4,5,8,Rival,0,0,10,6,0,0,0,0,0,0,0,0
plus_180,53,side0-layout3-slot53,3,Blue,goal,Nexto,1000,8.333333333333334,2,3,Rival,0,0,5,2,0,0,0,0,0,0,0,0
plus_180,54,side0-layout4-slot54,4,Blue,goal,Nexto,1688,14.066666666666666,3,4,Rival,0,0,8,5,0,0,0,0,0,0,0,0
plus_180,55,side0-layout0-slot55,0,Blue,goal,Nexto,2628,21.9,5,9,Rival,0,0,12,4,0,0,0,0,0,0,0,0
plus_180,56,side0-layout1-slot56,1,Blue,goal,Nexto,2068,17.233333333333334,2,7,Rival,0,0,9,4,0,0,0,0,0,0,0,0
plus_180,57,side0-layout2-slot57,2,Blue,goal,Nexto,3288,27.4,5,8,Rival,0,0,10,6,0,0,0,0,0,0,0,0
plus_180,58,side0-layout3-slot58,3,Blue,goal,Nexto,1000,8.333333333333334,2,3,Rival,0,0,5,2,0,0,0,0,0,0,0,0
plus_180,59,side0-layout4-slot59,4,Blue,goal,Nexto,1688,14.066666666666666,3,4,Rival,0,0,8,5,0,0,0,0,0,0,0,0
plus_180,60,side0-layout0-slot60,0,Blue,goal,Nexto,2628,21.9,5,9,Rival,0,0,12,4,0,0,0,0,0,0,0,0
plus_180,61,side0-layout1-slot61,1,Blue,goal,Nexto,2068,17.233333333333334,2,7,Rival,0,0,9,4,0,0,0,0,0,0,0,0
plus_180,62,side0-layout2-slot62,2,Blue,goal,Nexto,3288,27.4,5,8,Rival,0,0,10,6,0,0,0,0,0,0,0,0
plus_180,63,side0-layout3-slot63,3,Blue,goal,Nexto,1000,8.333333333333334,2,3,Rival,0,0,5,2,0,0,0,0,0,0,0,0
plus_180,64,side0-layout4-slot64,4,Blue,goal,Nexto,1688,14.066666666666666,3,4,Rival,0,0,8,5,0,0,0,0,0,0,0,0
plus_180,65,side0-layout0-slot65,0,Blue,goal,Nexto,2008,16.733333333333334,2,11,Rival,0,0,10,3,0,0,0,0,0,0,0,0
plus_180,66,side0-layout1-slot66,1,Blue,goal,Nexto,2068,17.233333333333334,2,7,Rival,0,0,9,4,0,0,0,0,0,0,0,0
plus_180,67,side0-layout2-slot67,2,Blue,goal,Nexto,3288,27.4,5,8,Rival,0,0,10,6,0,0,0,0,0,0,0,0
plus_180,68,side0-layout3-slot68,3,Blue,goal,Nexto,1000,8.333333333333334,2,3,Rival,0,0,5,2,0,0,0,0,0,0,0,0
plus_180,69,side0-layout4-slot69,4,Blue,goal,Nexto,1688,14.066666666666666,3,4,Rival,0,0,8,5,0,0,0,0,0,0,0,0
plus_180,70,side0-layout0-slot70,0,Blue,goal,Nexto,2008,16.733333333333334,2,11,Rival,0,0,10,3,0,0,0,0,0,0,0,0
plus_180,71,side0-layout1-slot71,1,Blue,goal,Nexto,2068,17.233333333333334,2,7,Rival,0,0,9,4,0,0,0,0,0,0,0,0
plus_180,72,side0-layout2-slot72,2,Blue,goal,Nexto,3288,27.4,5,8,Rival,0,0,10,6,0,0,0,0,0,0,0,0
plus_180,73,side0-layout3-slot73,3,Blue,goal,Nexto,1000,8.333333333333334,2,3,Rival,0,0,5,2,0,0,0,0,0,0,0,0
plus_180,74,side0-layout4-slot74,4,Blue,goal,Nexto,1688,14.066666666666666,3,4,Rival,0,0,8,5,0,0,0,0,0,0,0,0
plus_180,75,side0-layout0-slot75,0,Blue,goal,Nexto,2628,21.9,5,9,Rival,0,0,12,4,0,0,0,0,0,0,0,0
plus_180,76,side0-layout1-slot76,1,Blue,goal,Nexto,2068,17.233333333333334,2,7,Rival,0,0,9,4,0,0,0,0,0,0,0,0
plus_180,77,side0-layout2-slot77,2,Blue,goal,Nexto,3288,27.4,5,8,Rival,0,0,10,6,0,0,0,0,0,0,0,0
plus_180,78,side0-layout3-slot78,3,Blue,goal,Nexto,1000,8.333333333333334,2,3,Rival,0,0,5,2,0,0,0,0,0,0,0,0
plus_180,79,side0-layout4-slot79,4,Blue,goal,Nexto,1688,14.066666666666666,3,4,Rival,0,0,8,5,0,0,0,0,0,0,0,0
plus_180,80,side0-layout0-slot80,0,Blue,goal,Nexto,2008,16.733333333333334,2,11,Rival,0,0,10,3,0,0,0,0,0,0,0,0
plus_180,81,side0-layout1-slot81,1,Blue,goal,Nexto,2068,17.233333333333334,2,7,Rival,0,0,9,4,0,0,0,0,0,0,0,0
plus_180,82,side0-layout2-slot82,2,Blue,goal,Nexto,3288,27.4,5,8,Rival,0,0,10,6,0,0,0,0,0,0,0,0
plus_180,83,side0-layout3-slot83,3,Blue,goal,Nexto,1000,8.333333333333334,2,3,Rival,0,0,5,2,0,0,0,0,0,0,0,0
plus_180,84,side0-layout4-slot84,4,Blue,goal,Nexto,1688,14.066666666666666,3,4,Rival,0,0,8,5,0,0,0,0,0,0,0,0
plus_180,85,side0-layout0-slot85,0,Blue,goal,Nexto,2008,16.733333333333334,2,11,Rival,0,0,10,3,0,0,0,0,0,0,0,0
plus_180,86,side0-layout1-slot86,1,Blue,goal,Nexto,2068,17.233333333333334,2,7,Rival,0,0,9,4,0,0,0,0,0,0,0,0
plus_180,87,side0-layout2-slot87,2,Blue,goal,Nexto,3288,27.4,5,8,Rival,0,0,10,6,0,0,0,0,0,0,0,0
plus_180,88,side0-layout3-slot88,3,Blue,goal,Nexto,1000,8.333333333333334,2,3,Rival,0,0,5,2,0,0,0,0,0,0,0,0
plus_180,89,side0-layout4-slot89,4,Blue,goal,Nexto,1688,14.066666666666666,3,4,Rival,0,0,8,5,0,0,0,0,0,0,0,0
plus_180,90,side0-layout0-slot90,0,Blue,goal,Nexto,2008,16.733333333333334,2,11,Rival,0,0,10,3,0,0,0,0,0,0,0,0
plus_180,91,side0-layout1-slot91,1,Blue,goal,Nexto,2068,17.233333333333334,2,7,Rival,0,0,9,4,0,0,0,0,0,0,0,0
plus_180,92,side0-layout2-slot92,2,Blue,goal,Nexto,3288,27.4,5,8,Rival,0,0,10,6,0,0,0,0,0,0,0,0
plus_180,93,side0-layout3-slot93,3,Blue,goal,Nexto,1000,8.333333333333334,2,3,Rival,0,0,5,2,0,0,0,0,0,0,0,0
plus_180,94,side0-layout4-slot94,4,Blue,goal,Nexto,1688,14.066666666666666,3,4,Rival,0,0,8,5,0,0,0,0,0,0,0,0
plus_180,95,side0-layout0-slot95,0,Blue,goal,Nexto,2628,21.9,5,9,Rival,0,0,12,4,0,0,0,0,0,0,0,0
plus_180,96,side0-layout1-slot96,1,Blue,goal,Nexto,2068,17.233333333333334,2,7,Rival,0,0,9,4,0,0,0,0,0,0,0,0
plus_180,97,side0-layout2-slot97,2,Blue,goal,Nexto,3288,27.4,5,8,Rival,0,0,10,6,0,0,0,0,0,0,0,0
plus_180,98,side0-layout3-slot98,3,Blue,goal,Nexto,1000,8.333333333333334,2,3,Rival,0,0,5,2,0,0,0,0,0,0,0,0
plus_180,99,side0-layout4-slot99,4,Blue,goal,Nexto,1688,14.066666666666666,3,4,Rival,0,0,8,5,0,0,0,0,0,0,0,0
plus_180,100,side0-layout0-slot100,0,Blue,goal,Nexto,2008,16.733333333333334,2,11,Rival,0,0,10,3,0,0,0,0,0,0,0,0
plus_180,101,side0-layout1-slot101,1,Blue,goal,Nexto,2068,17.233333333333334,2,7,Rival,0,0,9,4,0,0,0,0,0,0,0,0
plus_180,102,side0-layout2-slot102,2,Blue,goal,Nexto,3288,27.4,5,8,Rival,0,0,10,6,0,0,0,0,0,0,0,0
plus_180,103,side0-layout3-slot103,3,Blue,goal,Nexto,1000,8.333333333333334,2,3,Rival,0,0,5,2,0,0,0,0,0,0,0,0
plus_180,104,side0-layout4-slot104,4,Blue,goal,Nexto,1688,14.066666666666666,3,4,Rival,0,0,8,5,0,0,0,0,0,0,0,0
plus_180,105,side0-layout0-slot105,0,Blue,goal,Nexto,2008,16.733333333333334,2,11,Rival,0,0,10,3,0,0,0,0,0,0,0,0
plus_180,106,side0-layout1-slot106,1,Blue,goal,Nexto,2068,17.233333333333334,2,7,Rival,0,0,9,4,0,0,0,0,0,0,0,0
plus_180,107,side0-layout2-slot107,2,Blue,goal,Nexto,3288,27.4,5,8,Rival,0,0,10,6,0,0,0,0,0,0,0,0
plus_180,108,side0-layout3-slot108,3,Blue,goal,Nexto,1000,8.333333333333334,2,3,Rival,0,0,5,2,0,0,0,0,0,0,0,0
plus_180,109,side0-layout4-slot109,4,Blue,goal,Nexto,1688,14.066666666666666,3,4,Rival,0,0,8,5,0,0,0,0,0,0,0,0
plus_180,110,side0-layout0-slot110,0,Blue,goal,Nexto,2628,21.9,5,9,Rival,0,0,12,4,0,0,0,0,0,0,0,0
plus_180,111,side0-layout1-slot111,1,Blue,goal,Nexto,2068,17.233333333333334,2,7,Rival,0,0,9,4,0,0,0,0,0,0,0,0
plus_180,112,side0-layout2-slot112,2,Blue,goal,Nexto,3288,27.4,5,8,Rival,0,0,10,6,0,0,0,0,0,0,0,0
plus_180,113,side0-layout3-slot113,3,Blue,goal,Nexto,1000,8.333333333333334,2,3,Rival,0,0,5,2,0,0,0,0,0,0,0,0
plus_180,114,side0-layout4-slot114,4,Blue,goal,Nexto,1688,14.066666666666666,3,4,Rival,0,0,8,5,0,0,0,0,0,0,0,0
plus_180,115,side0-layout0-slot115,0,Blue,goal,Nexto,2008,16.733333333333334,2,11,Rival,0,0,10,3,0,0,0,0,0,0,0,0
plus_180,116,side0-layout1-slot116,1,Blue,goal,Nexto,2068,17.233333333333334,2,7,Rival,0,0,9,4,0,0,0,0,0,0,0,0
plus_180,117,side0-layout2-slot117,2,Blue,goal,Nexto,3288,27.4,5,8,Rival,0,0,10,6,0,0,0,0,0,0,0,0
plus_180,118,side0-layout3-slot118,3,Blue,goal,Nexto,1000,8.333333333333334,2,3,Rival,0,0,5,2,0,0,0,0,0,0,0,0
plus_180,119,side0-layout4-slot119,4,Blue,goal,Nexto,1688,14.066666666666666,3,4,Rival,0,0,8,5,0,0,0,0,0,0,0,0
plus_180,120,side0-layout0-slot120,0,Blue,goal,Nexto,2008,16.733333333333334,2,11,Rival,0,0,10,3,0,0,0,0,0,0,0,0
plus_180,121,side0-layout1-slot121,1,Blue,goal,Nexto,2068,17.233333333333334,2,7,Rival,0,0,9,4,0,0,0,0,0,0,0,0
plus_180,122,side0-layout2-slot122,2,Blue,goal,Nexto,3288,27.4,5,8,Rival,0,0,10,6,0,0,0,0,0,0,0,0
plus_180,123,side0-layout3-slot123,3,Blue,goal,Nexto,1000,8.333333333333334,2,3,Rival,0,0,5,2,0,0,0,0,0,0,0,0
plus_180,124,side0-layout4-slot124,4,Blue,goal,Nexto,1688,14.066666666666666,3,4,Rival,0,0,8,5,0,0,0,0,0,0,0,0
plus_180,125,side0-layout0-slot125,0,Blue,goal,Nexto,2628,21.9,5,9,Rival,0,0,12,4,0,0,0,0,0,0,0,0
plus_180,126,side0-layout1-slot126,1,Blue,goal,Nexto,2068,17.233333333333334,2,7,Rival,0,0,9,4,0,0,0,0,0,0,0,0
plus_180,127,side0-layout2-slot127,2,Blue,goal,Nexto,3288,27.4,5,8,Rival,0,0,10,6,0,0,0,0,0,0,0,0
plus_180,128,side0-layout3-slot128,3,Blue,goal,Nexto,1000,8.333333333333334,2,3,Rival,0,0,5,2,0,0,0,0,0,0,0,0
plus_180,129,side0-layout4-slot129,4,Blue,goal,Nexto,1688,14.066666666666666,3,4,Rival,0,0,8,5,0,0,0,0,0,0,0,0
plus_180,130,side0-layout0-slot130,0,Blue,goal,Nexto,2008,16.733333333333334,2,11,Rival,0,0,10,3,0,0,0,0,0,0,0,0
plus_180,131,side0-layout1-slot131,1,Blue,goal,Nexto,2068,17.233333333333334,2,7,Rival,0,0,9,4,0,0,0,0,0,0,0,0
plus_180,132,side0-layout2-slot132,2,Blue,goal,Nexto,3288,27.4,5,8,Rival,0,0,10,6,0,0,0,0,0,0,0,0
plus_180,133,side0-layout3-slot133,3,Blue,goal,Nexto,1000,8.333333333333334,2,3,Rival,0,0,5,2,0,0,0,0,0,0,0,0
plus_180,134,side0-layout4-slot134,4,Blue,goal,Nexto,1688,14.066666666666666,3,4,Rival,0,0,8,5,0,0,0,0,0,0,0,0
plus_180,135,side0-layout0-slot135,0,Blue,goal,Nexto,2008,16.733333333333334,2,11,Rival,0,0,10,3,0,0,0,0,0,0,0,0
plus_180,136,side0-layout1-slot136,1,Blue,goal,Nexto,2068,17.233333333333334,2,7,Rival,0,0,9,4,0,0,0,0,0,0,0,0
plus_180,137,side0-layout2-slot137,2,Blue,goal,Nexto,3288,27.4,5,8,Rival,0,0,10,6,0,0,0,0,0,0,0,0
plus_180,138,side0-layout3-slot138,3,Blue,goal,Nexto,1000,8.333333333333334,2,3,Rival,0,0,5,2,0,0,0,0,0,0,0,0
plus_180,139,side0-layout4-slot139,4,Blue,goal,Nexto,1688,14.066666666666666,3,4,Rival,0,0,8,5,0,0,0,0,0,0,0,0
plus_180,140,side0-layout0-slot140,0,Blue,goal,Nexto,2628,21.9,5,9,Rival,0,0,12,4,0,0,0,0,0,0,0,0
plus_180,141,side0-layout1-slot141,1,Blue,goal,Nexto,2068,17.233333333333334,2,7,Rival,0,0,9,4,0,0,0,0,0,0,0,0
plus_180,142,side0-layout2-slot142,2,Blue,goal,Nexto,3288,27.4,5,8,Rival,0,0,10,6,0,0,0,0,0,0,0,0
plus_180,143,side0-layout3-slot143,3,Blue,goal,Nexto,1000,8.333333333333334,2,3,Rival,0,0,5,2,0,0,0,0,0,0,0,0
plus_180,144,side0-layout4-slot144,4,Blue,goal,Nexto,1688,14.066666666666666,3,4,Rival,0,0,8,5,0,0,0,0,0,0,0,0
plus_180,145,side0-layout0-slot145,0,Blue,goal,Nexto,2628,21.9,5,9,Rival,0,0,12,4,0,0,0,0,0,0,0,0
plus_180,146,side0-layout1-slot146,1,Blue,goal,Nexto,2068,17.233333333333334,2,7,Rival,0,0,9,4,0,0,0,0,0,0,0,0
plus_180,147,side0-layout2-slot147,2,Blue,goal,Nexto,3288,27.4,5,8,Rival,0,0,10,6,0,0,0,0,0,0,0,0
plus_180,148,side0-layout3-slot148,3,Blue,goal,Nexto,1000,8.333333333333334,2,3,Rival,0,0,5,2,0,0,0,0,0,0,0,0
plus_180,149,side0-layout4-slot149,4,Blue,goal,Nexto,1688,14.066666666666666,3,4,Rival,0,0,8,5,0,0,0,0,0,0,0,0
plus_180,150,side0-layout0-slot150,0,Blue,goal,Nexto,2628,21.9,5,9,Rival,0,0,12,4,0,0,0,0,0,0,0,0
plus_180,151,side0-layout1-slot151,1,Blue,goal,Nexto,2068,17.233333333333334,2,7,Rival,0,0,9,4,0,0,0,0,0,0,0,0
plus_180,152,side0-layout2-slot152,2,Blue,goal,Nexto,3288,27.4,5,8,Rival,0,0,10,6,0,0,0,0,0,0,0,0
plus_180,153,side0-layout3-slot153,3,Blue,goal,Nexto,1000,8.333333333333334,2,3,Rival,0,0,5,2,0,0,0,0,0,0,0,0
plus_180,154,side0-layout4-slot154,4,Blue,goal,Nexto,1688,14.066666666666666,3,4,Rival,0,0,8,5,0,0,0,0,0,0,0,0
plus_180,155,side0-layout0-slot155,0,Blue,goal,Nexto,2008,16.733333333333334,2,11,Rival,0,0,10,3,0,0,0,0,0,0,0,0
plus_180,156,side0-layout1-slot156,1,Blue,goal,Nexto,2068,17.233333333333334,2,7,Rival,0,0,9,4,0,0,0,0,0,0,0,0
plus_180,157,side0-layout2-slot157,2,Blue,goal,Nexto,3288,27.4,5,8,Rival,0,0,10,6,0,0,0,0,0,0,0,0
plus_180,158,side0-layout3-slot158,3,Blue,goal,Nexto,1000,8.333333333333334,2,3,Rival,0,0,5,2,0,0,0,0,0,0,0,0
plus_180,159,side0-layout4-slot159,4,Blue,goal,Nexto,1688,14.066666666666666,3,4,Rival,0,0,8,5,0,0,0,0,0,0,0,0
plus_180,160,side0-layout0-slot160,0,Blue,goal,Nexto,2628,21.9,5,9,Rival,0,0,12,4,0,0,0,0,0,0,0,0
plus_180,161,side0-layout1-slot161,1,Blue,goal,Nexto,2068,17.233333333333334,2,7,Rival,0,0,9,4,0,0,0,0,0,0,0,0
plus_180,162,side0-layout2-slot162,2,Blue,goal,Nexto,3288,27.4,5,8,Rival,0,0,10,6,0,0,0,0,0,0,0,0
plus_180,163,side0-layout3-slot163,3,Blue,goal,Nexto,1000,8.333333333333334,2,3,Rival,0,0,5,2,0,0,0,0,0,0,0,0
plus_180,164,side0-layout4-slot164,4,Blue,goal,Nexto,1688,14.066666666666666,3,4,Rival,0,0,8,5,0,0,0,0,0,0,0,0
plus_180,165,side0-layout0-slot165,0,Blue,goal,Nexto,2628,21.9,5,9,Rival,0,0,12,4,0,0,0,0,0,0,0,0
plus_180,166,side0-layout1-slot166,1,Blue,goal,Nexto,2068,17.233333333333334,2,7,Rival,0,0,9,4,0,0,0,0,0,0,0,0
plus_180,167,side0-layout2-slot167,2,Blue,goal,Nexto,3288,27.4,5,8,Rival,0,0,10,6,0,0,0,0,0,0,0,0
plus_180,168,side0-layout3-slot168,3,Blue,goal,Nexto,1000,8.333333333333334,2,3,Rival,0,0,5,2,0,0,0,0,0,0,0,0
plus_180,169,side0-layout4-slot169,4,Blue,goal,Nexto,1688,14.066666666666666,3,4,Rival,0,0,8,5,0,0,0,0,0,0,0,0
plus_180,170,side0-layout0-slot170,0,Blue,goal,Nexto,2628,21.9,5,9,Rival,0,0,12,4,0,0,0,0,0,0,0,0
plus_180,171,side0-layout1-slot171,1,Blue,goal,Nexto,2068,17.233333333333334,2,7,Rival,0,0,9,4,0,0,0,0,0,0,0,0
plus_180,172,side0-layout2-slot172,2,Blue,goal,Nexto,3288,27.4,5,8,Rival,0,0,10,6,0,0,0,0,0,0,0,0
plus_180,173,side0-layout3-slot173,3,Blue,goal,Nexto,1000,8.333333333333334,2,3,Rival,0,0,5,2,0,0,0,0,0,0,0,0
plus_180,174,side0-layout4-slot174,4,Blue,goal,Nexto,1688,14.066666666666666,3,4,Rival,0,0,8,5,0,0,0,0,0,0,0,0
plus_180,175,side0-layout0-slot175,0,Blue,goal,Nexto,2008,16.733333333333334,2,11,Rival,0,0,10,3,0,0,0,0,0,0,0,0
plus_180,176,side0-layout1-slot176,1,Blue,goal,Nexto,2068,17.233333333333334,2,7,Rival,0,0,9,4,0,0,0,0,0,0,0,0
plus_180,177,side0-layout2-slot177,2,Blue,goal,Nexto,3288,27.4,5,8,Rival,0,0,10,6,0,0,0,0,0,0,0,0
plus_180,178,side0-layout3-slot178,3,Blue,goal,Nexto,1000,8.333333333333334,2,3,Rival,0,0,5,2,0,0,0,0,0,0,0,0
plus_180,179,side0-layout4-slot179,4,Blue,goal,Nexto,1688,14.066666666666666,3,4,Rival,0,0,8,5,0,0,0,0,0,0,0,0
plus_180,180,side0-layout0-slot180,0,Blue,goal,Nexto,2628,21.9,5,9,Rival,0,0,12,4,0,0,0,0,0,0,0,0
plus_180,181,side0-layout1-slot181,1,Blue,goal,Nexto,2068,17.233333333333334,2,7,Rival,0,0,9,4,0,0,0,0,0,0,0,0
plus_180,182,side0-layout2-slot182,2,Blue,goal,Nexto,3288,27.4,5,8,Rival,0,0,10,6,0,0,0,0,0,0,0,0
plus_180,183,side0-layout3-slot183,3,Blue,goal,Nexto,1000,8.333333333333334,2,3,Rival,0,0,5,2,0,0,0,0,0,0,0,0
plus_180,184,side0-layout4-slot184,4,Blue,goal,Nexto,1688,14.066666666666666,3,4,Rival,0,0,8,5,0,0,0,0,0,0,0,0
plus_180,185,side0-layout0-slot185,0,Blue,goal,Nexto,2008,16.733333333333334,2,11,Rival,0,0,10,3,0,0,0,0,0,0,0,0
plus_180,186,side0-layout1-slot186,1,Blue,goal,Nexto,2068,17.233333333333334,2,7,Rival,0,0,9,4,0,0,0,0,0,0,0,0
plus_180,187,side0-layout2-slot187,2,Blue,goal,Nexto,3288,27.4,5,8,Rival,0,0,10,6,0,0,0,0,0,0,0,0
plus_180,188,side0-layout3-slot188,3,Blue,goal,Nexto,1000,8.333333333333334,2,3,Rival,0,0,5,2,0,0,0,0,0,0,0,0
plus_180,189,side0-layout4-slot189,4,Blue,goal,Nexto,1688,14.066666666666666,3,4,Rival,0,0,8,5,0,0,0,0,0,0,0,0
plus_180,190,side0-layout0-slot190,0,Blue,goal,Nexto,2628,21.9,5,9,Rival,0,0,12,4,0,0,0,0,0,0,0,0
plus_180,191,side0-layout1-slot191,1,Blue,goal,Nexto,2068,17.233333333333334,2,7,Rival,0,0,9,4,0,0,0,0,0,0,0,0
plus_180,192,side0-layout2-slot192,2,Blue,goal,Nexto,3288,27.4,5,8,Rival,0,0,10,6,0,0,0,0,0,0,0,0
plus_180,193,side0-layout3-slot193,3,Blue,goal,Nexto,1000,8.333333333333334,2,3,Rival,0,0,5,2,0,0,0,0,0,0,0,0
plus_180,194,side0-layout4-slot194,4,Blue,goal,Nexto,1688,14.066666666666666,3,4,Rival,0,0,8,5,0,0,0,0,0,0,0,0
plus_180,195,side0-layout0-slot195,0,Blue,goal,Nexto,2628,21.9,5,9,Rival,0,0,12,4,0,0,0,0,0,0,0,0
plus_180,196,side0-layout1-slot196,1,Blue,goal,Nexto,2068,17.233333333333334,2,7,Rival,0,0,9,4,0,0,0,0,0,0,0,0
plus_180,197,side0-layout2-slot197,2,Blue,goal,Nexto,3288,27.4,5,8,Rival,0,0,10,6,0,0,0,0,0,0,0,0
plus_180,198,side0-layout3-slot198,3,Blue,goal,Nexto,1000,8.333333333333334,2,3,Rival,0,0,5,2,0,0,0,0,0,0,0,0
plus_180,199,side0-layout4-slot199,4,Blue,goal,Nexto,1688,14.066666666666666,3,4,Rival,0,0,8,5,0,0,0,0,0,0,0,0
plus_180,200,side0-layout0-slot200,0,Blue,goal,Nexto,2008,16.733333333333334,2,11,Rival,0,0,10,3,0,0,0,0,0,0,0,0
plus_180,201,side0-layout1-slot201,1,Blue,goal,Nexto,2068,17.233333333333334,2,7,Rival,0,0,9,4,0,0,0,0,0,0,0,0
plus_180,202,side0-layout2-slot202,2,Blue,goal,Nexto,3288,27.4,5,8,Rival,0,0,10,6,0,0,0,0,0,0,0,0
plus_180,203,side0-layout3-slot203,3,Blue,goal,Nexto,1000,8.333333333333334,2,3,Rival,0,0,5,2,0,0,0,0,0,0,0,0
plus_180,204,side0-layout4-slot204,4,Blue,goal,Nexto,1688,14.066666666666666,3,4,Rival,0,0,8,5,0,0,0,0,0,0,0,0
plus_180,205,side0-layout0-slot205,0,Blue,goal,Nexto,2628,21.9,5,9,Rival,0,0,12,4,0,0,0,0,0,0,0,0
plus_180,206,side0-layout1-slot206,1,Blue,goal,Nexto,2068,17.233333333333334,2,7,Rival,0,0,9,4,0,0,0,0,0,0,0,0
plus_180,207,side0-layout2-slot207,2,Blue,goal,Nexto,3288,27.4,5,8,Rival,0,0,10,6,0,0,0,0,0,0,0,0
plus_180,208,side0-layout3-slot208,3,Blue,goal,Nexto,1000,8.333333333333334,2,3,Rival,0,0,5,2,0,0,0,0,0,0,0,0
plus_180,209,side0-layout4-slot209,4,Blue,goal,Nexto,1688,14.066666666666666,3,4,Rival,0,0,8,5,0,0,0,0,0,0,0,0
plus_180,210,side0-layout0-slot210,0,Blue,goal,Nexto,2628,21.9,5,9,Rival,0,0,12,4,0,0,0,0,0,0,0,0
plus_180,211,side0-layout1-slot211,1,Blue,goal,Nexto,2068,17.233333333333334,2,7,Rival,0,0,9,4,0,0,0,0,0,0,0,0
plus_180,212,side0-layout2-slot212,2,Blue,goal,Nexto,3288,27.4,5,8,Rival,0,0,10,6,0,0,0,0,0,0,0,0
plus_180,213,side0-layout3-slot213,3,Blue,goal,Nexto,1000,8.333333333333334,2,3,Rival,0,0,5,2,0,0,0,0,0,0,0,0
plus_180,214,side0-layout4-slot214,4,Blue,goal,Nexto,1688,14.066666666666666,3,4,Rival,0,0,8,5,0,0,0,0,0,0,0,0
plus_180,215,side0-layout0-slot215,0,Blue,goal,Nexto,2628,21.9,5,9,Rival,0,0,12,4,0,0,0,0,0,0,0,0
plus_180,216,side0-layout1-slot216,1,Blue,goal,Nexto,2068,17.233333333333334,2,7,Rival,0,0,9,4,0,0,0,0,0,0,0,0
plus_180,217,side0-layout2-slot217,2,Blue,goal,Nexto,3288,27.4,5,8,Rival,0,0,10,6,0,0,0,0,0,0,0,0
plus_180,218,side0-layout3-slot218,3,Blue,goal,Nexto,1000,8.333333333333334,2,3,Rival,0,0,5,2,0,0,0,0,0,0,0,0
plus_180,219,side0-layout4-slot219,4,Blue,goal,Nexto,1688,14.066666666666666,3,4,Rival,0,0,8,5,0,0,0,0,0,0,0,0
plus_180,220,side0-layout0-slot220,0,Blue,goal,Nexto,2008,16.733333333333334,2,11,Rival,0,0,10,3,0,0,0,0,0,0,0,0
plus_180,221,side0-layout1-slot221,1,Blue,goal,Nexto,2068,17.233333333333334,2,7,Rival,0,0,9,4,0,0,0,0,0,0,0,0
plus_180,222,side0-layout2-slot222,2,Blue,goal,Nexto,3288,27.4,5,8,Rival,0,0,10,6,0,0,0,0,0,0,0,0
plus_180,223,side0-layout3-slot223,3,Blue,goal,Nexto,1000,8.333333333333334,2,3,Rival,0,0,5,2,0,0,0,0,0,0,0,0
plus_180,224,side0-layout4-slot224,4,Blue,goal,Nexto,1688,14.066666666666666,3,4,Rival,0,0,8,5,0,0,0,0,0,0,0,0
plus_180,225,side0-layout0-slot225,0,Blue,goal,Nexto,2008,16.733333333333334,2,11,Rival,0,0,10,3,0,0,0,0,0,0,0,0
plus_180,226,side0-layout1-slot226,1,Blue,goal,Nexto,2068,17.233333333333334,2,7,Rival,0,0,9,4,0,0,0,0,0,0,0,0
plus_180,227,side0-layout2-slot227,2,Blue,goal,Nexto,3288,27.4,5,8,Rival,0,0,10,6,0,0,0,0,0,0,0,0
plus_180,228,side0-layout3-slot228,3,Blue,goal,Nexto,1000,8.333333333333334,2,3,Rival,0,0,5,2,0,0,0,0,0,0,0,0
plus_180,229,side0-layout4-slot229,4,Blue,goal,Nexto,1688,14.066666666666666,3,4,Rival,0,0,8,5,0,0,0,0,0,0,0,0
plus_180,230,side0-layout0-slot230,0,Blue,goal,Nexto,2628,21.9,5,9,Rival,0,0,12,4,0,0,0,0,0,0,0,0
plus_180,231,side0-layout1-slot231,1,Blue,goal,Nexto,2068,17.233333333333334,2,7,Rival,0,0,9,4,0,0,0,0,0,0,0,0
plus_180,232,side0-layout2-slot232,2,Blue,goal,Nexto,3288,27.4,5,8,Rival,0,0,10,6,0,0,0,0,0,0,0,0
plus_180,233,side0-layout3-slot233,3,Blue,goal,Nexto,1000,8.333333333333334,2,3,Rival,0,0,5,2,0,0,0,0,0,0,0,0
plus_180,234,side0-layout4-slot234,4,Blue,goal,Nexto,1688,14.066666666666666,3,4,Rival,0,0,8,5,0,0,0,0,0,0,0,0
plus_180,235,side0-layout0-slot235,0,Blue,goal,Nexto,2628,21.9,5,9,Rival,0,0,12,4,0,0,0,0,0,0,0,0
plus_180,236,side0-layout1-slot236,1,Blue,goal,Nexto,2068,17.233333333333334,2,7,Rival,0,0,9,4,0,0,0,0,0,0,0,0
plus_180,237,side0-layout2-slot237,2,Blue,goal,Nexto,3288,27.4,5,8,Rival,0,0,10,6,0,0,0,0,0,0,0,0
plus_180,238,side0-layout3-slot238,3,Blue,goal,Nexto,1000,8.333333333333334,2,3,Rival,0,0,5,2,0,0,0,0,0,0,0,0
plus_180,239,side0-layout4-slot239,4,Blue,goal,Nexto,1688,14.066666666666666,3,4,Rival,0,0,8,5,0,0,0,0,0,0,0,0
plus_180,240,side0-layout0-slot240,0,Blue,goal,Nexto,2628,21.9,5,9,Rival,0,0,12,4,0,0,0,0,0,0,0,0
plus_180,241,side0-layout1-slot241,1,Blue,goal,Nexto,2068,17.233333333333334,2,7,Rival,0,0,9,4,0,0,0,0,0,0,0,0
plus_180,242,side0-layout2-slot242,2,Blue,goal,Nexto,3288,27.4,5,8,Rival,0,0,10,6,0,0,0,0,0,0,0,0
plus_180,243,side0-layout3-slot243,3,Blue,goal,Nexto,1000,8.333333333333334,2,3,Rival,0,0,5,2,0,0,0,0,0,0,0,0
plus_180,244,side0-layout4-slot244,4,Blue,goal,Nexto,1688,14.066666666666666,3,4,Rival,0,0,8,5,0,0,0,0,0,0,0,0
plus_180,245,side0-layout0-slot245,0,Blue,goal,Nexto,2008,16.733333333333334,2,11,Rival,0,0,10,3,0,0,0,0,0,0,0,0
plus_180,246,side0-layout1-slot246,1,Blue,goal,Nexto,2068,17.233333333333334,2,7,Rival,0,0,9,4,0,0,0,0,0,0,0,0
plus_180,247,side0-layout2-slot247,2,Blue,goal,Nexto,3288,27.4,5,8,Rival,0,0,10,6,0,0,0,0,0,0,0,0
plus_180,248,side0-layout3-slot248,3,Blue,goal,Nexto,1000,8.333333333333334,2,3,Rival,0,0,5,2,0,0,0,0,0,0,0,0
plus_180,249,side0-layout4-slot249,4,Blue,goal,Nexto,1688,14.066666666666666,3,4,Rival,0,0,8,5,0,0,0,0,0,0,0,0
plus_180,250,side0-layout0-slot250,0,Blue,goal,Nexto,2008,16.733333333333334,2,11,Rival,0,0,10,3,0,0,0,0,0,0,0,0
plus_180,251,side0-layout1-slot251,1,Blue,goal,Nexto,2068,17.233333333333334,2,7,Rival,0,0,9,4,0,0,0,0,0,0,0,0
plus_180,252,side0-layout2-slot252,2,Blue,goal,Nexto,3288,27.4,5,8,Rival,0,0,10,6,0,0,0,0,0,0,0,0
plus_180,253,side0-layout3-slot253,3,Blue,goal,Nexto,1000,8.333333333333334,2,3,Rival,0,0,5,2,0,0,0,0,0,0,0,0
plus_180,254,side0-layout4-slot254,4,Blue,goal,Nexto,1688,14.066666666666666,3,4,Rival,0,0,8,5,0,0,0,0,0,0,0,0
plus_180,255,side0-layout0-slot255,0,Blue,goal,Nexto,2628,21.9,5,9,Rival,0,0,12,4,0,0,0,0,0,0,0,0
plus_180,256,side0-layout1-slot256,1,Blue,goal,Nexto,2068,17.233333333333334,2,7,Rival,0,0,9,4,0,0,0,0,0,0,0,0
plus_180,257,side0-layout2-slot257,2,Blue,goal,Nexto,3288,27.4,5,8,Rival,0,0,10,6,0,0,0,0,0,0,0,0
plus_180,258,side0-layout3-slot258,3,Blue,goal,Nexto,1000,8.333333333333334,2,3,Rival,0,0,5,2,0,0,0,0,0,0,0,0
plus_180,259,side0-layout4-slot259,4,Blue,goal,Nexto,1688,14.066666666666666,3,4,Rival,0,0,8,5,0,0,0,0,0,0,0,0
plus_180,260,side0-layout0-slot260,0,Blue,goal,Nexto,2628,21.9,5,9,Rival,0,0,12,4,0,0,0,0,0,0,0,0
plus_180,261,side0-layout1-slot261,1,Blue,goal,Nexto,2068,17.233333333333334,2,7,Rival,0,0,9,4,0,0,0,0,0,0,0,0
plus_180,262,side0-layout2-slot262,2,Blue,goal,Nexto,3288,27.4,5,8,Rival,0,0,10,6,0,0,0,0,0,0,0,0
plus_180,263,side0-layout3-slot263,3,Blue,goal,Nexto,1000,8.333333333333334,2,3,Rival,0,0,5,2,0,0,0,0,0,0,0,0
plus_180,264,side0-layout4-slot264,4,Blue,goal,Nexto,1688,14.066666666666666,3,4,Rival,0,0,8,5,0,0,0,0,0,0,0,0
plus_180,265,side0-layout0-slot265,0,Blue,goal,Nexto,2628,21.9,5,9,Rival,0,0,12,4,0,0,0,0,0,0,0,0
plus_180,266,side0-layout1-slot266,1,Blue,goal,Nexto,2068,17.233333333333334,2,7,Rival,0,0,9,4,0,0,0,0,0,0,0,0
plus_180,267,side0-layout2-slot267,2,Blue,goal,Nexto,3288,27.4,5,8,Rival,0,0,10,6,0,0,0,0,0,0,0,0
plus_180,268,side0-layout3-slot268,3,Blue,goal,Nexto,1000,8.333333333333334,2,3,Rival,0,0,5,2,0,0,0,0,0,0,0,0
plus_180,269,side0-layout4-slot269,4,Blue,goal,Nexto,1688,14.066666666666666,3,4,Rival,0,0,8,5,0,0,0,0,0,0,0,0
plus_180,270,side0-layout0-slot270,0,Blue,goal,Nexto,2008,16.733333333333334,2,11,Rival,0,0,10,3,0,0,0,0,0,0,0,0
plus_180,271,side0-layout1-slot271,1,Blue,goal,Nexto,2068,17.233333333333334,2,7,Rival,0,0,9,4,0,0,0,0,0,0,0,0
plus_180,272,side0-layout2-slot272,2,Blue,goal,Nexto,3288,27.4,5,8,Rival,0,0,10,6,0,0,0,0,0,0,0,0
plus_180,273,side0-layout3-slot273,3,Blue,goal,Nexto,1000,8.333333333333334,2,3,Rival,0,0,5,2,0,0,0,0,0,0,0,0
plus_180,274,side0-layout4-slot274,4,Blue,goal,Nexto,1688,14.066666666666666,3,4,Rival,0,0,8,5,0,0,0,0,0,0,0,0
plus_180,275,side0-layout0-slot275,0,Blue,goal,Nexto,2628,21.9,5,9,Rival,0,0,12,4,0,0,0,0,0,0,0,0
plus_180,276,side0-layout1-slot276,1,Blue,goal,Nexto,2068,17.233333333333334,2,7,Rival,0,0,9,4,0,0,0,0,0,0,0,0
plus_180,277,side0-layout2-slot277,2,Blue,goal,Nexto,3288,27.4,5,8,Rival,0,0,10,6,0,0,0,0,0,0,0,0
plus_180,278,side0-layout3-slot278,3,Blue,goal,Nexto,1000,8.333333333333334,2,3,Rival,0,0,5,2,0,0,0,0,0,0,0,0
plus_180,279,side0-layout4-slot279,4,Blue,goal,Nexto,1688,14.066666666666666,3,4,Rival,0,0,8,5,0,0,0,0,0,0,0,0
plus_180,280,side0-layout0-slot280,0,Blue,goal,Nexto,2008,16.733333333333334,2,11,Rival,0,0,10,3,0,0,0,0,0,0,0,0
plus_180,281,side0-layout1-slot281,1,Blue,goal,Nexto,2068,17.233333333333334,2,7,Rival,0,0,9,4,0,0,0,0,0,0,0,0
plus_180,282,side0-layout2-slot282,2,Blue,goal,Nexto,3288,27.4,5,8,Rival,0,0,10,6,0,0,0,0,0,0,0,0
plus_180,283,side0-layout3-slot283,3,Blue,goal,Nexto,1000,8.333333333333334,2,3,Rival,0,0,5,2,0,0,0,0,0,0,0,0
plus_180,284,side0-layout4-slot284,4,Blue,goal,Nexto,1688,14.066666666666666,3,4,Rival,0,0,8,5,0,0,0,0,0,0,0,0
plus_180,285,side0-layout0-slot285,0,Blue,goal,Nexto,2008,16.733333333333334,2,11,Rival,0,0,10,3,0,0,0,0,0,0,0,0
plus_180,286,side0-layout1-slot286,1,Blue,goal,Nexto,2068,17.233333333333334,2,7,Rival,0,0,9,4,0,0,0,0,0,0,0,0
plus_180,287,side0-layout2-slot287,2,Blue,goal,Nexto,3288,27.4,5,8,Rival,0,0,10,6,0,0,0,0,0,0,0,0
plus_180,288,side0-layout3-slot288,3,Blue,goal,Nexto,1000,8.333333333333334,2,3,Rival,0,0,5,2,0,0,0,0,0,0,0,0
plus_180,289,side0-layout4-slot289,4,Blue,goal,Nexto,1688,14.066666666666666,3,4,Rival,0,0,8,5,0,0,0,0,0,0,0,0
plus_180,290,side0-layout0-slot290,0,Blue,goal,Nexto,2008,16.733333333333334,2,11,Rival,0,0,10,3,0,0,0,0,0,0,0,0
plus_180,291,side0-layout1-slot291,1,Blue,goal,Nexto,2068,17.233333333333334,2,7,Rival,0,0,9,4,0,0,0,0,0,0,0,0
plus_180,292,side0-layout2-slot292,2,Blue,goal,Nexto,3288,27.4,5,8,Rival,0,0,10,6,0,0,0,0,0,0,0,0
plus_180,293,side0-layout3-slot293,3,Blue,goal,Nexto,1000,8.333333333333334,2,3,Rival,0,0,5,2,0,0,0,0,0,0,0,0
plus_180,294,side0-layout4-slot294,4,Blue,goal,Nexto,1688,14.066666666666666,3,4,Rival,0,0,8,5,0,0,0,0,0,0,0,0
plus_180,295,side0-layout0-slot295,0,Blue,goal,Nexto,2008,16.733333333333334,2,11,Rival,0,0,10,3,0,0,0,0,0,0,0,0
plus_180,296,side0-layout1-slot296,1,Blue,goal,Nexto,2068,17.233333333333334,2,7,Rival,0,0,9,4,0,0,0,0,0,0,0,0
plus_180,297,side0-layout2-slot297,2,Blue,goal,Nexto,3288,27.4,5,8,Rival,0,0,10,6,0,0,0,0,0,0,0,0
plus_180,298,side0-layout3-slot298,3,Blue,goal,Nexto,1000,8.333333333333334,2,3,Rival,0,0,5,2,0,0,0,0,0,0,0,0
plus_180,299,side0-layout4-slot299,4,Blue,goal,Nexto,1688,14.066666666666666,3,4,Rival,0,0,8,5,0,0,0,0,0,0,0,0
plus_180,300,side0-layout0-slot300,0,Blue,goal,Nexto,2008,16.733333333333334,2,11,Rival,0,0,10,3,0,0,0,0,0,0,0,0
plus_180,301,side0-layout1-slot301,1,Blue,goal,Nexto,2068,17.233333333333334,2,7,Rival,0,0,9,4,0,0,0,0,0,0,0,0
plus_180,302,side0-layout2-slot302,2,Blue,goal,Nexto,3288,27.4,5,8,Rival,0,0,10,6,0,0,0,0,0,0,0,0
plus_180,303,side0-layout3-slot303,3,Blue,goal,Nexto,1000,8.333333333333334,2,3,Rival,0,0,5,2,0,0,0,0,0,0,0,0
plus_180,304,side0-layout4-slot304,4,Blue,goal,Nexto,1688,14.066666666666666,3,4,Rival,0,0,8,5,0,0,0,0,0,0,0,0
plus_180,305,side0-layout0-slot305,0,Blue,goal,Nexto,2628,21.9,5,9,Rival,0,0,12,4,0,0,0,0,0,0,0,0
plus_180,306,side0-layout1-slot306,1,Blue,goal,Nexto,2068,17.233333333333334,2,7,Rival,0,0,9,4,0,0,0,0,0,0,0,0
plus_180,307,side0-layout2-slot307,2,Blue,goal,Nexto,3288,27.4,5,8,Rival,0,0,10,6,0,0,0,0,0,0,0,0
plus_180,308,side0-layout3-slot308,3,Blue,goal,Nexto,1000,8.333333333333334,2,3,Rival,0,0,5,2,0,0,0,0,0,0,0,0
plus_180,309,side0-layout4-slot309,4,Blue,goal,Nexto,1688,14.066666666666666,3,4,Rival,0,0,8,5,0,0,0,0,0,0,0,0
plus_180,310,side0-layout0-slot310,0,Blue,goal,Nexto,2628,21.9,5,9,Rival,0,0,12,4,0,0,0,0,0,0,0,0
plus_180,311,side0-layout1-slot311,1,Blue,goal,Nexto,2068,17.233333333333334,2,7,Rival,0,0,9,4,0,0,0,0,0,0,0,0
plus_180,312,side0-layout2-slot312,2,Blue,goal,Nexto,3288,27.4,5,8,Rival,0,0,10,6,0,0,0,0,0,0,0,0
plus_180,313,side0-layout3-slot313,3,Blue,goal,Nexto,1000,8.333333333333334,2,3,Rival,0,0,5,2,0,0,0,0,0,0,0,0
plus_180,314,side0-layout4-slot314,4,Blue,goal,Nexto,1688,14.066666666666666,3,4,Rival,0,0,8,5,0,0,0,0,0,0,0,0
plus_180,315,side0-layout0-slot315,0,Blue,goal,Nexto,2628,21.9,5,9,Rival,0,0,12,4,0,0,0,0,0,0,0,0
plus_180,316,side0-layout1-slot316,1,Blue,goal,Nexto,2068,17.233333333333334,2,7,Rival,0,0,9,4,0,0,0,0,0,0,0,0
plus_180,317,side0-layout2-slot317,2,Blue,goal,Nexto,3288,27.4,5,8,Rival,0,0,10,6,0,0,0,0,0,0,0,0
plus_180,318,side0-layout3-slot318,3,Blue,goal,Nexto,1000,8.333333333333334,2,3,Rival,0,0,5,2,0,0,0,0,0,0,0,0
plus_180,319,side0-layout4-slot319,4,Blue,goal,Nexto,1688,14.066666666666666,3,4,Rival,0,0,8,5,0,0,0,0,0,0,0,0
plus_180,320,side0-layout0-slot320,0,Blue,goal,Nexto,2008,16.733333333333334,2,11,Rival,0,0,10,3,0,0,0,0,0,0,0,0
plus_180,321,side0-layout1-slot321,1,Blue,goal,Nexto,2068,17.233333333333334,2,7,Rival,0,0,9,4,0,0,0,0,0,0,0,0
plus_180,322,side0-layout2-slot322,2,Blue,goal,Nexto,3288,27.4,5,8,Rival,0,0,10,6,0,0,0,0,0,0,0,0
plus_180,323,side0-layout3-slot323,3,Blue,goal,Nexto,1000,8.333333333333334,2,3,Rival,0,0,5,2,0,0,0,0,0,0,0,0
plus_180,324,side0-layout4-slot324,4,Blue,goal,Nexto,1688,14.066666666666666,3,4,Rival,0,0,8,5,0,0,0,0,0,0,0,0
plus_180,325,side0-layout0-slot325,0,Blue,goal,Nexto,2628,21.9,5,9,Rival,0,0,12,4,0,0,0,0,0,0,0,0
plus_180,326,side0-layout1-slot326,1,Blue,goal,Nexto,2068,17.233333333333334,2,7,Rival,0,0,9,4,0,0,0,0,0,0,0,0
plus_180,327,side0-layout2-slot327,2,Blue,goal,Nexto,3288,27.4,5,8,Rival,0,0,10,6,0,0,0,0,0,0,0,0
plus_180,328,side0-layout3-slot328,3,Blue,goal,Nexto,1000,8.333333333333334,2,3,Rival,0,0,5,2,0,0,0,0,0,0,0,0
plus_180,329,side0-layout4-slot329,4,Blue,goal,Nexto,1688,14.066666666666666,3,4,Rival,0,0,8,5,0,0,0,0,0,0,0,0
plus_180,330,side0-layout0-slot330,0,Blue,goal,Nexto,2008,16.733333333333334,2,11,Rival,0,0,10,3,0,0,0,0,0,0,0,0
plus_180,331,side0-layout1-slot331,1,Blue,goal,Nexto,2068,17.233333333333334,2,7,Rival,0,0,9,4,0,0,0,0,0,0,0,0
plus_180,332,side0-layout2-slot332,2,Blue,goal,Nexto,3288,27.4,5,8,Rival,0,0,10,6,0,0,0,0,0,0,0,0
plus_180,333,side0-layout3-slot333,3,Blue,goal,Nexto,1000,8.333333333333334,2,3,Rival,0,0,5,2,0,0,0,0,0,0,0,0
plus_180,334,side0-layout4-slot334,4,Blue,goal,Nexto,1688,14.066666666666666,3,4,Rival,0,0,8,5,0,0,0,0,0,0,0,0
plus_180,335,side0-layout0-slot335,0,Blue,goal,Nexto,2628,21.9,5,9,Rival,0,0,12,4,0,0,0,0,0,0,0,0
plus_180,336,side0-layout1-slot336,1,Blue,goal,Nexto,2068,17.233333333333334,2,7,Rival,0,0,9,4,0,0,0,0,0,0,0,0
plus_180,337,side0-layout2-slot337,2,Blue,goal,Nexto,3288,27.4,5,8,Rival,0,0,10,6,0,0,0,0,0,0,0,0
plus_180,338,side0-layout3-slot338,3,Blue,goal,Nexto,1000,8.333333333333334,2,3,Rival,0,0,5,2,0,0,0,0,0,0,0,0
plus_180,339,side0-layout4-slot339,4,Blue,goal,Nexto,1688,14.066666666666666,3,4,Rival,0,0,8,5,0,0,0,0,0,0,0,0
plus_180,340,side0-layout0-slot340,0,Blue,goal,Nexto,2008,16.733333333333334,2,11,Rival,0,0,10,3,0,0,0,0,0,0,0,0
plus_180,341,side0-layout1-slot341,1,Blue,goal,Nexto,2068,17.233333333333334,2,7,Rival,0,0,9,4,0,0,0,0,0,0,0,0
plus_180,342,side0-layout2-slot342,2,Blue,goal,Nexto,3288,27.4,5,8,Rival,0,0,10,6,0,0,0,0,0,0,0,0
plus_180,343,side0-layout3-slot343,3,Blue,goal,Nexto,1000,8.333333333333334,2,3,Rival,0,0,5,2,0,0,0,0,0,0,0,0
plus_180,344,side0-layout4-slot344,4,Blue,goal,Nexto,1688,14.066666666666666,3,4,Rival,0,0,8,5,0,0,0,0,0,0,0,0
plus_180,345,side0-layout0-slot345,0,Blue,goal,Nexto,2008,16.733333333333334,2,11,Rival,0,0,10,3,0,0,0,0,0,0,0,0
plus_180,346,side0-layout1-slot346,1,Blue,goal,Nexto,2068,17.233333333333334,2,7,Rival,0,0,9,4,0,0,0,0,0,0,0,0
plus_180,347,side0-layout2-slot347,2,Blue,goal,Nexto,3288,27.4,5,8,Rival,0,0,10,6,0,0,0,0,0,0,0,0
plus_180,348,side0-layout3-slot348,3,Blue,goal,Nexto,1000,8.333333333333334,2,3,Rival,0,0,5,2,0,0,0,0,0,0,0,0
plus_180,349,side0-layout4-slot349,4,Blue,goal,Nexto,1688,14.066666666666666,3,4,Rival,0,0,8,5,0,0,0,0,0,0,0,0
plus_180,350,side0-layout0-slot350,0,Blue,goal,Nexto,2008,16.733333333333334,2,11,Rival,0,0,10,3,0,0,0,0,0,0,0,0
plus_180,351,side0-layout1-slot351,1,Blue,goal,Nexto,2068,17.233333333333334,2,7,Rival,0,0,9,4,0,0,0,0,0,0,0,0
plus_180,352,side0-layout2-slot352,2,Blue,goal,Nexto,3288,27.4,5,8,Rival,0,0,10,6,0,0,0,0,0,0,0,0
plus_180,353,side0-layout3-slot353,3,Blue,goal,Nexto,1000,8.333333333333334,2,3,Rival,0,0,5,2,0,0,0,0,0,0,0,0
plus_180,354,side0-layout4-slot354,4,Blue,goal,Nexto,1688,14.066666666666666,3,4,Rival,0,0,8,5,0,0,0,0,0,0,0,0
plus_180,355,side0-layout0-slot355,0,Blue,goal,Nexto,2008,16.733333333333334,2,11,Rival,0,0,10,3,0,0,0,0,0,0,0,0
plus_180,356,side0-layout1-slot356,1,Blue,goal,Nexto,2068,17.233333333333334,2,7,Rival,0,0,9,4,0,0,0,0,0,0,0,0
plus_180,357,side0-layout2-slot357,2,Blue,goal,Nexto,3288,27.4,5,8,Rival,0,0,10,6,0,0,0,0,0,0,0,0
plus_180,358,side0-layout3-slot358,3,Blue,goal,Nexto,1000,8.333333333333334,2,3,Rival,0,0,5,2,0,0,0,0,0,0,0,0
plus_180,359,side0-layout4-slot359,4,Blue,goal,Nexto,1688,14.066666666666666,3,4,Rival,0,0,8,5,0,0,0,0,0,0,0,0
plus_180,360,side0-layout0-slot360,0,Blue,goal,Nexto,2628,21.9,5,9,Rival,0,0,12,4,0,0,0,0,0,0,0,0
plus_180,361,side0-layout1-slot361,1,Blue,goal,Nexto,2068,17.233333333333334,2,7,Rival,0,0,9,4,0,0,0,0,0,0,0,0
plus_180,362,side0-layout2-slot362,2,Blue,goal,Nexto,3288,27.4,5,8,Rival,0,0,10,6,0,0,0,0,0,0,0,0
plus_180,363,side0-layout3-slot363,3,Blue,goal,Nexto,1000,8.333333333333334,2,3,Rival,0,0,5,2,0,0,0,0,0,0,0,0
plus_180,364,side0-layout4-slot364,4,Blue,goal,Nexto,1688,14.066666666666666,3,4,Rival,0,0,8,5,0,0,0,0,0,0,0,0
plus_180,365,side0-layout0-slot365,0,Blue,goal,Nexto,2008,16.733333333333334,2,11,Rival,0,0,10,3,0,0,0,0,0,0,0,0
plus_180,366,side0-layout1-slot366,1,Blue,goal,Nexto,2068,17.233333333333334,2,7,Rival,0,0,9,4,0,0,0,0,0,0,0,0
plus_180,367,side0-layout2-slot367,2,Blue,goal,Nexto,3288,27.4,5,8,Rival,0,0,10,6,0,0,0,0,0,0,0,0
plus_180,368,side0-layout3-slot368,3,Blue,goal,Nexto,1000,8.333333333333334,2,3,Rival,0,0,5,2,0,0,0,0,0,0,0,0
plus_180,369,side0-layout4-slot369,4,Blue,goal,Nexto,1688,14.066666666666666,3,4,Rival,0,0,8,5,0,0,0,0,0,0,0,0
plus_180,370,side0-layout0-slot370,0,Blue,goal,Nexto,2008,16.733333333333334,2,11,Rival,0,0,10,3,0,0,0,0,0,0,0,0
plus_180,371,side0-layout1-slot371,1,Blue,goal,Nexto,2068,17.233333333333334,2,7,Rival,0,0,9,4,0,0,0,0,0,0,0,0
plus_180,372,side0-layout2-slot372,2,Blue,goal,Nexto,3288,27.4,5,8,Rival,0,0,10,6,0,0,0,0,0,0,0,0
plus_180,373,side0-layout3-slot373,3,Blue,goal,Nexto,1000,8.333333333333334,2,3,Rival,0,0,5,2,0,0,0,0,0,0,0,0
plus_180,374,side0-layout4-slot374,4,Blue,goal,Nexto,1688,14.066666666666666,3,4,Rival,0,0,8,5,0,0,0,0,0,0,0,0
plus_180,375,side0-layout0-slot375,0,Blue,goal,Nexto,2628,21.9,5,9,Rival,0,0,12,4,0,0,0,0,0,0,0,0
plus_180,376,side0-layout1-slot376,1,Blue,goal,Nexto,2068,17.233333333333334,2,7,Rival,0,0,9,4,0,0,0,0,0,0,0,0
plus_180,377,side0-layout2-slot377,2,Blue,goal,Nexto,3288,27.4,5,8,Rival,0,0,10,6,0,0,0,0,0,0,0,0
plus_180,378,side0-layout3-slot378,3,Blue,goal,Nexto,1000,8.333333333333334,2,3,Rival,0,0,5,2,0,0,0,0,0,0,0,0
plus_180,379,side0-layout4-slot379,4,Blue,goal,Nexto,1688,14.066666666666666,3,4,Rival,0,0,8,5,0,0,0,0,0,0,0,0
plus_180,380,side0-layout0-slot380,0,Blue,goal,Nexto,2628,21.9,5,9,Rival,0,0,12,4,0,0,0,0,0,0,0,0
plus_180,381,side0-layout1-slot381,1,Blue,goal,Nexto,2068,17.233333333333334,2,7,Rival,0,0,9,4,0,0,0,0,0,0,0,0
plus_180,382,side0-layout2-slot382,2,Blue,goal,Nexto,3288,27.4,5,8,Rival,0,0,10,6,0,0,0,0,0,0,0,0
plus_180,383,side0-layout3-slot383,3,Blue,goal,Nexto,1000,8.333333333333334,2,3,Rival,0,0,5,2,0,0,0,0,0,0,0,0
plus_180,384,side0-layout4-slot384,4,Blue,goal,Nexto,1688,14.066666666666666,3,4,Rival,0,0,8,5,0,0,0,0,0,0,0,0
plus_180,385,side0-layout0-slot385,0,Blue,goal,Nexto,2628,21.9,5,9,Rival,0,0,12,4,0,0,0,0,0,0,0,0
plus_180,386,side0-layout1-slot386,1,Blue,goal,Nexto,2068,17.233333333333334,2,7,Rival,0,0,9,4,0,0,0,0,0,0,0,0
plus_180,387,side0-layout2-slot387,2,Blue,goal,Nexto,3288,27.4,5,8,Rival,0,0,10,6,0,0,0,0,0,0,0,0
plus_180,388,side0-layout3-slot388,3,Blue,goal,Nexto,1000,8.333333333333334,2,3,Rival,0,0,5,2,0,0,0,0,0,0,0,0
plus_180,389,side0-layout4-slot389,4,Blue,goal,Nexto,1688,14.066666666666666,3,4,Rival,0,0,8,5,0,0,0,0,0,0,0,0
plus_180,390,side0-layout0-slot390,0,Blue,goal,Nexto,2008,16.733333333333334,2,11,Rival,0,0,10,3,0,0,0,0,0,0,0,0
plus_180,391,side0-layout1-slot391,1,Blue,goal,Nexto,2068,17.233333333333334,2,7,Rival,0,0,9,4,0,0,0,0,0,0,0,0
plus_180,392,side0-layout2-slot392,2,Blue,goal,Nexto,3288,27.4,5,8,Rival,0,0,10,6,0,0,0,0,0,0,0,0
plus_180,393,side0-layout3-slot393,3,Blue,goal,Nexto,1000,8.333333333333334,2,3,Rival,0,0,5,2,0,0,0,0,0,0,0,0
plus_180,394,side0-layout4-slot394,4,Blue,goal,Nexto,1688,14.066666666666666,3,4,Rival,0,0,8,5,0,0,0,0,0,0,0,0
plus_180,395,side0-layout0-slot395,0,Blue,goal,Nexto,2008,16.733333333333334,2,11,Rival,0,0,10,3,0,0,0,0,0,0,0,0
plus_180,396,side0-layout1-slot396,1,Blue,goal,Nexto,2068,17.233333333333334,2,7,Rival,0,0,9,4,0,0,0,0,0,0,0,0
plus_180,397,side0-layout2-slot397,2,Blue,goal,Nexto,3288,27.4,5,8,Rival,0,0,10,6,0,0,0,0,0,0,0,0
plus_180,398,side0-layout3-slot398,3,Blue,goal,Nexto,1000,8.333333333333334,2,3,Rival,0,0,5,2,0,0,0,0,0,0,0,0
plus_180,399,side0-layout4-slot399,4,Blue,goal,Nexto,1688,14.066666666666666,3,4,Rival,0,0,8,5,0,0,0,0,0,0,0,0
plus_180,400,side0-layout0-slot400,0,Blue,goal,Nexto,2628,21.9,5,9,Rival,0,0,12,4,0,0,0,0,0,0,0,0
plus_180,401,side0-layout1-slot401,1,Blue,goal,Nexto,2068,17.233333333333334,2,7,Rival,0,0,9,4,0,0,0,0,0,0,0,0
plus_180,402,side0-layout2-slot402,2,Blue,goal,Nexto,3288,27.4,5,8,Rival,0,0,10,6,0,0,0,0,0,0,0,0
plus_180,403,side0-layout3-slot403,3,Blue,goal,Nexto,1000,8.333333333333334,2,3,Rival,0,0,5,2,0,0,0,0,0,0,0,0
plus_180,404,side0-layout4-slot404,4,Blue,goal,Nexto,1688,14.066666666666666,3,4,Rival,0,0,8,5,0,0,0,0,0,0,0,0
plus_180,405,side0-layout0-slot405,0,Blue,goal,Nexto,2008,16.733333333333334,2,11,Rival,0,0,10,3,0,0,0,0,0,0,0,0
plus_180,406,side0-layout1-slot406,1,Blue,goal,Nexto,2068,17.233333333333334,2,7,Rival,0,0,9,4,0,0,0,0,0,0,0,0
plus_180,407,side0-layout2-slot407,2,Blue,goal,Nexto,3288,27.4,5,8,Rival,0,0,10,6,0,0,0,0,0,0,0,0
plus_180,408,side0-layout3-slot408,3,Blue,goal,Nexto,1000,8.333333333333334,2,3,Rival,0,0,5,2,0,0,0,0,0,0,0,0
plus_180,409,side0-layout4-slot409,4,Blue,goal,Nexto,1688,14.066666666666666,3,4,Rival,0,0,8,5,0,0,0,0,0,0,0,0
plus_180,410,side0-layout0-slot410,0,Blue,goal,Nexto,2008,16.733333333333334,2,11,Rival,0,0,10,3,0,0,0,0,0,0,0,0
plus_180,411,side0-layout1-slot411,1,Blue,goal,Nexto,2068,17.233333333333334,2,7,Rival,0,0,9,4,0,0,0,0,0,0,0,0
plus_180,412,side0-layout2-slot412,2,Blue,goal,Nexto,3288,27.4,5,8,Rival,0,0,10,6,0,0,0,0,0,0,0,0
plus_180,413,side0-layout3-slot413,3,Blue,goal,Nexto,1000,8.333333333333334,2,3,Rival,0,0,5,2,0,0,0,0,0,0,0,0
plus_180,414,side0-layout4-slot414,4,Blue,goal,Nexto,1688,14.066666666666666,3,4,Rival,0,0,8,5,0,0,0,0,0,0,0,0
plus_180,415,side0-layout0-slot415,0,Blue,goal,Nexto,2008,16.733333333333334,2,11,Rival,0,0,10,3,0,0,0,0,0,0,0,0
plus_180,416,side0-layout1-slot416,1,Blue,goal,Nexto,2068,17.233333333333334,2,7,Rival,0,0,9,4,0,0,0,0,0,0,0,0
plus_180,417,side0-layout2-slot417,2,Blue,goal,Nexto,3288,27.4,5,8,Rival,0,0,10,6,0,0,0,0,0,0,0,0
plus_180,418,side0-layout3-slot418,3,Blue,goal,Nexto,1000,8.333333333333334,2,3,Rival,0,0,5,2,0,0,0,0,0,0,0,0
plus_180,419,side0-layout4-slot419,4,Blue,goal,Nexto,1688,14.066666666666666,3,4,Rival,0,0,8,5,0,0,0,0,0,0,0,0
plus_180,420,side0-layout0-slot420,0,Blue,goal,Nexto,2628,21.9,5,9,Rival,0,0,12,4,0,0,0,0,0,0,0,0
plus_180,421,side0-layout1-slot421,1,Blue,goal,Nexto,2068,17.233333333333334,2,7,Rival,0,0,9,4,0,0,0,0,0,0,0,0
plus_180,422,side0-layout2-slot422,2,Blue,goal,Nexto,3288,27.4,5,8,Rival,0,0,10,6,0,0,0,0,0,0,0,0
plus_180,423,side0-layout3-slot423,3,Blue,goal,Nexto,1000,8.333333333333334,2,3,Rival,0,0,5,2,0,0,0,0,0,0,0,0
plus_180,424,side0-layout4-slot424,4,Blue,goal,Nexto,1688,14.066666666666666,3,4,Rival,0,0,8,5,0,0,0,0,0,0,0,0
plus_180,425,side0-layout0-slot425,0,Blue,goal,Nexto,2628,21.9,5,9,Rival,0,0,12,4,0,0,0,0,0,0,0,0
plus_180,426,side0-layout1-slot426,1,Blue,goal,Nexto,2068,17.233333333333334,2,7,Rival,0,0,9,4,0,0,0,0,0,0,0,0
plus_180,427,side0-layout2-slot427,2,Blue,goal,Nexto,3288,27.4,5,8,Rival,0,0,10,6,0,0,0,0,0,0,0,0
plus_180,428,side0-layout3-slot428,3,Blue,goal,Nexto,1000,8.333333333333334,2,3,Rival,0,0,5,2,0,0,0,0,0,0,0,0
plus_180,429,side0-layout4-slot429,4,Blue,goal,Nexto,1688,14.066666666666666,3,4,Rival,0,0,8,5,0,0,0,0,0,0,0,0
plus_180,430,side0-layout0-slot430,0,Blue,goal,Nexto,2628,21.9,5,9,Rival,0,0,12,4,0,0,0,0,0,0,0,0
plus_180,431,side0-layout1-slot431,1,Blue,goal,Nexto,2068,17.233333333333334,2,7,Rival,0,0,9,4,0,0,0,0,0,0,0,0
plus_180,432,side0-layout2-slot432,2,Blue,goal,Nexto,3288,27.4,5,8,Rival,0,0,10,6,0,0,0,0,0,0,0,0
plus_180,433,side0-layout3-slot433,3,Blue,goal,Nexto,1000,8.333333333333334,2,3,Rival,0,0,5,2,0,0,0,0,0,0,0,0
plus_180,434,side0-layout4-slot434,4,Blue,goal,Nexto,1688,14.066666666666666,3,4,Rival,0,0,8,5,0,0,0,0,0,0,0,0
plus_180,435,side0-layout0-slot435,0,Blue,goal,Nexto,2008,16.733333333333334,2,11,Rival,0,0,10,3,0,0,0,0,0,0,0,0
plus_180,436,side0-layout1-slot436,1,Blue,goal,Nexto,2068,17.233333333333334,2,7,Rival,0,0,9,4,0,0,0,0,0,0,0,0
plus_180,437,side0-layout2-slot437,2,Blue,goal,Nexto,3288,27.4,5,8,Rival,0,0,10,6,0,0,0,0,0,0,0,0
plus_180,438,side0-layout3-slot438,3,Blue,goal,Nexto,1000,8.333333333333334,2,3,Rival,0,0,5,2,0,0,0,0,0,0,0,0
plus_180,439,side0-layout4-slot439,4,Blue,goal,Nexto,1688,14.066666666666666,3,4,Rival,0,0,8,5,0,0,0,0,0,0,0,0
plus_180,440,side0-layout0-slot440,0,Blue,goal,Nexto,2008,16.733333333333334,2,11,Rival,0,0,10,3,0,0,0,0,0,0,0,0
plus_180,441,side0-layout1-slot441,1,Blue,goal,Nexto,2068,17.233333333333334,2,7,Rival,0,0,9,4,0,0,0,0,0,0,0,0
plus_180,442,side0-layout2-slot442,2,Blue,goal,Nexto,3288,27.4,5,8,Rival,0,0,10,6,0,0,0,0,0,0,0,0
plus_180,443,side0-layout3-slot443,3,Blue,goal,Nexto,1000,8.333333333333334,2,3,Rival,0,0,5,2,0,0,0,0,0,0,0,0
plus_180,444,side0-layout4-slot444,4,Blue,goal,Nexto,1688,14.066666666666666,3,4,Rival,0,0,8,5,0,0,0,0,0,0,0,0
plus_180,445,side0-layout0-slot445,0,Blue,goal,Nexto,2628,21.9,5,9,Rival,0,0,12,4,0,0,0,0,0,0,0,0
plus_180,446,side0-layout1-slot446,1,Blue,goal,Nexto,2068,17.233333333333334,2,7,Rival,0,0,9,4,0,0,0,0,0,0,0,0
plus_180,447,side0-layout2-slot447,2,Blue,goal,Nexto,3288,27.4,5,8,Rival,0,0,10,6,0,0,0,0,0,0,0,0
plus_180,448,side0-layout3-slot448,3,Blue,goal,Nexto,1000,8.333333333333334,2,3,Rival,0,0,5,2,0,0,0,0,0,0,0,0
plus_180,449,side0-layout4-slot449,4,Blue,goal,Nexto,1688,14.066666666666666,3,4,Rival,0,0,8,5,0,0,0,0,0,0,0,0
plus_180,450,side0-layout0-slot450,0,Blue,goal,Nexto,2628,21.9,5,9,Rival,0,0,12,4,0,0,0,0,0,0,0,0
plus_180,451,side0-layout1-slot451,1,Blue,goal,Nexto,2068,17.233333333333334,2,7,Rival,0,0,9,4,0,0,0,0,0,0,0,0
plus_180,452,side0-layout2-slot452,2,Blue,goal,Nexto,3288,27.4,5,8,Rival,0,0,10,6,0,0,0,0,0,0,0,0
plus_180,453,side0-layout3-slot453,3,Blue,goal,Nexto,1000,8.333333333333334,2,3,Rival,0,0,5,2,0,0,0,0,0,0,0,0
plus_180,454,side0-layout4-slot454,4,Blue,goal,Nexto,1688,14.066666666666666,3,4,Rival,0,0,8,5,0,0,0,0,0,0,0,0
plus_180,455,side0-layout0-slot455,0,Blue,goal,Nexto,2008,16.733333333333334,2,11,Rival,0,0,10,3,0,0,0,0,0,0,0,0
plus_180,456,side0-layout1-slot456,1,Blue,goal,Nexto,2068,17.233333333333334,2,7,Rival,0,0,9,4,0,0,0,0,0,0,0,0
plus_180,457,side0-layout2-slot457,2,Blue,goal,Nexto,3288,27.4,5,8,Rival,0,0,10,6,0,0,0,0,0,0,0,0
plus_180,458,side0-layout3-slot458,3,Blue,goal,Nexto,1000,8.333333333333334,2,3,Rival,0,0,5,2,0,0,0,0,0,0,0,0
plus_180,459,side0-layout4-slot459,4,Blue,goal,Nexto,1688,14.066666666666666,3,4,Rival,0,0,8,5,0,0,0,0,0,0,0,0
plus_180,460,side0-layout0-slot460,0,Blue,goal,Nexto,2008,16.733333333333334,2,11,Rival,0,0,10,3,0,0,0,0,0,0,0,0
plus_180,461,side0-layout1-slot461,1,Blue,goal,Nexto,2068,17.233333333333334,2,7,Rival,0,0,9,4,0,0,0,0,0,0,0,0
plus_180,462,side0-layout2-slot462,2,Blue,goal,Nexto,3288,27.4,5,8,Rival,0,0,10,6,0,0,0,0,0,0,0,0
plus_180,463,side0-layout3-slot463,3,Blue,goal,Nexto,1000,8.333333333333334,2,3,Rival,0,0,5,2,0,0,0,0,0,0,0,0
plus_180,464,side0-layout4-slot464,4,Blue,goal,Nexto,1688,14.066666666666666,3,4,Rival,0,0,8,5,0,0,0,0,0,0,0,0
plus_180,465,side0-layout0-slot465,0,Blue,goal,Nexto,2628,21.9,5,9,Rival,0,0,12,4,0,0,0,0,0,0,0,0
plus_180,466,side0-layout1-slot466,1,Blue,goal,Nexto,2068,17.233333333333334,2,7,Rival,0,0,9,4,0,0,0,0,0,0,0,0
plus_180,467,side0-layout2-slot467,2,Blue,goal,Nexto,3288,27.4,5,8,Rival,0,0,10,6,0,0,0,0,0,0,0,0
plus_180,468,side0-layout3-slot468,3,Blue,goal,Nexto,1000,8.333333333333334,2,3,Rival,0,0,5,2,0,0,0,0,0,0,0,0
plus_180,469,side0-layout4-slot469,4,Blue,goal,Nexto,1688,14.066666666666666,3,4,Rival,0,0,8,5,0,0,0,0,0,0,0,0
plus_180,470,side0-layout0-slot470,0,Blue,goal,Nexto,2008,16.733333333333334,2,11,Rival,0,0,10,3,0,0,0,0,0,0,0,0
plus_180,471,side0-layout1-slot471,1,Blue,goal,Nexto,2068,17.233333333333334,2,7,Rival,0,0,9,4,0,0,0,0,0,0,0,0
plus_180,472,side0-layout2-slot472,2,Blue,goal,Nexto,3288,27.4,5,8,Rival,0,0,10,6,0,0,0,0,0,0,0,0
plus_180,473,side0-layout3-slot473,3,Blue,goal,Nexto,1000,8.333333333333334,2,3,Rival,0,0,5,2,0,0,0,0,0,0,0,0
plus_180,474,side0-layout4-slot474,4,Blue,goal,Nexto,1688,14.066666666666666,3,4,Rival,0,0,8,5,0,0,0,0,0,0,0,0
plus_180,475,side0-layout0-slot475,0,Blue,goal,Nexto,2628,21.9,5,9,Rival,0,0,12,4,0,0,0,0,0,0,0,0
plus_180,476,side0-layout1-slot476,1,Blue,goal,Nexto,2068,17.233333333333334,2,7,Rival,0,0,9,4,0,0,0,0,0,0,0,0
plus_180,477,side0-layout2-slot477,2,Blue,goal,Nexto,3288,27.4,5,8,Rival,0,0,10,6,0,0,0,0,0,0,0,0
plus_180,478,side0-layout3-slot478,3,Blue,goal,Nexto,1000,8.333333333333334,2,3,Rival,0,0,5,2,0,0,0,0,0,0,0,0
plus_180,479,side0-layout4-slot479,4,Blue,goal,Nexto,1688,14.066666666666666,3,4,Rival,0,0,8,5,0,0,0,0,0,0,0,0
plus_180,480,side0-layout0-slot480,0,Blue,goal,Nexto,2628,21.9,5,9,Rival,0,0,12,4,0,0,0,0,0,0,0,0
plus_180,481,side0-layout1-slot481,1,Blue,goal,Nexto,2068,17.233333333333334,2,7,Rival,0,0,9,4,0,0,0,0,0,0,0,0
plus_180,482,side0-layout2-slot482,2,Blue,goal,Nexto,3288,27.4,5,8,Rival,0,0,10,6,0,0,0,0,0,0,0,0
plus_180,483,side0-layout3-slot483,3,Blue,goal,Nexto,1000,8.333333333333334,2,3,Rival,0,0,5,2,0,0,0,0,0,0,0,0
plus_180,484,side0-layout4-slot484,4,Blue,goal,Nexto,1688,14.066666666666666,3,4,Rival,0,0,8,5,0,0,0,0,0,0,0,0
plus_180,485,side0-layout0-slot485,0,Blue,goal,Nexto,2008,16.733333333333334,2,11,Rival,0,0,10,3,0,0,0,0,0,0,0,0
plus_180,486,side0-layout1-slot486,1,Blue,goal,Nexto,2068,17.233333333333334,2,7,Rival,0,0,9,4,0,0,0,0,0,0,0,0
plus_180,487,side0-layout2-slot487,2,Blue,goal,Nexto,3288,27.4,5,8,Rival,0,0,10,6,0,0,0,0,0,0,0,0
plus_180,488,side0-layout3-slot488,3,Blue,goal,Nexto,1000,8.333333333333334,2,3,Rival,0,0,5,2,0,0,0,0,0,0,0,0
plus_180,489,side0-layout4-slot489,4,Blue,goal,Nexto,1688,14.066666666666666,3,4,Rival,0,0,8,5,0,0,0,0,0,0,0,0
plus_180,490,side0-layout0-slot490,0,Blue,goal,Nexto,2628,21.9,5,9,Rival,0,0,12,4,0,0,0,0,0,0,0,0
plus_180,491,side0-layout1-slot491,1,Blue,goal,Nexto,2068,17.233333333333334,2,7,Rival,0,0,9,4,0,0,0,0,0,0,0,0
plus_180,492,side0-layout2-slot492,2,Blue,goal,Nexto,3288,27.4,5,8,Rival,0,0,10,6,0,0,0,0,0,0,0,0
plus_180,493,side0-layout3-slot493,3,Blue,goal,Nexto,1000,8.333333333333334,2,3,Rival,0,0,5,2,0,0,0,0,0,0,0,0
plus_180,494,side0-layout4-slot494,4,Blue,goal,Nexto,1688,14.066666666666666,3,4,Rival,0,0,8,5,0,0,0,0,0,0,0,0
plus_180,495,side0-layout0-slot495,0,Blue,goal,Nexto,2628,21.9,5,9,Rival,0,0,12,4,0,0,0,0,0,0,0,0
plus_180,496,side0-layout1-slot496,1,Blue,goal,Nexto,2068,17.233333333333334,2,7,Rival,0,0,9,4,0,0,0,0,0,0,0,0
plus_180,497,side0-layout2-slot497,2,Blue,goal,Nexto,3288,27.4,5,8,Rival,0,0,10,6,0,0,0,0,0,0,0,0
plus_180,498,side0-layout3-slot498,3,Blue,goal,Nexto,1000,8.333333333333334,2,3,Rival,0,0,5,2,0,0,0,0,0,0,0,0
plus_180,499,side0-layout4-slot499,4,Blue,goal,Nexto,1688,14.066666666666666,3,4,Rival,0,0,8,5,0,0,0,0,0,0,0,0
plus_180,500,side0-layout0-slot500,0,Blue,goal,Nexto,2628,21.9,5,9,Rival,0,0,12,4,0,0,0,0,0,0,0,0
plus_180,501,side0-layout1-slot501,1,Blue,goal,Nexto,2068,17.233333333333334,2,7,Rival,0,0,9,4,0,0,0,0,0,0,0,0
plus_180,502,side0-layout2-slot502,2,Blue,goal,Nexto,3288,27.4,5,8,Rival,0,0,10,6,0,0,0,0,0,0,0,0
plus_180,503,side0-layout3-slot503,3,Blue,goal,Nexto,1000,8.333333333333334,2,3,Rival,0,0,5,2,0,0,0,0,0,0,0,0
plus_180,504,side0-layout4-slot504,4,Blue,goal,Nexto,1688,14.066666666666666,3,4,Rival,0,0,8,5,0,0,0,0,0,0,0,0
plus_180,505,side0-layout0-slot505,0,Blue,goal,Nexto,2008,16.733333333333334,2,11,Rival,0,0,10,3,0,0,0,0,0,0,0,0
plus_180,506,side0-layout1-slot506,1,Blue,goal,Nexto,2068,17.233333333333334,2,7,Rival,0,0,9,4,0,0,0,0,0,0,0,0
plus_180,507,side0-layout2-slot507,2,Blue,goal,Nexto,3288,27.4,5,8,Rival,0,0,10,6,0,0,0,0,0,0,0,0
plus_180,508,side0-layout3-slot508,3,Blue,goal,Nexto,1000,8.333333333333334,2,3,Rival,0,0,5,2,0,0,0,0,0,0,0,0
plus_180,509,side0-layout4-slot509,4,Blue,goal,Nexto,1688,14.066666666666666,3,4,Rival,0,0,8,5,0,0,0,0,0,0,0,0
plus_180,510,side0-layout0-slot510,0,Blue,goal,Nexto,2628,21.9,5,9,Rival,0,0,12,4,0,0,0,0,0,0,0,0
plus_180,511,side0-layout1-slot511,1,Blue,goal,Nexto,2068,17.233333333333334,2,7,Rival,0,0,9,4,0,0,0,0,0,0,0,0
plus_180,512,side1-layout0-slot0,0,Orange,goal,Nexto,2852,23.766666666666666,2,10,Rival,0,0,12,7,1,0,1,0,0,0,0,0
plus_180,513,side1-layout1-slot1,1,Orange,goal,Nexto,2080,17.333333333333332,2,7,Rival,0,0,8,4,0,0,0,0,0,0,0,0
plus_180,514,side1-layout2-slot2,2,Orange,goal,Nexto,2032,16.933333333333334,2,4,Rival,0,0,5,5,0,0,0,0,0,0,0,0
plus_180,515,side1-layout3-slot3,3,Orange,goal,Nexto,1376,11.466666666666667,2,6,Rival,0,0,7,2,0,0,0,0,0,0,0,0
plus_180,516,side1-layout4-slot4,4,Orange,goal,Nexto,3964,33.03333333333333,4,32,Rival,0,0,13,8,0,0,0,0,0,0,0,0
plus_180,517,side1-layout0-slot5,0,Orange,goal,Nexto,2852,23.766666666666666,2,10,Rival,0,0,12,7,1,0,1,0,0,0,0,0
plus_180,518,side1-layout1-slot6,1,Orange,goal,Nexto,2080,17.333333333333332,2,7,Rival,0,0,8,4,0,0,0,0,0,0,0,0
plus_180,519,side1-layout2-slot7,2,Orange,goal,Nexto,2032,16.933333333333334,2,4,Rival,0,0,5,5,0,0,0,0,0,0,0,0
plus_180,520,side1-layout3-slot8,3,Orange,goal,Nexto,1376,11.466666666666667,2,6,Rival,0,0,7,2,0,0,0,0,0,0,0,0
plus_180,521,side1-layout4-slot9,4,Orange,goal,Nexto,3964,33.03333333333333,4,32,Rival,0,0,13,8,0,0,0,0,0,0,0,0
plus_180,522,side1-layout0-slot10,0,Orange,goal,Nexto,2852,23.766666666666666,2,10,Rival,0,0,12,7,1,0,1,0,0,0,0,0
plus_180,523,side1-layout1-slot11,1,Orange,goal,Nexto,2080,17.333333333333332,2,7,Rival,0,0,8,4,0,0,0,0,0,0,0,0
plus_180,524,side1-layout2-slot12,2,Orange,goal,Nexto,2032,16.933333333333334,2,4,Rival,0,0,5,5,0,0,0,0,0,0,0,0
plus_180,525,side1-layout3-slot13,3,Orange,goal,Nexto,1376,11.466666666666667,2,6,Rival,0,0,7,2,0,0,0,0,0,0,0,0
plus_180,526,side1-layout4-slot14,4,Orange,goal,Nexto,3964,33.03333333333333,4,32,Rival,0,0,13,8,0,0,0,0,0,0,0,0
plus_180,527,side1-layout0-slot15,0,Orange,goal,Nexto,2852,23.766666666666666,2,10,Rival,0,0,12,7,1,0,1,0,0,0,0,0
plus_180,528,side1-layout1-slot16,1,Orange,goal,Nexto,2080,17.333333333333332,2,7,Rival,0,0,8,4,0,0,0,0,0,0,0,0
plus_180,529,side1-layout2-slot17,2,Orange,goal,Nexto,2032,16.933333333333334,2,4,Rival,0,0,5,5,0,0,0,0,0,0,0,0
plus_180,530,side1-layout3-slot18,3,Orange,goal,Nexto,1376,11.466666666666667,2,6,Rival,0,0,7,2,0,0,0,0,0,0,0,0
plus_180,531,side1-layout4-slot19,4,Orange,goal,Nexto,3964,33.03333333333333,4,32,Rival,0,0,13,8,0,0,0,0,0,0,0,0
plus_180,532,side1-layout0-slot20,0,Orange,goal,Nexto,2852,23.766666666666666,2,10,Rival,0,0,12,7,1,0,1,0,0,0,0,0
plus_180,533,side1-layout1-slot21,1,Orange,goal,Nexto,2080,17.333333333333332,2,7,Rival,0,0,8,4,0,0,0,0,0,0,0,0
plus_180,534,side1-layout2-slot22,2,Orange,goal,Nexto,2032,16.933333333333334,2,4,Rival,0,0,5,5,0,0,0,0,0,0,0,0
plus_180,535,side1-layout3-slot23,3,Orange,goal,Nexto,1376,11.466666666666667,2,6,Rival,0,0,7,2,0,0,0,0,0,0,0,0
plus_180,536,side1-layout4-slot24,4,Orange,goal,Nexto,3964,33.03333333333333,4,32,Rival,0,0,13,8,0,0,0,0,0,0,0,0
plus_180,537,side1-layout0-slot25,0,Orange,goal,Nexto,2852,23.766666666666666,2,10,Rival,0,0,12,7,1,0,1,0,0,0,0,0
plus_180,538,side1-layout1-slot26,1,Orange,goal,Nexto,2080,17.333333333333332,2,7,Rival,0,0,8,4,0,0,0,0,0,0,0,0
plus_180,539,side1-layout2-slot27,2,Orange,goal,Nexto,2032,16.933333333333334,2,4,Rival,0,0,5,5,0,0,0,0,0,0,0,0
plus_180,540,side1-layout3-slot28,3,Orange,goal,Nexto,1376,11.466666666666667,2,6,Rival,0,0,7,2,0,0,0,0,0,0,0,0
plus_180,541,side1-layout4-slot29,4,Orange,goal,Nexto,3964,33.03333333333333,4,32,Rival,0,0,13,8,0,0,0,0,0,0,0,0
plus_180,542,side1-layout0-slot30,0,Orange,goal,Nexto,2852,23.766666666666666,2,10,Rival,0,0,12,7,1,0,1,0,0,0,0,0
plus_180,543,side1-layout1-slot31,1,Orange,goal,Nexto,2080,17.333333333333332,2,7,Rival,0,0,8,4,0,0,0,0,0,0,0,0
plus_180,544,side1-layout2-slot32,2,Orange,goal,Nexto,2032,16.933333333333334,2,4,Rival,0,0,5,5,0,0,0,0,0,0,0,0
plus_180,545,side1-layout3-slot33,3,Orange,goal,Nexto,1376,11.466666666666667,2,6,Rival,0,0,7,2,0,0,0,0,0,0,0,0
plus_180,546,side1-layout4-slot34,4,Orange,goal,Nexto,3964,33.03333333333333,4,32,Rival,0,0,13,8,0,0,0,0,0,0,0,0
plus_180,547,side1-layout0-slot35,0,Orange,goal,Nexto,2852,23.766666666666666,2,10,Rival,0,0,12,7,1,0,1,0,0,0,0,0
plus_180,548,side1-layout1-slot36,1,Orange,goal,Nexto,2080,17.333333333333332,2,7,Rival,0,0,8,4,0,0,0,0,0,0,0,0
plus_180,549,side1-layout2-slot37,2,Orange,goal,Nexto,2032,16.933333333333334,2,4,Rival,0,0,5,5,0,0,0,0,0,0,0,0
plus_180,550,side1-layout3-slot38,3,Orange,goal,Nexto,1376,11.466666666666667,2,6,Rival,0,0,7,2,0,0,0,0,0,0,0,0
plus_180,551,side1-layout4-slot39,4,Orange,goal,Nexto,3964,33.03333333333333,4,32,Rival,0,0,13,8,0,0,0,0,0,0,0,0
plus_180,552,side1-layout0-slot40,0,Orange,goal,Nexto,2852,23.766666666666666,2,10,Rival,0,0,12,7,1,0,1,0,0,0,0,0
plus_180,553,side1-layout1-slot41,1,Orange,goal,Nexto,2080,17.333333333333332,2,7,Rival,0,0,8,4,0,0,0,0,0,0,0,0
plus_180,554,side1-layout2-slot42,2,Orange,goal,Nexto,2032,16.933333333333334,2,4,Rival,0,0,5,5,0,0,0,0,0,0,0,0
plus_180,555,side1-layout3-slot43,3,Orange,goal,Nexto,1376,11.466666666666667,2,6,Rival,0,0,7,2,0,0,0,0,0,0,0,0
plus_180,556,side1-layout4-slot44,4,Orange,goal,Nexto,3964,33.03333333333333,4,32,Rival,0,0,13,8,0,0,0,0,0,0,0,0
plus_180,557,side1-layout0-slot45,0,Orange,goal,Nexto,2852,23.766666666666666,2,10,Rival,0,0,12,7,1,0,1,0,0,0,0,0
plus_180,558,side1-layout1-slot46,1,Orange,goal,Nexto,2080,17.333333333333332,2,7,Rival,0,0,8,4,0,0,0,0,0,0,0,0
plus_180,559,side1-layout2-slot47,2,Orange,goal,Nexto,2032,16.933333333333334,2,4,Rival,0,0,5,5,0,0,0,0,0,0,0,0
plus_180,560,side1-layout3-slot48,3,Orange,goal,Nexto,1376,11.466666666666667,2,6,Rival,0,0,7,2,0,0,0,0,0,0,0,0
plus_180,561,side1-layout4-slot49,4,Orange,goal,Nexto,3964,33.03333333333333,4,32,Rival,0,0,13,8,0,0,0,0,0,0,0,0
plus_180,562,side1-layout0-slot50,0,Orange,goal,Nexto,2852,23.766666666666666,2,10,Rival,0,0,12,7,1,0,1,0,0,0,0,0
plus_180,563,side1-layout1-slot51,1,Orange,goal,Nexto,2080,17.333333333333332,2,7,Rival,0,0,8,4,0,0,0,0,0,0,0,0
plus_180,564,side1-layout2-slot52,2,Orange,goal,Nexto,2032,16.933333333333334,2,4,Rival,0,0,5,5,0,0,0,0,0,0,0,0
plus_180,565,side1-layout3-slot53,3,Orange,goal,Nexto,1376,11.466666666666667,2,6,Rival,0,0,7,2,0,0,0,0,0,0,0,0
plus_180,566,side1-layout4-slot54,4,Orange,goal,Nexto,3964,33.03333333333333,4,32,Rival,0,0,13,8,0,0,0,0,0,0,0,0
plus_180,567,side1-layout0-slot55,0,Orange,goal,Nexto,2852,23.766666666666666,2,10,Rival,0,0,12,7,1,0,1,0,0,0,0,0
plus_180,568,side1-layout1-slot56,1,Orange,goal,Nexto,2080,17.333333333333332,2,7,Rival,0,0,8,4,0,0,0,0,0,0,0,0
plus_180,569,side1-layout2-slot57,2,Orange,goal,Nexto,2032,16.933333333333334,2,4,Rival,0,0,5,5,0,0,0,0,0,0,0,0
plus_180,570,side1-layout3-slot58,3,Orange,goal,Nexto,1376,11.466666666666667,2,6,Rival,0,0,7,2,0,0,0,0,0,0,0,0
plus_180,571,side1-layout4-slot59,4,Orange,goal,Nexto,3964,33.03333333333333,4,32,Rival,0,0,13,8,0,0,0,0,0,0,0,0
plus_180,572,side1-layout0-slot60,0,Orange,goal,Nexto,2852,23.766666666666666,2,10,Rival,0,0,12,7,1,0,1,0,0,0,0,0
plus_180,573,side1-layout1-slot61,1,Orange,goal,Nexto,2080,17.333333333333332,2,7,Rival,0,0,8,4,0,0,0,0,0,0,0,0
plus_180,574,side1-layout2-slot62,2,Orange,goal,Nexto,2032,16.933333333333334,2,4,Rival,0,0,5,5,0,0,0,0,0,0,0,0
plus_180,575,side1-layout3-slot63,3,Orange,goal,Nexto,1376,11.466666666666667,2,6,Rival,0,0,7,2,0,0,0,0,0,0,0,0
plus_180,576,side1-layout4-slot64,4,Orange,goal,Nexto,3964,33.03333333333333,4,32,Rival,0,0,13,8,0,0,0,0,0,0,0,0
plus_180,577,side1-layout0-slot65,0,Orange,goal,Nexto,2852,23.766666666666666,2,10,Rival,0,0,12,7,1,0,1,0,0,0,0,0
plus_180,578,side1-layout1-slot66,1,Orange,goal,Nexto,2080,17.333333333333332,2,7,Rival,0,0,8,4,0,0,0,0,0,0,0,0
plus_180,579,side1-layout2-slot67,2,Orange,goal,Nexto,2032,16.933333333333334,2,4,Rival,0,0,5,5,0,0,0,0,0,0,0,0
plus_180,580,side1-layout3-slot68,3,Orange,goal,Nexto,1376,11.466666666666667,2,6,Rival,0,0,7,2,0,0,0,0,0,0,0,0
plus_180,581,side1-layout4-slot69,4,Orange,goal,Nexto,3964,33.03333333333333,4,32,Rival,0,0,13,8,0,0,0,0,0,0,0,0
plus_180,582,side1-layout0-slot70,0,Orange,goal,Nexto,2852,23.766666666666666,2,10,Rival,0,0,12,7,1,0,1,0,0,0,0,0
plus_180,583,side1-layout1-slot71,1,Orange,goal,Nexto,2080,17.333333333333332,2,7,Rival,0,0,8,4,0,0,0,0,0,0,0,0
plus_180,584,side1-layout2-slot72,2,Orange,goal,Nexto,2032,16.933333333333334,2,4,Rival,0,0,5,5,0,0,0,0,0,0,0,0
plus_180,585,side1-layout3-slot73,3,Orange,goal,Nexto,1376,11.466666666666667,2,6,Rival,0,0,7,2,0,0,0,0,0,0,0,0
plus_180,586,side1-layout4-slot74,4,Orange,goal,Nexto,3964,33.03333333333333,4,32,Rival,0,0,13,8,0,0,0,0,0,0,0,0
plus_180,587,side1-layout0-slot75,0,Orange,goal,Nexto,2852,23.766666666666666,2,10,Rival,0,0,12,7,1,0,1,0,0,0,0,0
plus_180,588,side1-layout1-slot76,1,Orange,goal,Nexto,2080,17.333333333333332,2,7,Rival,0,0,8,4,0,0,0,0,0,0,0,0
plus_180,589,side1-layout2-slot77,2,Orange,goal,Nexto,2032,16.933333333333334,2,4,Rival,0,0,5,5,0,0,0,0,0,0,0,0
plus_180,590,side1-layout3-slot78,3,Orange,goal,Nexto,1376,11.466666666666667,2,6,Rival,0,0,7,2,0,0,0,0,0,0,0,0
plus_180,591,side1-layout4-slot79,4,Orange,goal,Nexto,3964,33.03333333333333,4,32,Rival,0,0,13,8,0,0,0,0,0,0,0,0
plus_180,592,side1-layout0-slot80,0,Orange,goal,Nexto,2852,23.766666666666666,2,10,Rival,0,0,12,7,1,0,1,0,0,0,0,0
plus_180,593,side1-layout1-slot81,1,Orange,goal,Nexto,2080,17.333333333333332,2,7,Rival,0,0,8,4,0,0,0,0,0,0,0,0
plus_180,594,side1-layout2-slot82,2,Orange,goal,Nexto,2032,16.933333333333334,2,4,Rival,0,0,5,5,0,0,0,0,0,0,0,0
plus_180,595,side1-layout3-slot83,3,Orange,goal,Nexto,1376,11.466666666666667,2,6,Rival,0,0,7,2,0,0,0,0,0,0,0,0
plus_180,596,side1-layout4-slot84,4,Orange,goal,Nexto,3964,33.03333333333333,4,32,Rival,0,0,13,8,0,0,0,0,0,0,0,0
plus_180,597,side1-layout0-slot85,0,Orange,goal,Nexto,2852,23.766666666666666,2,10,Rival,0,0,12,7,1,0,1,0,0,0,0,0
plus_180,598,side1-layout1-slot86,1,Orange,goal,Nexto,2080,17.333333333333332,2,7,Rival,0,0,8,4,0,0,0,0,0,0,0,0
plus_180,599,side1-layout2-slot87,2,Orange,goal,Nexto,2032,16.933333333333334,2,4,Rival,0,0,5,5,0,0,0,0,0,0,0,0
plus_180,600,side1-layout3-slot88,3,Orange,goal,Nexto,1376,11.466666666666667,2,6,Rival,0,0,7,2,0,0,0,0,0,0,0,0
plus_180,601,side1-layout4-slot89,4,Orange,goal,Nexto,3964,33.03333333333333,4,32,Rival,0,0,13,8,0,0,0,0,0,0,0,0
plus_180,602,side1-layout0-slot90,0,Orange,goal,Nexto,2852,23.766666666666666,2,10,Rival,0,0,12,7,1,0,1,0,0,0,0,0
plus_180,603,side1-layout1-slot91,1,Orange,goal,Nexto,2080,17.333333333333332,2,7,Rival,0,0,8,4,0,0,0,0,0,0,0,0
plus_180,604,side1-layout2-slot92,2,Orange,goal,Nexto,2032,16.933333333333334,2,4,Rival,0,0,5,5,0,0,0,0,0,0,0,0
plus_180,605,side1-layout3-slot93,3,Orange,goal,Nexto,1376,11.466666666666667,2,6,Rival,0,0,7,2,0,0,0,0,0,0,0,0
plus_180,606,side1-layout4-slot94,4,Orange,goal,Nexto,3964,33.03333333333333,4,32,Rival,0,0,13,8,0,0,0,0,0,0,0,0
plus_180,607,side1-layout0-slot95,0,Orange,goal,Nexto,2852,23.766666666666666,2,10,Rival,0,0,12,7,1,0,1,0,0,0,0,0
plus_180,608,side1-layout1-slot96,1,Orange,goal,Nexto,2080,17.333333333333332,2,7,Rival,0,0,8,4,0,0,0,0,0,0,0,0
plus_180,609,side1-layout2-slot97,2,Orange,goal,Nexto,2032,16.933333333333334,2,4,Rival,0,0,5,5,0,0,0,0,0,0,0,0
plus_180,610,side1-layout3-slot98,3,Orange,goal,Nexto,1376,11.466666666666667,2,6,Rival,0,0,7,2,0,0,0,0,0,0,0,0
plus_180,611,side1-layout4-slot99,4,Orange,goal,Nexto,3964,33.03333333333333,4,32,Rival,0,0,13,8,0,0,0,0,0,0,0,0
plus_180,612,side1-layout0-slot100,0,Orange,goal,Nexto,2852,23.766666666666666,2,10,Rival,0,0,12,7,1,0,1,0,0,0,0,0
plus_180,613,side1-layout1-slot101,1,Orange,goal,Nexto,2080,17.333333333333332,2,7,Rival,0,0,8,4,0,0,0,0,0,0,0,0
plus_180,614,side1-layout2-slot102,2,Orange,goal,Nexto,2032,16.933333333333334,2,4,Rival,0,0,5,5,0,0,0,0,0,0,0,0
plus_180,615,side1-layout3-slot103,3,Orange,goal,Nexto,1376,11.466666666666667,2,6,Rival,0,0,7,2,0,0,0,0,0,0,0,0
plus_180,616,side1-layout4-slot104,4,Orange,goal,Nexto,3964,33.03333333333333,4,32,Rival,0,0,13,8,0,0,0,0,0,0,0,0
plus_180,617,side1-layout0-slot105,0,Orange,goal,Nexto,2852,23.766666666666666,2,10,Rival,0,0,12,7,1,0,1,0,0,0,0,0
plus_180,618,side1-layout1-slot106,1,Orange,goal,Nexto,2080,17.333333333333332,2,7,Rival,0,0,8,4,0,0,0,0,0,0,0,0
plus_180,619,side1-layout2-slot107,2,Orange,goal,Nexto,2032,16.933333333333334,2,4,Rival,0,0,5,5,0,0,0,0,0,0,0,0
plus_180,620,side1-layout3-slot108,3,Orange,goal,Nexto,1376,11.466666666666667,2,6,Rival,0,0,7,2,0,0,0,0,0,0,0,0
plus_180,621,side1-layout4-slot109,4,Orange,goal,Nexto,3964,33.03333333333333,4,32,Rival,0,0,13,8,0,0,0,0,0,0,0,0
plus_180,622,side1-layout0-slot110,0,Orange,goal,Nexto,2852,23.766666666666666,2,10,Rival,0,0,12,7,1,0,1,0,0,0,0,0
plus_180,623,side1-layout1-slot111,1,Orange,goal,Nexto,2080,17.333333333333332,2,7,Rival,0,0,8,4,0,0,0,0,0,0,0,0
plus_180,624,side1-layout2-slot112,2,Orange,goal,Nexto,2032,16.933333333333334,2,4,Rival,0,0,5,5,0,0,0,0,0,0,0,0
plus_180,625,side1-layout3-slot113,3,Orange,goal,Nexto,1376,11.466666666666667,2,6,Rival,0,0,7,2,0,0,0,0,0,0,0,0
plus_180,626,side1-layout4-slot114,4,Orange,goal,Nexto,3964,33.03333333333333,4,32,Rival,0,0,13,8,0,0,0,0,0,0,0,0
plus_180,627,side1-layout0-slot115,0,Orange,goal,Nexto,2852,23.766666666666666,2,10,Rival,0,0,12,7,1,0,1,0,0,0,0,0
plus_180,628,side1-layout1-slot116,1,Orange,goal,Nexto,2080,17.333333333333332,2,7,Rival,0,0,8,4,0,0,0,0,0,0,0,0
plus_180,629,side1-layout2-slot117,2,Orange,goal,Nexto,2032,16.933333333333334,2,4,Rival,0,0,5,5,0,0,0,0,0,0,0,0
plus_180,630,side1-layout3-slot118,3,Orange,goal,Nexto,1376,11.466666666666667,2,6,Rival,0,0,7,2,0,0,0,0,0,0,0,0
plus_180,631,side1-layout4-slot119,4,Orange,goal,Nexto,3964,33.03333333333333,4,32,Rival,0,0,13,8,0,0,0,0,0,0,0,0
plus_180,632,side1-layout0-slot120,0,Orange,goal,Nexto,2852,23.766666666666666,2,10,Rival,0,0,12,7,1,0,1,0,0,0,0,0
plus_180,633,side1-layout1-slot121,1,Orange,goal,Nexto,2080,17.333333333333332,2,7,Rival,0,0,8,4,0,0,0,0,0,0,0,0
plus_180,634,side1-layout2-slot122,2,Orange,goal,Nexto,2032,16.933333333333334,2,4,Rival,0,0,5,5,0,0,0,0,0,0,0,0
plus_180,635,side1-layout3-slot123,3,Orange,goal,Nexto,1376,11.466666666666667,2,6,Rival,0,0,7,2,0,0,0,0,0,0,0,0
plus_180,636,side1-layout4-slot124,4,Orange,goal,Nexto,3964,33.03333333333333,4,32,Rival,0,0,13,8,0,0,0,0,0,0,0,0
plus_180,637,side1-layout0-slot125,0,Orange,goal,Nexto,2852,23.766666666666666,2,10,Rival,0,0,12,7,1,0,1,0,0,0,0,0
plus_180,638,side1-layout1-slot126,1,Orange,goal,Nexto,2080,17.333333333333332,2,7,Rival,0,0,8,4,0,0,0,0,0,0,0,0
plus_180,639,side1-layout2-slot127,2,Orange,goal,Nexto,2032,16.933333333333334,2,4,Rival,0,0,5,5,0,0,0,0,0,0,0,0
plus_180,640,side1-layout3-slot128,3,Orange,goal,Nexto,1376,11.466666666666667,2,6,Rival,0,0,7,2,0,0,0,0,0,0,0,0
plus_180,641,side1-layout4-slot129,4,Orange,goal,Nexto,3964,33.03333333333333,4,32,Rival,0,0,13,8,0,0,0,0,0,0,0,0
plus_180,642,side1-layout0-slot130,0,Orange,goal,Nexto,2852,23.766666666666666,2,10,Rival,0,0,12,7,1,0,1,0,0,0,0,0
plus_180,643,side1-layout1-slot131,1,Orange,goal,Nexto,2080,17.333333333333332,2,7,Rival,0,0,8,4,0,0,0,0,0,0,0,0
plus_180,644,side1-layout2-slot132,2,Orange,goal,Nexto,2032,16.933333333333334,2,4,Rival,0,0,5,5,0,0,0,0,0,0,0,0
plus_180,645,side1-layout3-slot133,3,Orange,goal,Nexto,1376,11.466666666666667,2,6,Rival,0,0,7,2,0,0,0,0,0,0,0,0
plus_180,646,side1-layout4-slot134,4,Orange,goal,Nexto,3964,33.03333333333333,4,32,Rival,0,0,13,8,0,0,0,0,0,0,0,0
plus_180,647,side1-layout0-slot135,0,Orange,goal,Nexto,2852,23.766666666666666,2,10,Rival,0,0,12,7,1,0,1,0,0,0,0,0
plus_180,648,side1-layout1-slot136,1,Orange,goal,Nexto,2080,17.333333333333332,2,7,Rival,0,0,8,4,0,0,0,0,0,0,0,0
plus_180,649,side1-layout2-slot137,2,Orange,goal,Nexto,2032,16.933333333333334,2,4,Rival,0,0,5,5,0,0,0,0,0,0,0,0
plus_180,650,side1-layout3-slot138,3,Orange,goal,Nexto,1376,11.466666666666667,2,6,Rival,0,0,7,2,0,0,0,0,0,0,0,0
plus_180,651,side1-layout4-slot139,4,Orange,goal,Nexto,3964,33.03333333333333,4,32,Rival,0,0,13,8,0,0,0,0,0,0,0,0
plus_180,652,side1-layout0-slot140,0,Orange,goal,Nexto,2852,23.766666666666666,2,10,Rival,0,0,12,7,1,0,1,0,0,0,0,0
plus_180,653,side1-layout1-slot141,1,Orange,goal,Nexto,2080,17.333333333333332,2,7,Rival,0,0,8,4,0,0,0,0,0,0,0,0
plus_180,654,side1-layout2-slot142,2,Orange,goal,Nexto,2032,16.933333333333334,2,4,Rival,0,0,5,5,0,0,0,0,0,0,0,0
plus_180,655,side1-layout3-slot143,3,Orange,goal,Nexto,1376,11.466666666666667,2,6,Rival,0,0,7,2,0,0,0,0,0,0,0,0
plus_180,656,side1-layout4-slot144,4,Orange,goal,Nexto,3964,33.03333333333333,4,32,Rival,0,0,13,8,0,0,0,0,0,0,0,0
plus_180,657,side1-layout0-slot145,0,Orange,goal,Nexto,2852,23.766666666666666,2,10,Rival,0,0,12,7,1,0,1,0,0,0,0,0
plus_180,658,side1-layout1-slot146,1,Orange,goal,Nexto,2080,17.333333333333332,2,7,Rival,0,0,8,4,0,0,0,0,0,0,0,0
plus_180,659,side1-layout2-slot147,2,Orange,goal,Nexto,2032,16.933333333333334,2,4,Rival,0,0,5,5,0,0,0,0,0,0,0,0
plus_180,660,side1-layout3-slot148,3,Orange,goal,Nexto,1376,11.466666666666667,2,6,Rival,0,0,7,2,0,0,0,0,0,0,0,0
plus_180,661,side1-layout4-slot149,4,Orange,goal,Nexto,3964,33.03333333333333,4,32,Rival,0,0,13,8,0,0,0,0,0,0,0,0
plus_180,662,side1-layout0-slot150,0,Orange,goal,Nexto,2852,23.766666666666666,2,10,Rival,0,0,12,7,1,0,1,0,0,0,0,0
plus_180,663,side1-layout1-slot151,1,Orange,goal,Nexto,2080,17.333333333333332,2,7,Rival,0,0,8,4,0,0,0,0,0,0,0,0
plus_180,664,side1-layout2-slot152,2,Orange,goal,Nexto,2032,16.933333333333334,2,4,Rival,0,0,5,5,0,0,0,0,0,0,0,0
plus_180,665,side1-layout3-slot153,3,Orange,goal,Nexto,1376,11.466666666666667,2,6,Rival,0,0,7,2,0,0,0,0,0,0,0,0
plus_180,666,side1-layout4-slot154,4,Orange,goal,Nexto,3964,33.03333333333333,4,32,Rival,0,0,13,8,0,0,0,0,0,0,0,0
plus_180,667,side1-layout0-slot155,0,Orange,goal,Nexto,2852,23.766666666666666,2,10,Rival,0,0,12,7,1,0,1,0,0,0,0,0
plus_180,668,side1-layout1-slot156,1,Orange,goal,Nexto,2080,17.333333333333332,2,7,Rival,0,0,8,4,0,0,0,0,0,0,0,0
plus_180,669,side1-layout2-slot157,2,Orange,goal,Nexto,2032,16.933333333333334,2,4,Rival,0,0,5,5,0,0,0,0,0,0,0,0
plus_180,670,side1-layout3-slot158,3,Orange,goal,Nexto,1376,11.466666666666667,2,6,Rival,0,0,7,2,0,0,0,0,0,0,0,0
plus_180,671,side1-layout4-slot159,4,Orange,goal,Nexto,3964,33.03333333333333,4,32,Rival,0,0,13,8,0,0,0,0,0,0,0,0
plus_180,672,side1-layout0-slot160,0,Orange,goal,Nexto,2852,23.766666666666666,2,10,Rival,0,0,12,7,1,0,1,0,0,0,0,0
plus_180,673,side1-layout1-slot161,1,Orange,goal,Nexto,2080,17.333333333333332,2,7,Rival,0,0,8,4,0,0,0,0,0,0,0,0
plus_180,674,side1-layout2-slot162,2,Orange,goal,Nexto,2032,16.933333333333334,2,4,Rival,0,0,5,5,0,0,0,0,0,0,0,0
plus_180,675,side1-layout3-slot163,3,Orange,goal,Nexto,1376,11.466666666666667,2,6,Rival,0,0,7,2,0,0,0,0,0,0,0,0
plus_180,676,side1-layout4-slot164,4,Orange,goal,Nexto,3964,33.03333333333333,4,32,Rival,0,0,13,8,0,0,0,0,0,0,0,0
plus_180,677,side1-layout0-slot165,0,Orange,goal,Nexto,2852,23.766666666666666,2,10,Rival,0,0,12,7,1,0,1,0,0,0,0,0
plus_180,678,side1-layout1-slot166,1,Orange,goal,Nexto,2080,17.333333333333332,2,7,Rival,0,0,8,4,0,0,0,0,0,0,0,0
plus_180,679,side1-layout2-slot167,2,Orange,goal,Nexto,2032,16.933333333333334,2,4,Rival,0,0,5,5,0,0,0,0,0,0,0,0
plus_180,680,side1-layout3-slot168,3,Orange,goal,Nexto,1376,11.466666666666667,2,6,Rival,0,0,7,2,0,0,0,0,0,0,0,0
plus_180,681,side1-layout4-slot169,4,Orange,goal,Nexto,3964,33.03333333333333,4,32,Rival,0,0,13,8,0,0,0,0,0,0,0,0
plus_180,682,side1-layout0-slot170,0,Orange,goal,Nexto,2852,23.766666666666666,2,10,Rival,0,0,12,7,1,0,1,0,0,0,0,0
plus_180,683,side1-layout1-slot171,1,Orange,goal,Nexto,2080,17.333333333333332,2,7,Rival,0,0,8,4,0,0,0,0,0,0,0,0
plus_180,684,side1-layout2-slot172,2,Orange,goal,Nexto,2032,16.933333333333334,2,4,Rival,0,0,5,5,0,0,0,0,0,0,0,0
plus_180,685,side1-layout3-slot173,3,Orange,goal,Nexto,1376,11.466666666666667,2,6,Rival,0,0,7,2,0,0,0,0,0,0,0,0
plus_180,686,side1-layout4-slot174,4,Orange,goal,Nexto,3964,33.03333333333333,4,32,Rival,0,0,13,8,0,0,0,0,0,0,0,0
plus_180,687,side1-layout0-slot175,0,Orange,goal,Nexto,2852,23.766666666666666,2,10,Rival,0,0,12,7,1,0,1,0,0,0,0,0
plus_180,688,side1-layout1-slot176,1,Orange,goal,Nexto,2080,17.333333333333332,2,7,Rival,0,0,8,4,0,0,0,0,0,0,0,0
plus_180,689,side1-layout2-slot177,2,Orange,goal,Nexto,2032,16.933333333333334,2,4,Rival,0,0,5,5,0,0,0,0,0,0,0,0
plus_180,690,side1-layout3-slot178,3,Orange,goal,Nexto,1376,11.466666666666667,2,6,Rival,0,0,7,2,0,0,0,0,0,0,0,0
plus_180,691,side1-layout4-slot179,4,Orange,goal,Nexto,3964,33.03333333333333,4,32,Rival,0,0,13,8,0,0,0,0,0,0,0,0
plus_180,692,side1-layout0-slot180,0,Orange,goal,Nexto,2852,23.766666666666666,2,10,Rival,0,0,12,7,1,0,1,0,0,0,0,0
plus_180,693,side1-layout1-slot181,1,Orange,goal,Nexto,2080,17.333333333333332,2,7,Rival,0,0,8,4,0,0,0,0,0,0,0,0
plus_180,694,side1-layout2-slot182,2,Orange,goal,Nexto,2032,16.933333333333334,2,4,Rival,0,0,5,5,0,0,0,0,0,0,0,0
plus_180,695,side1-layout3-slot183,3,Orange,goal,Nexto,1376,11.466666666666667,2,6,Rival,0,0,7,2,0,0,0,0,0,0,0,0
plus_180,696,side1-layout4-slot184,4,Orange,goal,Nexto,3964,33.03333333333333,4,32,Rival,0,0,13,8,0,0,0,0,0,0,0,0
plus_180,697,side1-layout0-slot185,0,Orange,goal,Nexto,2852,23.766666666666666,2,10,Rival,0,0,12,7,1,0,1,0,0,0,0,0
plus_180,698,side1-layout1-slot186,1,Orange,goal,Nexto,2080,17.333333333333332,2,7,Rival,0,0,8,4,0,0,0,0,0,0,0,0
plus_180,699,side1-layout2-slot187,2,Orange,goal,Nexto,2032,16.933333333333334,2,4,Rival,0,0,5,5,0,0,0,0,0,0,0,0
plus_180,700,side1-layout3-slot188,3,Orange,goal,Nexto,1376,11.466666666666667,2,6,Rival,0,0,7,2,0,0,0,0,0,0,0,0
plus_180,701,side1-layout4-slot189,4,Orange,goal,Nexto,3964,33.03333333333333,4,32,Rival,0,0,13,8,0,0,0,0,0,0,0,0
plus_180,702,side1-layout0-slot190,0,Orange,goal,Nexto,2852,23.766666666666666,2,10,Rival,0,0,12,7,1,0,1,0,0,0,0,0
plus_180,703,side1-layout1-slot191,1,Orange,goal,Nexto,2080,17.333333333333332,2,7,Rival,0,0,8,4,0,0,0,0,0,0,0,0
plus_180,704,side1-layout2-slot192,2,Orange,goal,Nexto,2032,16.933333333333334,2,4,Rival,0,0,5,5,0,0,0,0,0,0,0,0
plus_180,705,side1-layout3-slot193,3,Orange,goal,Nexto,1376,11.466666666666667,2,6,Rival,0,0,7,2,0,0,0,0,0,0,0,0
plus_180,706,side1-layout4-slot194,4,Orange,goal,Nexto,3964,33.03333333333333,4,32,Rival,0,0,13,8,0,0,0,0,0,0,0,0
plus_180,707,side1-layout0-slot195,0,Orange,goal,Nexto,2852,23.766666666666666,2,10,Rival,0,0,12,7,1,0,1,0,0,0,0,0
plus_180,708,side1-layout1-slot196,1,Orange,goal,Nexto,2080,17.333333333333332,2,7,Rival,0,0,8,4,0,0,0,0,0,0,0,0
plus_180,709,side1-layout2-slot197,2,Orange,goal,Nexto,2032,16.933333333333334,2,4,Rival,0,0,5,5,0,0,0,0,0,0,0,0
plus_180,710,side1-layout3-slot198,3,Orange,goal,Nexto,1376,11.466666666666667,2,6,Rival,0,0,7,2,0,0,0,0,0,0,0,0
plus_180,711,side1-layout4-slot199,4,Orange,goal,Nexto,3964,33.03333333333333,4,32,Rival,0,0,13,8,0,0,0,0,0,0,0,0
plus_180,712,side1-layout0-slot200,0,Orange,goal,Nexto,2852,23.766666666666666,2,10,Rival,0,0,12,7,1,0,1,0,0,0,0,0
plus_180,713,side1-layout1-slot201,1,Orange,goal,Nexto,2080,17.333333333333332,2,7,Rival,0,0,8,4,0,0,0,0,0,0,0,0
plus_180,714,side1-layout2-slot202,2,Orange,goal,Nexto,2032,16.933333333333334,2,4,Rival,0,0,5,5,0,0,0,0,0,0,0,0
plus_180,715,side1-layout3-slot203,3,Orange,goal,Nexto,1376,11.466666666666667,2,6,Rival,0,0,7,2,0,0,0,0,0,0,0,0
plus_180,716,side1-layout4-slot204,4,Orange,goal,Nexto,3964,33.03333333333333,4,32,Rival,0,0,13,8,0,0,0,0,0,0,0,0
plus_180,717,side1-layout0-slot205,0,Orange,goal,Nexto,2852,23.766666666666666,2,10,Rival,0,0,12,7,1,0,1,0,0,0,0,0
plus_180,718,side1-layout1-slot206,1,Orange,goal,Nexto,2080,17.333333333333332,2,7,Rival,0,0,8,4,0,0,0,0,0,0,0,0
plus_180,719,side1-layout2-slot207,2,Orange,goal,Nexto,2032,16.933333333333334,2,4,Rival,0,0,5,5,0,0,0,0,0,0,0,0
plus_180,720,side1-layout3-slot208,3,Orange,goal,Nexto,1376,11.466666666666667,2,6,Rival,0,0,7,2,0,0,0,0,0,0,0,0
plus_180,721,side1-layout4-slot209,4,Orange,goal,Nexto,3964,33.03333333333333,4,32,Rival,0,0,13,8,0,0,0,0,0,0,0,0
plus_180,722,side1-layout0-slot210,0,Orange,goal,Nexto,2852,23.766666666666666,2,10,Rival,0,0,12,7,1,0,1,0,0,0,0,0
plus_180,723,side1-layout1-slot211,1,Orange,goal,Nexto,2080,17.333333333333332,2,7,Rival,0,0,8,4,0,0,0,0,0,0,0,0
plus_180,724,side1-layout2-slot212,2,Orange,goal,Nexto,2032,16.933333333333334,2,4,Rival,0,0,5,5,0,0,0,0,0,0,0,0
plus_180,725,side1-layout3-slot213,3,Orange,goal,Nexto,1376,11.466666666666667,2,6,Rival,0,0,7,2,0,0,0,0,0,0,0,0
plus_180,726,side1-layout4-slot214,4,Orange,goal,Nexto,3964,33.03333333333333,4,32,Rival,0,0,13,8,0,0,0,0,0,0,0,0
plus_180,727,side1-layout0-slot215,0,Orange,goal,Nexto,2852,23.766666666666666,2,10,Rival,0,0,12,7,1,0,1,0,0,0,0,0
plus_180,728,side1-layout1-slot216,1,Orange,goal,Nexto,2080,17.333333333333332,2,7,Rival,0,0,8,4,0,0,0,0,0,0,0,0
plus_180,729,side1-layout2-slot217,2,Orange,goal,Nexto,2032,16.933333333333334,2,4,Rival,0,0,5,5,0,0,0,0,0,0,0,0
plus_180,730,side1-layout3-slot218,3,Orange,goal,Nexto,1376,11.466666666666667,2,6,Rival,0,0,7,2,0,0,0,0,0,0,0,0
plus_180,731,side1-layout4-slot219,4,Orange,goal,Nexto,3964,33.03333333333333,4,32,Rival,0,0,13,8,0,0,0,0,0,0,0,0
plus_180,732,side1-layout0-slot220,0,Orange,goal,Nexto,2852,23.766666666666666,2,10,Rival,0,0,12,7,1,0,1,0,0,0,0,0
plus_180,733,side1-layout1-slot221,1,Orange,goal,Nexto,2080,17.333333333333332,2,7,Rival,0,0,8,4,0,0,0,0,0,0,0,0
plus_180,734,side1-layout2-slot222,2,Orange,goal,Nexto,2032,16.933333333333334,2,4,Rival,0,0,5,5,0,0,0,0,0,0,0,0
plus_180,735,side1-layout3-slot223,3,Orange,goal,Nexto,1376,11.466666666666667,2,6,Rival,0,0,7,2,0,0,0,0,0,0,0,0
plus_180,736,side1-layout4-slot224,4,Orange,goal,Nexto,3964,33.03333333333333,4,32,Rival,0,0,13,8,0,0,0,0,0,0,0,0
plus_180,737,side1-layout0-slot225,0,Orange,goal,Nexto,2852,23.766666666666666,2,10,Rival,0,0,12,7,1,0,1,0,0,0,0,0
plus_180,738,side1-layout1-slot226,1,Orange,goal,Nexto,2080,17.333333333333332,2,7,Rival,0,0,8,4,0,0,0,0,0,0,0,0
plus_180,739,side1-layout2-slot227,2,Orange,goal,Nexto,2032,16.933333333333334,2,4,Rival,0,0,5,5,0,0,0,0,0,0,0,0
plus_180,740,side1-layout3-slot228,3,Orange,goal,Nexto,1376,11.466666666666667,2,6,Rival,0,0,7,2,0,0,0,0,0,0,0,0
plus_180,741,side1-layout4-slot229,4,Orange,goal,Nexto,3964,33.03333333333333,4,32,Rival,0,0,13,8,0,0,0,0,0,0,0,0
plus_180,742,side1-layout0-slot230,0,Orange,goal,Nexto,2852,23.766666666666666,2,10,Rival,0,0,12,7,1,0,1,0,0,0,0,0
plus_180,743,side1-layout1-slot231,1,Orange,goal,Nexto,2080,17.333333333333332,2,7,Rival,0,0,8,4,0,0,0,0,0,0,0,0
plus_180,744,side1-layout2-slot232,2,Orange,goal,Nexto,2032,16.933333333333334,2,4,Rival,0,0,5,5,0,0,0,0,0,0,0,0
plus_180,745,side1-layout3-slot233,3,Orange,goal,Nexto,1376,11.466666666666667,2,6,Rival,0,0,7,2,0,0,0,0,0,0,0,0
plus_180,746,side1-layout4-slot234,4,Orange,goal,Nexto,3964,33.03333333333333,4,32,Rival,0,0,13,8,0,0,0,0,0,0,0,0
plus_180,747,side1-layout0-slot235,0,Orange,goal,Nexto,2852,23.766666666666666,2,10,Rival,0,0,12,7,1,0,1,0,0,0,0,0
plus_180,748,side1-layout1-slot236,1,Orange,goal,Nexto,2080,17.333333333333332,2,7,Rival,0,0,8,4,0,0,0,0,0,0,0,0
plus_180,749,side1-layout2-slot237,2,Orange,goal,Nexto,2032,16.933333333333334,2,4,Rival,0,0,5,5,0,0,0,0,0,0,0,0
plus_180,750,side1-layout3-slot238,3,Orange,goal,Nexto,1376,11.466666666666667,2,6,Rival,0,0,7,2,0,0,0,0,0,0,0,0
plus_180,751,side1-layout4-slot239,4,Orange,goal,Nexto,3964,33.03333333333333,4,32,Rival,0,0,13,8,0,0,0,0,0,0,0,0
plus_180,752,side1-layout0-slot240,0,Orange,goal,Nexto,2852,23.766666666666666,2,10,Rival,0,0,12,7,1,0,1,0,0,0,0,0
plus_180,753,side1-layout1-slot241,1,Orange,goal,Nexto,2080,17.333333333333332,2,7,Rival,0,0,8,4,0,0,0,0,0,0,0,0
plus_180,754,side1-layout2-slot242,2,Orange,goal,Nexto,2032,16.933333333333334,2,4,Rival,0,0,5,5,0,0,0,0,0,0,0,0
plus_180,755,side1-layout3-slot243,3,Orange,goal,Nexto,1376,11.466666666666667,2,6,Rival,0,0,7,2,0,0,0,0,0,0,0,0
plus_180,756,side1-layout4-slot244,4,Orange,goal,Nexto,3964,33.03333333333333,4,32,Rival,0,0,13,8,0,0,0,0,0,0,0,0
plus_180,757,side1-layout0-slot245,0,Orange,goal,Nexto,2852,23.766666666666666,2,10,Rival,0,0,12,7,1,0,1,0,0,0,0,0
plus_180,758,side1-layout1-slot246,1,Orange,goal,Nexto,2080,17.333333333333332,2,7,Rival,0,0,8,4,0,0,0,0,0,0,0,0
plus_180,759,side1-layout2-slot247,2,Orange,goal,Nexto,2032,16.933333333333334,2,4,Rival,0,0,5,5,0,0,0,0,0,0,0,0
plus_180,760,side1-layout3-slot248,3,Orange,goal,Nexto,1376,11.466666666666667,2,6,Rival,0,0,7,2,0,0,0,0,0,0,0,0
plus_180,761,side1-layout4-slot249,4,Orange,goal,Nexto,3964,33.03333333333333,4,32,Rival,0,0,13,8,0,0,0,0,0,0,0,0
plus_180,762,side1-layout0-slot250,0,Orange,goal,Nexto,2852,23.766666666666666,2,10,Rival,0,0,12,7,1,0,1,0,0,0,0,0
plus_180,763,side1-layout1-slot251,1,Orange,goal,Nexto,2080,17.333333333333332,2,7,Rival,0,0,8,4,0,0,0,0,0,0,0,0
plus_180,764,side1-layout2-slot252,2,Orange,goal,Nexto,2032,16.933333333333334,2,4,Rival,0,0,5,5,0,0,0,0,0,0,0,0
plus_180,765,side1-layout3-slot253,3,Orange,goal,Nexto,1376,11.466666666666667,2,6,Rival,0,0,7,2,0,0,0,0,0,0,0,0
plus_180,766,side1-layout4-slot254,4,Orange,goal,Nexto,3964,33.03333333333333,4,32,Rival,0,0,13,8,0,0,0,0,0,0,0,0
plus_180,767,side1-layout0-slot255,0,Orange,goal,Nexto,2852,23.766666666666666,2,10,Rival,0,0,12,7,1,0,1,0,0,0,0,0
plus_180,768,side1-layout1-slot256,1,Orange,goal,Nexto,2080,17.333333333333332,2,7,Rival,0,0,8,4,0,0,0,0,0,0,0,0
plus_180,769,side1-layout2-slot257,2,Orange,goal,Nexto,2032,16.933333333333334,2,4,Rival,0,0,5,5,0,0,0,0,0,0,0,0
plus_180,770,side1-layout3-slot258,3,Orange,goal,Nexto,1376,11.466666666666667,2,6,Rival,0,0,7,2,0,0,0,0,0,0,0,0
plus_180,771,side1-layout4-slot259,4,Orange,goal,Nexto,3964,33.03333333333333,4,32,Rival,0,0,13,8,0,0,0,0,0,0,0,0
plus_180,772,side1-layout0-slot260,0,Orange,goal,Nexto,2852,23.766666666666666,2,10,Rival,0,0,12,7,1,0,1,0,0,0,0,0
plus_180,773,side1-layout1-slot261,1,Orange,goal,Nexto,2080,17.333333333333332,2,7,Rival,0,0,8,4,0,0,0,0,0,0,0,0
plus_180,774,side1-layout2-slot262,2,Orange,goal,Nexto,2032,16.933333333333334,2,4,Rival,0,0,5,5,0,0,0,0,0,0,0,0
plus_180,775,side1-layout3-slot263,3,Orange,goal,Nexto,1376,11.466666666666667,2,6,Rival,0,0,7,2,0,0,0,0,0,0,0,0
plus_180,776,side1-layout4-slot264,4,Orange,goal,Nexto,3964,33.03333333333333,4,32,Rival,0,0,13,8,0,0,0,0,0,0,0,0
plus_180,777,side1-layout0-slot265,0,Orange,goal,Nexto,2852,23.766666666666666,2,10,Rival,0,0,12,7,1,0,1,0,0,0,0,0
plus_180,778,side1-layout1-slot266,1,Orange,goal,Nexto,2080,17.333333333333332,2,7,Rival,0,0,8,4,0,0,0,0,0,0,0,0
plus_180,779,side1-layout2-slot267,2,Orange,goal,Nexto,2032,16.933333333333334,2,4,Rival,0,0,5,5,0,0,0,0,0,0,0,0
plus_180,780,side1-layout3-slot268,3,Orange,goal,Nexto,1376,11.466666666666667,2,6,Rival,0,0,7,2,0,0,0,0,0,0,0,0
plus_180,781,side1-layout4-slot269,4,Orange,goal,Nexto,3964,33.03333333333333,4,32,Rival,0,0,13,8,0,0,0,0,0,0,0,0
plus_180,782,side1-layout0-slot270,0,Orange,goal,Nexto,2852,23.766666666666666,2,10,Rival,0,0,12,7,1,0,1,0,0,0,0,0
plus_180,783,side1-layout1-slot271,1,Orange,goal,Nexto,2080,17.333333333333332,2,7,Rival,0,0,8,4,0,0,0,0,0,0,0,0
plus_180,784,side1-layout2-slot272,2,Orange,goal,Nexto,2032,16.933333333333334,2,4,Rival,0,0,5,5,0,0,0,0,0,0,0,0
plus_180,785,side1-layout3-slot273,3,Orange,goal,Nexto,1376,11.466666666666667,2,6,Rival,0,0,7,2,0,0,0,0,0,0,0,0
plus_180,786,side1-layout4-slot274,4,Orange,goal,Nexto,3964,33.03333333333333,4,32,Rival,0,0,13,8,0,0,0,0,0,0,0,0
plus_180,787,side1-layout0-slot275,0,Orange,goal,Nexto,2852,23.766666666666666,2,10,Rival,0,0,12,7,1,0,1,0,0,0,0,0
plus_180,788,side1-layout1-slot276,1,Orange,goal,Nexto,2080,17.333333333333332,2,7,Rival,0,0,8,4,0,0,0,0,0,0,0,0
plus_180,789,side1-layout2-slot277,2,Orange,goal,Nexto,2032,16.933333333333334,2,4,Rival,0,0,5,5,0,0,0,0,0,0,0,0
plus_180,790,side1-layout3-slot278,3,Orange,goal,Nexto,1376,11.466666666666667,2,6,Rival,0,0,7,2,0,0,0,0,0,0,0,0
plus_180,791,side1-layout4-slot279,4,Orange,goal,Nexto,3964,33.03333333333333,4,32,Rival,0,0,13,8,0,0,0,0,0,0,0,0
plus_180,792,side1-layout0-slot280,0,Orange,goal,Nexto,2852,23.766666666666666,2,10,Rival,0,0,12,7,1,0,1,0,0,0,0,0
plus_180,793,side1-layout1-slot281,1,Orange,goal,Nexto,2080,17.333333333333332,2,7,Rival,0,0,8,4,0,0,0,0,0,0,0,0
plus_180,794,side1-layout2-slot282,2,Orange,goal,Nexto,2032,16.933333333333334,2,4,Rival,0,0,5,5,0,0,0,0,0,0,0,0
plus_180,795,side1-layout3-slot283,3,Orange,goal,Nexto,1376,11.466666666666667,2,6,Rival,0,0,7,2,0,0,0,0,0,0,0,0
plus_180,796,side1-layout4-slot284,4,Orange,goal,Nexto,3964,33.03333333333333,4,32,Rival,0,0,13,8,0,0,0,0,0,0,0,0
plus_180,797,side1-layout0-slot285,0,Orange,goal,Nexto,2852,23.766666666666666,2,10,Rival,0,0,12,7,1,0,1,0,0,0,0,0
plus_180,798,side1-layout1-slot286,1,Orange,goal,Nexto,2080,17.333333333333332,2,7,Rival,0,0,8,4,0,0,0,0,0,0,0,0
plus_180,799,side1-layout2-slot287,2,Orange,goal,Nexto,2032,16.933333333333334,2,4,Rival,0,0,5,5,0,0,0,0,0,0,0,0
plus_180,800,side1-layout3-slot288,3,Orange,goal,Nexto,1376,11.466666666666667,2,6,Rival,0,0,7,2,0,0,0,0,0,0,0,0
plus_180,801,side1-layout4-slot289,4,Orange,goal,Nexto,3964,33.03333333333333,4,32,Rival,0,0,13,8,0,0,0,0,0,0,0,0
plus_180,802,side1-layout0-slot290,0,Orange,goal,Nexto,2852,23.766666666666666,2,10,Rival,0,0,12,7,1,0,1,0,0,0,0,0
plus_180,803,side1-layout1-slot291,1,Orange,goal,Nexto,2080,17.333333333333332,2,7,Rival,0,0,8,4,0,0,0,0,0,0,0,0
plus_180,804,side1-layout2-slot292,2,Orange,goal,Nexto,2032,16.933333333333334,2,4,Rival,0,0,5,5,0,0,0,0,0,0,0,0
plus_180,805,side1-layout3-slot293,3,Orange,goal,Nexto,1376,11.466666666666667,2,6,Rival,0,0,7,2,0,0,0,0,0,0,0,0
plus_180,806,side1-layout4-slot294,4,Orange,goal,Nexto,3964,33.03333333333333,4,32,Rival,0,0,13,8,0,0,0,0,0,0,0,0
plus_180,807,side1-layout0-slot295,0,Orange,goal,Nexto,2852,23.766666666666666,2,10,Rival,0,0,12,7,1,0,1,0,0,0,0,0
plus_180,808,side1-layout1-slot296,1,Orange,goal,Nexto,2080,17.333333333333332,2,7,Rival,0,0,8,4,0,0,0,0,0,0,0,0
plus_180,809,side1-layout2-slot297,2,Orange,goal,Nexto,2032,16.933333333333334,2,4,Rival,0,0,5,5,0,0,0,0,0,0,0,0
plus_180,810,side1-layout3-slot298,3,Orange,goal,Nexto,1376,11.466666666666667,2,6,Rival,0,0,7,2,0,0,0,0,0,0,0,0
plus_180,811,side1-layout4-slot299,4,Orange,goal,Nexto,3964,33.03333333333333,4,32,Rival,0,0,13,8,0,0,0,0,0,0,0,0
plus_180,812,side1-layout0-slot300,0,Orange,goal,Nexto,2852,23.766666666666666,2,10,Rival,0,0,12,7,1,0,1,0,0,0,0,0
plus_180,813,side1-layout1-slot301,1,Orange,goal,Nexto,2080,17.333333333333332,2,7,Rival,0,0,8,4,0,0,0,0,0,0,0,0
plus_180,814,side1-layout2-slot302,2,Orange,goal,Nexto,2032,16.933333333333334,2,4,Rival,0,0,5,5,0,0,0,0,0,0,0,0
plus_180,815,side1-layout3-slot303,3,Orange,goal,Nexto,1376,11.466666666666667,2,6,Rival,0,0,7,2,0,0,0,0,0,0,0,0
plus_180,816,side1-layout4-slot304,4,Orange,goal,Nexto,3964,33.03333333333333,4,32,Rival,0,0,13,8,0,0,0,0,0,0,0,0
plus_180,817,side1-layout0-slot305,0,Orange,goal,Nexto,2852,23.766666666666666,2,10,Rival,0,0,12,7,1,0,1,0,0,0,0,0
plus_180,818,side1-layout1-slot306,1,Orange,goal,Nexto,2080,17.333333333333332,2,7,Rival,0,0,8,4,0,0,0,0,0,0,0,0
plus_180,819,side1-layout2-slot307,2,Orange,goal,Nexto,2032,16.933333333333334,2,4,Rival,0,0,5,5,0,0,0,0,0,0,0,0
plus_180,820,side1-layout3-slot308,3,Orange,goal,Nexto,1376,11.466666666666667,2,6,Rival,0,0,7,2,0,0,0,0,0,0,0,0
plus_180,821,side1-layout4-slot309,4,Orange,goal,Nexto,3964,33.03333333333333,4,32,Rival,0,0,13,8,0,0,0,0,0,0,0,0
plus_180,822,side1-layout0-slot310,0,Orange,goal,Nexto,2852,23.766666666666666,2,10,Rival,0,0,12,7,1,0,1,0,0,0,0,0
plus_180,823,side1-layout1-slot311,1,Orange,goal,Nexto,2080,17.333333333333332,2,7,Rival,0,0,8,4,0,0,0,0,0,0,0,0
plus_180,824,side1-layout2-slot312,2,Orange,goal,Nexto,2032,16.933333333333334,2,4,Rival,0,0,5,5,0,0,0,0,0,0,0,0
plus_180,825,side1-layout3-slot313,3,Orange,goal,Nexto,1376,11.466666666666667,2,6,Rival,0,0,7,2,0,0,0,0,0,0,0,0
plus_180,826,side1-layout4-slot314,4,Orange,goal,Nexto,3964,33.03333333333333,4,32,Rival,0,0,13,8,0,0,0,0,0,0,0,0
plus_180,827,side1-layout0-slot315,0,Orange,goal,Nexto,2852,23.766666666666666,2,10,Rival,0,0,12,7,1,0,1,0,0,0,0,0
plus_180,828,side1-layout1-slot316,1,Orange,goal,Nexto,2080,17.333333333333332,2,7,Rival,0,0,8,4,0,0,0,0,0,0,0,0
plus_180,829,side1-layout2-slot317,2,Orange,goal,Nexto,2032,16.933333333333334,2,4,Rival,0,0,5,5,0,0,0,0,0,0,0,0
plus_180,830,side1-layout3-slot318,3,Orange,goal,Nexto,1376,11.466666666666667,2,6,Rival,0,0,7,2,0,0,0,0,0,0,0,0
plus_180,831,side1-layout4-slot319,4,Orange,goal,Nexto,3964,33.03333333333333,4,32,Rival,0,0,13,8,0,0,0,0,0,0,0,0
plus_180,832,side1-layout0-slot320,0,Orange,goal,Nexto,2852,23.766666666666666,2,10,Rival,0,0,12,7,1,0,1,0,0,0,0,0
plus_180,833,side1-layout1-slot321,1,Orange,goal,Nexto,2080,17.333333333333332,2,7,Rival,0,0,8,4,0,0,0,0,0,0,0,0
plus_180,834,side1-layout2-slot322,2,Orange,goal,Nexto,2032,16.933333333333334,2,4,Rival,0,0,5,5,0,0,0,0,0,0,0,0
plus_180,835,side1-layout3-slot323,3,Orange,goal,Nexto,1376,11.466666666666667,2,6,Rival,0,0,7,2,0,0,0,0,0,0,0,0
plus_180,836,side1-layout4-slot324,4,Orange,goal,Nexto,3964,33.03333333333333,4,32,Rival,0,0,13,8,0,0,0,0,0,0,0,0
plus_180,837,side1-layout0-slot325,0,Orange,goal,Nexto,2852,23.766666666666666,2,10,Rival,0,0,12,7,1,0,1,0,0,0,0,0
plus_180,838,side1-layout1-slot326,1,Orange,goal,Nexto,2080,17.333333333333332,2,7,Rival,0,0,8,4,0,0,0,0,0,0,0,0
plus_180,839,side1-layout2-slot327,2,Orange,goal,Nexto,2032,16.933333333333334,2,4,Rival,0,0,5,5,0,0,0,0,0,0,0,0
plus_180,840,side1-layout3-slot328,3,Orange,goal,Nexto,1376,11.466666666666667,2,6,Rival,0,0,7,2,0,0,0,0,0,0,0,0
plus_180,841,side1-layout4-slot329,4,Orange,goal,Nexto,3964,33.03333333333333,4,32,Rival,0,0,13,8,0,0,0,0,0,0,0,0
plus_180,842,side1-layout0-slot330,0,Orange,goal,Nexto,2852,23.766666666666666,2,10,Rival,0,0,12,7,1,0,1,0,0,0,0,0
plus_180,843,side1-layout1-slot331,1,Orange,goal,Nexto,2080,17.333333333333332,2,7,Rival,0,0,8,4,0,0,0,0,0,0,0,0
plus_180,844,side1-layout2-slot332,2,Orange,goal,Nexto,2032,16.933333333333334,2,4,Rival,0,0,5,5,0,0,0,0,0,0,0,0
plus_180,845,side1-layout3-slot333,3,Orange,goal,Nexto,1376,11.466666666666667,2,6,Rival,0,0,7,2,0,0,0,0,0,0,0,0
plus_180,846,side1-layout4-slot334,4,Orange,goal,Nexto,3964,33.03333333333333,4,32,Rival,0,0,13,8,0,0,0,0,0,0,0,0
plus_180,847,side1-layout0-slot335,0,Orange,goal,Nexto,2852,23.766666666666666,2,10,Rival,0,0,12,7,1,0,1,0,0,0,0,0
plus_180,848,side1-layout1-slot336,1,Orange,goal,Nexto,2080,17.333333333333332,2,7,Rival,0,0,8,4,0,0,0,0,0,0,0,0
plus_180,849,side1-layout2-slot337,2,Orange,goal,Nexto,2032,16.933333333333334,2,4,Rival,0,0,5,5,0,0,0,0,0,0,0,0
plus_180,850,side1-layout3-slot338,3,Orange,goal,Nexto,1376,11.466666666666667,2,6,Rival,0,0,7,2,0,0,0,0,0,0,0,0
plus_180,851,side1-layout4-slot339,4,Orange,goal,Nexto,3964,33.03333333333333,4,32,Rival,0,0,13,8,0,0,0,0,0,0,0,0
plus_180,852,side1-layout0-slot340,0,Orange,goal,Nexto,2852,23.766666666666666,2,10,Rival,0,0,12,7,1,0,1,0,0,0,0,0
plus_180,853,side1-layout1-slot341,1,Orange,goal,Nexto,2080,17.333333333333332,2,7,Rival,0,0,8,4,0,0,0,0,0,0,0,0
plus_180,854,side1-layout2-slot342,2,Orange,goal,Nexto,2032,16.933333333333334,2,4,Rival,0,0,5,5,0,0,0,0,0,0,0,0
plus_180,855,side1-layout3-slot343,3,Orange,goal,Nexto,1376,11.466666666666667,2,6,Rival,0,0,7,2,0,0,0,0,0,0,0,0
plus_180,856,side1-layout4-slot344,4,Orange,goal,Nexto,3964,33.03333333333333,4,32,Rival,0,0,13,8,0,0,0,0,0,0,0,0
plus_180,857,side1-layout0-slot345,0,Orange,goal,Nexto,2852,23.766666666666666,2,10,Rival,0,0,12,7,1,0,1,0,0,0,0,0
plus_180,858,side1-layout1-slot346,1,Orange,goal,Nexto,2080,17.333333333333332,2,7,Rival,0,0,8,4,0,0,0,0,0,0,0,0
plus_180,859,side1-layout2-slot347,2,Orange,goal,Nexto,2032,16.933333333333334,2,4,Rival,0,0,5,5,0,0,0,0,0,0,0,0
plus_180,860,side1-layout3-slot348,3,Orange,goal,Nexto,1376,11.466666666666667,2,6,Rival,0,0,7,2,0,0,0,0,0,0,0,0
plus_180,861,side1-layout4-slot349,4,Orange,goal,Nexto,3964,33.03333333333333,4,32,Rival,0,0,13,8,0,0,0,0,0,0,0,0
plus_180,862,side1-layout0-slot350,0,Orange,goal,Nexto,2852,23.766666666666666,2,10,Rival,0,0,12,7,1,0,1,0,0,0,0,0
plus_180,863,side1-layout1-slot351,1,Orange,goal,Nexto,2080,17.333333333333332,2,7,Rival,0,0,8,4,0,0,0,0,0,0,0,0
plus_180,864,side1-layout2-slot352,2,Orange,goal,Nexto,2032,16.933333333333334,2,4,Rival,0,0,5,5,0,0,0,0,0,0,0,0
plus_180,865,side1-layout3-slot353,3,Orange,goal,Nexto,1376,11.466666666666667,2,6,Rival,0,0,7,2,0,0,0,0,0,0,0,0
plus_180,866,side1-layout4-slot354,4,Orange,goal,Nexto,3964,33.03333333333333,4,32,Rival,0,0,13,8,0,0,0,0,0,0,0,0
plus_180,867,side1-layout0-slot355,0,Orange,goal,Nexto,2852,23.766666666666666,2,10,Rival,0,0,12,7,1,0,1,0,0,0,0,0
plus_180,868,side1-layout1-slot356,1,Orange,goal,Nexto,2080,17.333333333333332,2,7,Rival,0,0,8,4,0,0,0,0,0,0,0,0
plus_180,869,side1-layout2-slot357,2,Orange,goal,Nexto,2032,16.933333333333334,2,4,Rival,0,0,5,5,0,0,0,0,0,0,0,0
plus_180,870,side1-layout3-slot358,3,Orange,goal,Nexto,1376,11.466666666666667,2,6,Rival,0,0,7,2,0,0,0,0,0,0,0,0
plus_180,871,side1-layout4-slot359,4,Orange,goal,Nexto,3964,33.03333333333333,4,32,Rival,0,0,13,8,0,0,0,0,0,0,0,0
plus_180,872,side1-layout0-slot360,0,Orange,goal,Nexto,2852,23.766666666666666,2,10,Rival,0,0,12,7,1,0,1,0,0,0,0,0
plus_180,873,side1-layout1-slot361,1,Orange,goal,Nexto,2080,17.333333333333332,2,7,Rival,0,0,8,4,0,0,0,0,0,0,0,0
plus_180,874,side1-layout2-slot362,2,Orange,goal,Nexto,2032,16.933333333333334,2,4,Rival,0,0,5,5,0,0,0,0,0,0,0,0
plus_180,875,side1-layout3-slot363,3,Orange,goal,Nexto,1376,11.466666666666667,2,6,Rival,0,0,7,2,0,0,0,0,0,0,0,0
plus_180,876,side1-layout4-slot364,4,Orange,goal,Nexto,3964,33.03333333333333,4,32,Rival,0,0,13,8,0,0,0,0,0,0,0,0
plus_180,877,side1-layout0-slot365,0,Orange,goal,Nexto,2852,23.766666666666666,2,10,Rival,0,0,12,7,1,0,1,0,0,0,0,0
plus_180,878,side1-layout1-slot366,1,Orange,goal,Nexto,2080,17.333333333333332,2,7,Rival,0,0,8,4,0,0,0,0,0,0,0,0
plus_180,879,side1-layout2-slot367,2,Orange,goal,Nexto,2032,16.933333333333334,2,4,Rival,0,0,5,5,0,0,0,0,0,0,0,0
plus_180,880,side1-layout3-slot368,3,Orange,goal,Nexto,1376,11.466666666666667,2,6,Rival,0,0,7,2,0,0,0,0,0,0,0,0
plus_180,881,side1-layout4-slot369,4,Orange,goal,Nexto,3964,33.03333333333333,4,32,Rival,0,0,13,8,0,0,0,0,0,0,0,0
plus_180,882,side1-layout0-slot370,0,Orange,goal,Nexto,2852,23.766666666666666,2,10,Rival,0,0,12,7,1,0,1,0,0,0,0,0
plus_180,883,side1-layout1-slot371,1,Orange,goal,Nexto,2080,17.333333333333332,2,7,Rival,0,0,8,4,0,0,0,0,0,0,0,0
plus_180,884,side1-layout2-slot372,2,Orange,goal,Nexto,2032,16.933333333333334,2,4,Rival,0,0,5,5,0,0,0,0,0,0,0,0
plus_180,885,side1-layout3-slot373,3,Orange,goal,Nexto,1376,11.466666666666667,2,6,Rival,0,0,7,2,0,0,0,0,0,0,0,0
plus_180,886,side1-layout4-slot374,4,Orange,goal,Nexto,3964,33.03333333333333,4,32,Rival,0,0,13,8,0,0,0,0,0,0,0,0
plus_180,887,side1-layout0-slot375,0,Orange,goal,Nexto,2852,23.766666666666666,2,10,Rival,0,0,12,7,1,0,1,0,0,0,0,0
plus_180,888,side1-layout1-slot376,1,Orange,goal,Nexto,2080,17.333333333333332,2,7,Rival,0,0,8,4,0,0,0,0,0,0,0,0
plus_180,889,side1-layout2-slot377,2,Orange,goal,Nexto,2032,16.933333333333334,2,4,Rival,0,0,5,5,0,0,0,0,0,0,0,0
plus_180,890,side1-layout3-slot378,3,Orange,goal,Nexto,1376,11.466666666666667,2,6,Rival,0,0,7,2,0,0,0,0,0,0,0,0
plus_180,891,side1-layout4-slot379,4,Orange,goal,Nexto,3964,33.03333333333333,4,32,Rival,0,0,13,8,0,0,0,0,0,0,0,0
plus_180,892,side1-layout0-slot380,0,Orange,goal,Nexto,2852,23.766666666666666,2,10,Rival,0,0,12,7,1,0,1,0,0,0,0,0
plus_180,893,side1-layout1-slot381,1,Orange,goal,Nexto,2080,17.333333333333332,2,7,Rival,0,0,8,4,0,0,0,0,0,0,0,0
plus_180,894,side1-layout2-slot382,2,Orange,goal,Nexto,2032,16.933333333333334,2,4,Rival,0,0,5,5,0,0,0,0,0,0,0,0
plus_180,895,side1-layout3-slot383,3,Orange,goal,Nexto,1376,11.466666666666667,2,6,Rival,0,0,7,2,0,0,0,0,0,0,0,0
plus_180,896,side1-layout4-slot384,4,Orange,goal,Nexto,3964,33.03333333333333,4,32,Rival,0,0,13,8,0,0,0,0,0,0,0,0
plus_180,897,side1-layout0-slot385,0,Orange,goal,Nexto,2852,23.766666666666666,2,10,Rival,0,0,12,7,1,0,1,0,0,0,0,0
plus_180,898,side1-layout1-slot386,1,Orange,goal,Nexto,2080,17.333333333333332,2,7,Rival,0,0,8,4,0,0,0,0,0,0,0,0
plus_180,899,side1-layout2-slot387,2,Orange,goal,Nexto,2032,16.933333333333334,2,4,Rival,0,0,5,5,0,0,0,0,0,0,0,0
plus_180,900,side1-layout3-slot388,3,Orange,goal,Nexto,1376,11.466666666666667,2,6,Rival,0,0,7,2,0,0,0,0,0,0,0,0
plus_180,901,side1-layout4-slot389,4,Orange,goal,Nexto,3964,33.03333333333333,4,32,Rival,0,0,13,8,0,0,0,0,0,0,0,0
plus_180,902,side1-layout0-slot390,0,Orange,goal,Nexto,2852,23.766666666666666,2,10,Rival,0,0,12,7,1,0,1,0,0,0,0,0
plus_180,903,side1-layout1-slot391,1,Orange,goal,Nexto,2080,17.333333333333332,2,7,Rival,0,0,8,4,0,0,0,0,0,0,0,0
plus_180,904,side1-layout2-slot392,2,Orange,goal,Nexto,2032,16.933333333333334,2,4,Rival,0,0,5,5,0,0,0,0,0,0,0,0
plus_180,905,side1-layout3-slot393,3,Orange,goal,Nexto,1376,11.466666666666667,2,6,Rival,0,0,7,2,0,0,0,0,0,0,0,0
plus_180,906,side1-layout4-slot394,4,Orange,goal,Nexto,3964,33.03333333333333,4,32,Rival,0,0,13,8,0,0,0,0,0,0,0,0
plus_180,907,side1-layout0-slot395,0,Orange,goal,Nexto,2852,23.766666666666666,2,10,Rival,0,0,12,7,1,0,1,0,0,0,0,0
plus_180,908,side1-layout1-slot396,1,Orange,goal,Nexto,2080,17.333333333333332,2,7,Rival,0,0,8,4,0,0,0,0,0,0,0,0
plus_180,909,side1-layout2-slot397,2,Orange,goal,Nexto,2032,16.933333333333334,2,4,Rival,0,0,5,5,0,0,0,0,0,0,0,0
plus_180,910,side1-layout3-slot398,3,Orange,goal,Nexto,1376,11.466666666666667,2,6,Rival,0,0,7,2,0,0,0,0,0,0,0,0
plus_180,911,side1-layout4-slot399,4,Orange,goal,Nexto,3964,33.03333333333333,4,32,Rival,0,0,13,8,0,0,0,0,0,0,0,0
plus_180,912,side1-layout0-slot400,0,Orange,goal,Nexto,2852,23.766666666666666,2,10,Rival,0,0,12,7,1,0,1,0,0,0,0,0
plus_180,913,side1-layout1-slot401,1,Orange,goal,Nexto,2080,17.333333333333332,2,7,Rival,0,0,8,4,0,0,0,0,0,0,0,0
plus_180,914,side1-layout2-slot402,2,Orange,goal,Nexto,2032,16.933333333333334,2,4,Rival,0,0,5,5,0,0,0,0,0,0,0,0
plus_180,915,side1-layout3-slot403,3,Orange,goal,Nexto,1376,11.466666666666667,2,6,Rival,0,0,7,2,0,0,0,0,0,0,0,0
plus_180,916,side1-layout4-slot404,4,Orange,goal,Nexto,3964,33.03333333333333,4,32,Rival,0,0,13,8,0,0,0,0,0,0,0,0
plus_180,917,side1-layout0-slot405,0,Orange,goal,Nexto,2852,23.766666666666666,2,10,Rival,0,0,12,7,1,0,1,0,0,0,0,0
plus_180,918,side1-layout1-slot406,1,Orange,goal,Nexto,2080,17.333333333333332,2,7,Rival,0,0,8,4,0,0,0,0,0,0,0,0
plus_180,919,side1-layout2-slot407,2,Orange,goal,Nexto,2032,16.933333333333334,2,4,Rival,0,0,5,5,0,0,0,0,0,0,0,0
plus_180,920,side1-layout3-slot408,3,Orange,goal,Nexto,1376,11.466666666666667,2,6,Rival,0,0,7,2,0,0,0,0,0,0,0,0
plus_180,921,side1-layout4-slot409,4,Orange,goal,Nexto,3964,33.03333333333333,4,32,Rival,0,0,13,8,0,0,0,0,0,0,0,0
plus_180,922,side1-layout0-slot410,0,Orange,goal,Nexto,2852,23.766666666666666,2,10,Rival,0,0,12,7,1,0,1,0,0,0,0,0
plus_180,923,side1-layout1-slot411,1,Orange,goal,Nexto,2080,17.333333333333332,2,7,Rival,0,0,8,4,0,0,0,0,0,0,0,0
plus_180,924,side1-layout2-slot412,2,Orange,goal,Nexto,2032,16.933333333333334,2,4,Rival,0,0,5,5,0,0,0,0,0,0,0,0
plus_180,925,side1-layout3-slot413,3,Orange,goal,Nexto,1376,11.466666666666667,2,6,Rival,0,0,7,2,0,0,0,0,0,0,0,0
plus_180,926,side1-layout4-slot414,4,Orange,goal,Nexto,3964,33.03333333333333,4,32,Rival,0,0,13,8,0,0,0,0,0,0,0,0
plus_180,927,side1-layout0-slot415,0,Orange,goal,Nexto,2852,23.766666666666666,2,10,Rival,0,0,12,7,1,0,1,0,0,0,0,0
plus_180,928,side1-layout1-slot416,1,Orange,goal,Nexto,2080,17.333333333333332,2,7,Rival,0,0,8,4,0,0,0,0,0,0,0,0
plus_180,929,side1-layout2-slot417,2,Orange,goal,Nexto,2032,16.933333333333334,2,4,Rival,0,0,5,5,0,0,0,0,0,0,0,0
plus_180,930,side1-layout3-slot418,3,Orange,goal,Nexto,1376,11.466666666666667,2,6,Rival,0,0,7,2,0,0,0,0,0,0,0,0
plus_180,931,side1-layout4-slot419,4,Orange,goal,Nexto,3964,33.03333333333333,4,32,Rival,0,0,13,8,0,0,0,0,0,0,0,0
plus_180,932,side1-layout0-slot420,0,Orange,goal,Nexto,2852,23.766666666666666,2,10,Rival,0,0,12,7,1,0,1,0,0,0,0,0
plus_180,933,side1-layout1-slot421,1,Orange,goal,Nexto,2080,17.333333333333332,2,7,Rival,0,0,8,4,0,0,0,0,0,0,0,0
plus_180,934,side1-layout2-slot422,2,Orange,goal,Nexto,2032,16.933333333333334,2,4,Rival,0,0,5,5,0,0,0,0,0,0,0,0
plus_180,935,side1-layout3-slot423,3,Orange,goal,Nexto,1376,11.466666666666667,2,6,Rival,0,0,7,2,0,0,0,0,0,0,0,0
plus_180,936,side1-layout4-slot424,4,Orange,goal,Nexto,3964,33.03333333333333,4,32,Rival,0,0,13,8,0,0,0,0,0,0,0,0
plus_180,937,side1-layout0-slot425,0,Orange,goal,Nexto,2852,23.766666666666666,2,10,Rival,0,0,12,7,1,0,1,0,0,0,0,0
plus_180,938,side1-layout1-slot426,1,Orange,goal,Nexto,2080,17.333333333333332,2,7,Rival,0,0,8,4,0,0,0,0,0,0,0,0
plus_180,939,side1-layout2-slot427,2,Orange,goal,Nexto,2032,16.933333333333334,2,4,Rival,0,0,5,5,0,0,0,0,0,0,0,0
plus_180,940,side1-layout3-slot428,3,Orange,goal,Nexto,1376,11.466666666666667,2,6,Rival,0,0,7,2,0,0,0,0,0,0,0,0
plus_180,941,side1-layout4-slot429,4,Orange,goal,Nexto,3964,33.03333333333333,4,32,Rival,0,0,13,8,0,0,0,0,0,0,0,0
plus_180,942,side1-layout0-slot430,0,Orange,goal,Nexto,2852,23.766666666666666,2,10,Rival,0,0,12,7,1,0,1,0,0,0,0,0
plus_180,943,side1-layout1-slot431,1,Orange,goal,Nexto,2080,17.333333333333332,2,7,Rival,0,0,8,4,0,0,0,0,0,0,0,0
plus_180,944,side1-layout2-slot432,2,Orange,goal,Nexto,2032,16.933333333333334,2,4,Rival,0,0,5,5,0,0,0,0,0,0,0,0
plus_180,945,side1-layout3-slot433,3,Orange,goal,Nexto,1376,11.466666666666667,2,6,Rival,0,0,7,2,0,0,0,0,0,0,0,0
plus_180,946,side1-layout4-slot434,4,Orange,goal,Nexto,3964,33.03333333333333,4,32,Rival,0,0,13,8,0,0,0,0,0,0,0,0
plus_180,947,side1-layout0-slot435,0,Orange,goal,Nexto,2852,23.766666666666666,2,10,Rival,0,0,12,7,1,0,1,0,0,0,0,0
plus_180,948,side1-layout1-slot436,1,Orange,goal,Nexto,2080,17.333333333333332,2,7,Rival,0,0,8,4,0,0,0,0,0,0,0,0
plus_180,949,side1-layout2-slot437,2,Orange,goal,Nexto,2032,16.933333333333334,2,4,Rival,0,0,5,5,0,0,0,0,0,0,0,0
plus_180,950,side1-layout3-slot438,3,Orange,goal,Nexto,1376,11.466666666666667,2,6,Rival,0,0,7,2,0,0,0,0,0,0,0,0
plus_180,951,side1-layout4-slot439,4,Orange,goal,Nexto,3964,33.03333333333333,4,32,Rival,0,0,13,8,0,0,0,0,0,0,0,0
plus_180,952,side1-layout0-slot440,0,Orange,goal,Nexto,2852,23.766666666666666,2,10,Rival,0,0,12,7,1,0,1,0,0,0,0,0
plus_180,953,side1-layout1-slot441,1,Orange,goal,Nexto,2080,17.333333333333332,2,7,Rival,0,0,8,4,0,0,0,0,0,0,0,0
plus_180,954,side1-layout2-slot442,2,Orange,goal,Nexto,2032,16.933333333333334,2,4,Rival,0,0,5,5,0,0,0,0,0,0,0,0
plus_180,955,side1-layout3-slot443,3,Orange,goal,Nexto,1376,11.466666666666667,2,6,Rival,0,0,7,2,0,0,0,0,0,0,0,0
plus_180,956,side1-layout4-slot444,4,Orange,goal,Nexto,3964,33.03333333333333,4,32,Rival,0,0,13,8,0,0,0,0,0,0,0,0
plus_180,957,side1-layout0-slot445,0,Orange,goal,Nexto,2852,23.766666666666666,2,10,Rival,0,0,12,7,1,0,1,0,0,0,0,0
plus_180,958,side1-layout1-slot446,1,Orange,goal,Nexto,2080,17.333333333333332,2,7,Rival,0,0,8,4,0,0,0,0,0,0,0,0
plus_180,959,side1-layout2-slot447,2,Orange,goal,Nexto,2032,16.933333333333334,2,4,Rival,0,0,5,5,0,0,0,0,0,0,0,0
plus_180,960,side1-layout3-slot448,3,Orange,goal,Nexto,1376,11.466666666666667,2,6,Rival,0,0,7,2,0,0,0,0,0,0,0,0
plus_180,961,side1-layout4-slot449,4,Orange,goal,Nexto,3964,33.03333333333333,4,32,Rival,0,0,13,8,0,0,0,0,0,0,0,0
plus_180,962,side1-layout0-slot450,0,Orange,goal,Nexto,2852,23.766666666666666,2,10,Rival,0,0,12,7,1,0,1,0,0,0,0,0
plus_180,963,side1-layout1-slot451,1,Orange,goal,Nexto,2080,17.333333333333332,2,7,Rival,0,0,8,4,0,0,0,0,0,0,0,0
plus_180,964,side1-layout2-slot452,2,Orange,goal,Nexto,2032,16.933333333333334,2,4,Rival,0,0,5,5,0,0,0,0,0,0,0,0
plus_180,965,side1-layout3-slot453,3,Orange,goal,Nexto,1376,11.466666666666667,2,6,Rival,0,0,7,2,0,0,0,0,0,0,0,0
plus_180,966,side1-layout4-slot454,4,Orange,goal,Nexto,3964,33.03333333333333,4,32,Rival,0,0,13,8,0,0,0,0,0,0,0,0
plus_180,967,side1-layout0-slot455,0,Orange,goal,Nexto,2852,23.766666666666666,2,10,Rival,0,0,12,7,1,0,1,0,0,0,0,0
plus_180,968,side1-layout1-slot456,1,Orange,goal,Nexto,2080,17.333333333333332,2,7,Rival,0,0,8,4,0,0,0,0,0,0,0,0
plus_180,969,side1-layout2-slot457,2,Orange,goal,Nexto,2032,16.933333333333334,2,4,Rival,0,0,5,5,0,0,0,0,0,0,0,0
plus_180,970,side1-layout3-slot458,3,Orange,goal,Nexto,1376,11.466666666666667,2,6,Rival,0,0,7,2,0,0,0,0,0,0,0,0
plus_180,971,side1-layout4-slot459,4,Orange,goal,Nexto,3964,33.03333333333333,4,32,Rival,0,0,13,8,0,0,0,0,0,0,0,0
plus_180,972,side1-layout0-slot460,0,Orange,goal,Nexto,2852,23.766666666666666,2,10,Rival,0,0,12,7,1,0,1,0,0,0,0,0
plus_180,973,side1-layout1-slot461,1,Orange,goal,Nexto,2080,17.333333333333332,2,7,Rival,0,0,8,4,0,0,0,0,0,0,0,0
plus_180,974,side1-layout2-slot462,2,Orange,goal,Nexto,2032,16.933333333333334,2,4,Rival,0,0,5,5,0,0,0,0,0,0,0,0
plus_180,975,side1-layout3-slot463,3,Orange,goal,Nexto,1376,11.466666666666667,2,6,Rival,0,0,7,2,0,0,0,0,0,0,0,0
plus_180,976,side1-layout4-slot464,4,Orange,goal,Nexto,3964,33.03333333333333,4,32,Rival,0,0,13,8,0,0,0,0,0,0,0,0
plus_180,977,side1-layout0-slot465,0,Orange,goal,Nexto,2852,23.766666666666666,2,10,Rival,0,0,12,7,1,0,1,0,0,0,0,0
plus_180,978,side1-layout1-slot466,1,Orange,goal,Nexto,2080,17.333333333333332,2,7,Rival,0,0,8,4,0,0,0,0,0,0,0,0
plus_180,979,side1-layout2-slot467,2,Orange,goal,Nexto,2032,16.933333333333334,2,4,Rival,0,0,5,5,0,0,0,0,0,0,0,0
plus_180,980,side1-layout3-slot468,3,Orange,goal,Nexto,1376,11.466666666666667,2,6,Rival,0,0,7,2,0,0,0,0,0,0,0,0
plus_180,981,side1-layout4-slot469,4,Orange,goal,Nexto,3964,33.03333333333333,4,32,Rival,0,0,13,8,0,0,0,0,0,0,0,0
plus_180,982,side1-layout0-slot470,0,Orange,goal,Nexto,2852,23.766666666666666,2,10,Rival,0,0,12,7,1,0,1,0,0,0,0,0
plus_180,983,side1-layout1-slot471,1,Orange,goal,Nexto,2080,17.333333333333332,2,7,Rival,0,0,8,4,0,0,0,0,0,0,0,0
plus_180,984,side1-layout2-slot472,2,Orange,goal,Nexto,2032,16.933333333333334,2,4,Rival,0,0,5,5,0,0,0,0,0,0,0,0
plus_180,985,side1-layout3-slot473,3,Orange,goal,Nexto,1376,11.466666666666667,2,6,Rival,0,0,7,2,0,0,0,0,0,0,0,0
plus_180,986,side1-layout4-slot474,4,Orange,goal,Nexto,3964,33.03333333333333,4,32,Rival,0,0,13,8,0,0,0,0,0,0,0,0
plus_180,987,side1-layout0-slot475,0,Orange,goal,Nexto,2852,23.766666666666666,2,10,Rival,0,0,12,7,1,0,1,0,0,0,0,0
plus_180,988,side1-layout1-slot476,1,Orange,goal,Nexto,2080,17.333333333333332,2,7,Rival,0,0,8,4,0,0,0,0,0,0,0,0
plus_180,989,side1-layout2-slot477,2,Orange,goal,Nexto,2032,16.933333333333334,2,4,Rival,0,0,5,5,0,0,0,0,0,0,0,0
plus_180,990,side1-layout3-slot478,3,Orange,goal,Nexto,1376,11.466666666666667,2,6,Rival,0,0,7,2,0,0,0,0,0,0,0,0
plus_180,991,side1-layout4-slot479,4,Orange,goal,Nexto,3964,33.03333333333333,4,32,Rival,0,0,13,8,0,0,0,0,0,0,0,0
plus_180,992,side1-layout0-slot480,0,Orange,goal,Nexto,2852,23.766666666666666,2,10,Rival,0,0,12,7,1,0,1,0,0,0,0,0
plus_180,993,side1-layout1-slot481,1,Orange,goal,Nexto,2080,17.333333333333332,2,7,Rival,0,0,8,4,0,0,0,0,0,0,0,0
plus_180,994,side1-layout2-slot482,2,Orange,goal,Nexto,2032,16.933333333333334,2,4,Rival,0,0,5,5,0,0,0,0,0,0,0,0
plus_180,995,side1-layout3-slot483,3,Orange,goal,Nexto,1376,11.466666666666667,2,6,Rival,0,0,7,2,0,0,0,0,0,0,0,0
plus_180,996,side1-layout4-slot484,4,Orange,goal,Nexto,3964,33.03333333333333,4,32,Rival,0,0,13,8,0,0,0,0,0,0,0,0
plus_180,997,side1-layout0-slot485,0,Orange,goal,Nexto,2852,23.766666666666666,2,10,Rival,0,0,12,7,1,0,1,0,0,0,0,0
plus_180,998,side1-layout1-slot486,1,Orange,goal,Nexto,2080,17.333333333333332,2,7,Rival,0,0,8,4,0,0,0,0,0,0,0,0
plus_180,999,side1-layout2-slot487,2,Orange,goal,Nexto,2032,16.933333333333334,2,4,Rival,0,0,5,5,0,0,0,0,0,0,0,0
plus_180,1000,side1-layout3-slot488,3,Orange,goal,Nexto,1376,11.466666666666667,2,6,Rival,0,0,7,2,0,0,0,0,0,0,0,0
plus_180,1001,side1-layout4-slot489,4,Orange,goal,Nexto,3964,33.03333333333333,4,32,Rival,0,0,13,8,0,0,0,0,0,0,0,0
plus_180,1002,side1-layout0-slot490,0,Orange,goal,Nexto,2852,23.766666666666666,2,10,Rival,0,0,12,7,1,0,1,0,0,0,0,0
plus_180,1003,side1-layout1-slot491,1,Orange,goal,Nexto,2080,17.333333333333332,2,7,Rival,0,0,8,4,0,0,0,0,0,0,0,0
plus_180,1004,side1-layout2-slot492,2,Orange,goal,Nexto,2032,16.933333333333334,2,4,Rival,0,0,5,5,0,0,0,0,0,0,0,0
plus_180,1005,side1-layout3-slot493,3,Orange,goal,Nexto,1376,11.466666666666667,2,6,Rival,0,0,7,2,0,0,0,0,0,0,0,0
plus_180,1006,side1-layout4-slot494,4,Orange,goal,Nexto,3964,33.03333333333333,4,32,Rival,0,0,13,8,0,0,0,0,0,0,0,0
plus_180,1007,side1-layout0-slot495,0,Orange,goal,Nexto,2852,23.766666666666666,2,10,Rival,0,0,12,7,1,0,1,0,0,0,0,0
plus_180,1008,side1-layout1-slot496,1,Orange,goal,Nexto,2080,17.333333333333332,2,7,Rival,0,0,8,4,0,0,0,0,0,0,0,0
plus_180,1009,side1-layout2-slot497,2,Orange,goal,Nexto,2032,16.933333333333334,2,4,Rival,0,0,5,5,0,0,0,0,0,0,0,0
plus_180,1010,side1-layout3-slot498,3,Orange,goal,Nexto,1376,11.466666666666667,2,6,Rival,0,0,7,2,0,0,0,0,0,0,0,0
plus_180,1011,side1-layout4-slot499,4,Orange,goal,Nexto,3964,33.03333333333333,4,32,Rival,0,0,13,8,0,0,0,0,0,0,0,0
plus_180,1012,side1-layout0-slot500,0,Orange,goal,Nexto,2852,23.766666666666666,2,10,Rival,0,0,12,7,1,0,1,0,0,0,0,0
plus_180,1013,side1-layout1-slot501,1,Orange,goal,Nexto,2080,17.333333333333332,2,7,Rival,0,0,8,4,0,0,0,0,0,0,0,0
plus_180,1014,side1-layout2-slot502,2,Orange,goal,Nexto,2032,16.933333333333334,2,4,Rival,0,0,5,5,0,0,0,0,0,0,0,0
plus_180,1015,side1-layout3-slot503,3,Orange,goal,Nexto,1376,11.466666666666667,2,6,Rival,0,0,7,2,0,0,0,0,0,0,0,0
plus_180,1016,side1-layout4-slot504,4,Orange,goal,Nexto,3964,33.03333333333333,4,32,Rival,0,0,13,8,0,0,0,0,0,0,0,0
plus_180,1017,side1-layout0-slot505,0,Orange,goal,Nexto,2852,23.766666666666666,2,10,Rival,0,0,12,7,1,0,1,0,0,0,0,0
plus_180,1018,side1-layout1-slot506,1,Orange,goal,Nexto,2080,17.333333333333332,2,7,Rival,0,0,8,4,0,0,0,0,0,0,0,0
plus_180,1019,side1-layout2-slot507,2,Orange,goal,Nexto,2032,16.933333333333334,2,4,Rival,0,0,5,5,0,0,0,0,0,0,0,0
plus_180,1020,side1-layout3-slot508,3,Orange,goal,Nexto,1376,11.466666666666667,2,6,Rival,0,0,7,2,0,0,0,0,0,0,0,0
plus_180,1021,side1-layout4-slot509,4,Orange,goal,Nexto,3964,33.03333333333333,4,32,Rival,0,0,13,8,0,0,0,0,0,0,0,0
plus_180,1022,side1-layout0-slot510,0,Orange,goal,Nexto,2852,23.766666666666666,2,10,Rival,0,0,12,7,1,0,1,0,0,0,0,0
plus_180,1023,side1-layout1-slot511,1,Orange,goal,Nexto,2080,17.333333333333332,2,7,Rival,0,0,8,4,0,0,0,0,0,0,0,0
