checkpoint,world,pair_key,starting_layout,rival_side,termination,winner,duration_ticks,duration_seconds,rival_touches,nexto_touches,first_toucher,rival_saves,nexto_saves,rival_flips,nexto_flips,rival_wavedash_candidates,nexto_wavedash_candidates,rival_speed_increasing_wavedash_candidates,nexto_speed_increasing_wavedash_candidates,rival_zapdash_candidates,nexto_zapdash_candidates,rival_double_dash_candidate_events,nexto_double_dash_candidate_events
plus_239,0,side0-layout0-slot0,0,Blue,goal,Nexto,1264,10.533333333333333,2,4,Rival,0,0,5,3,0,0,0,0,0,0,0,0
plus_239,1,side0-layout1-slot1,1,Blue,goal,Nexto,1252,10.433333333333334,1,8,Rival,0,0,4,2,0,0,0,0,0,0,0,0
plus_239,2,side0-layout2-slot2,2,Blue,goal,Nexto,1724,14.366666666666667,3,15,Rival,0,0,6,3,0,1,0,1,0,0,0,0
plus_239,3,side0-layout3-slot3,3,Blue,goal,Nexto,2196,18.3,3,6,Rival,2,0,7,7,1,0,1,0,0,0,0,0
plus_239,4,side0-layout4-slot4,4,Blue,goal,Nexto,1740,14.5,2,3,Rival,0,0,4,4,1,0,1,0,0,0,0,0
plus_239,5,side0-layout0-slot5,0,Blue,goal,Nexto,1264,10.533333333333333,2,4,Rival,0,0,5,3,0,0,0,0,0,0,0,0
plus_239,6,side0-layout1-slot6,1,Blue,goal,Nexto,1252,10.433333333333334,1,8,Rival,0,0,4,2,0,0,0,0,0,0,0,0
plus_239,7,side0-layout2-slot7,2,Blue,goal,Nexto,1724,14.366666666666667,3,15,Rival,0,0,6,3,0,1,0,1,0,0,0,0
plus_239,8,side0-layout3-slot8,3,Blue,goal,Nexto,2196,18.3,3,6,Rival,2,0,7,7,1,0,1,0,0,0,0,0
plus_239,9,side0-layout4-slot9,4,Blue,goal,Nexto,1740,14.5,2,3,Rival,0,0,4,4,1,0,1,0,0,0,0,0
plus_239,10,side0-layout0-slot10,0,Blue,goal,Nexto,1264,10.533333333333333,2,4,Rival,0,0,5,3,0,0,0,0,0,0,0,0
plus_239,11,side0-layout1-slot11,1,Blue,goal,Nexto,1252,10.433333333333334,1,8,Rival,0,0,4,2,0,0,0,0,0,0,0,0
plus_239,12,side0-layout2-slot12,2,Blue,goal,Nexto,1724,14.366666666666667,3,15,Rival,0,0,6,3,0,1,0,1,0,0,0,0
plus_239,13,side0-layout3-slot13,3,Blue,goal,Nexto,2196,18.3,3,6,Rival,2,0,7,7,1,0,1,0,0,0,0,0
plus_239,14,side0-layout4-slot14,4,Blue,goal,Nexto,1740,14.5,2,3,Rival,0,0,4,4,1,0,1,0,0,0,0,0
plus_239,15,side0-layout0-slot15,0,Blue,goal,Nexto,1264,10.533333333333333,2,4,Rival,0,0,5,3,0,0,0,0,0,0,0,0
plus_239,16,side0-layout1-slot16,1,Blue,goal,Nexto,1252,10.433333333333334,1,8,Rival,0,0,4,2,0,0,0,0,0,0,0,0
plus_239,17,side0-layout2-slot17,2,Blue,goal,Nexto,1724,14.366666666666667,3,15,Rival,0,0,6,3,0,1,0,1,0,0,0,0
plus_239,18,side0-layout3-slot18,3,Blue,goal,Nexto,2196,18.3,3,6,Rival,2,0,7,7,1,0,1,0,0,0,0,0
plus_239,19,side0-layout4-slot19,4,Blue,goal,Nexto,1740,14.5,2,3,Rival,0,0,4,4,1,0,1,0,0,0,0,0
plus_239,20,side0-layout0-slot20,0,Blue,goal,Nexto,1264,10.533333333333333,2,4,Rival,0,0,5,3,0,0,0,0,0,0,0,0
plus_239,21,side0-layout1-slot21,1,Blue,goal,Nexto,1252,10.433333333333334,1,8,Rival,0,0,4,2,0,0,0,0,0,0,0,0
plus_239,22,side0-layout2-slot22,2,Blue,goal,Nexto,1724,14.366666666666667,3,15,Rival,0,0,6,3,0,1,0,1,0,0,0,0
plus_239,23,side0-layout3-slot23,3,Blue,goal,Nexto,2196,18.3,3,6,Rival,2,0,7,7,1,0,1,0,0,0,0,0
plus_239,24,side0-layout4-slot24,4,Blue,goal,Nexto,1740,14.5,2,3,Rival,0,0,4,4,1,0,1,0,0,0,0,0
plus_239,25,side0-layout0-slot25,0,Blue,goal,Nexto,1264,10.533333333333333,2,4,Rival,0,0,5,3,0,0,0,0,0,0,0,0
plus_239,26,side0-layout1-slot26,1,Blue,goal,Nexto,1252,10.433333333333334,1,8,Rival,0,0,4,2,0,0,0,0,0,0,0,0
plus_239,27,side0-layout2-slot27,2,Blue,goal,Nexto,1724,14.366666666666667,3,15,Rival,0,0,6,3,0,1,0,1,0,0,0,0
plus_239,28,side0-layout3-slot28,3,Blue,goal,Nexto,2196,18.3,3,6,Rival,2,0,7,7,1,0,1,0,0,0,0,0
plus_239,29,side0-layout4-slot29,4,Blue,goal,Nexto,1740,14.5,2,3,Rival,0,0,4,4,1,0,1,0,0,0,0,0
plus_239,30,side0-layout0-slot30,0,Blue,goal,Nexto,1264,10.533333333333333,2,4,Rival,0,0,5,3,0,0,0,0,0,0,0,0
plus_239,31,side0-layout1-slot31,1,Blue,goal,Nexto,1252,10.433333333333334,1,8,Rival,0,0,4,2,0,0,0,0,0,0,0,0
plus_239,32,side0-layout2-slot32,2,Blue,goal,Nexto,1724,14.366666666666667,3,15,Rival,0,0,6,3,0,1,0,1,0,0,0,0
plus_239,33,side0-layout3-slot33,3,Blue,goal,Nexto,2196,18.3,3,6,Rival,2,0,7,7,1,0,1,0,0,0,0,0
plus_239,34,side0-layout4-slot34,4,Blue,goal,Nexto,1740,14.5,2,3,Rival,0,0,4,4,1,0,1,0,0,0,0,0
plus_239,35,side0-layout0-slot35,0,Blue,goal,Nexto,1264,10.533333333333333,2,4,Rival,0,0,5,3,0,0,0,0,0,0,0,0
plus_239,36,side0-layout1-slot36,1,Blue,goal,Nexto,1252,10.433333333333334,1,8,Rival,0,0,4,2,0,0,0,0,0,0,0,0
plus_239,37,side0-layout2-slot37,2,Blue,goal,Nexto,1724,14.366666666666667,3,15,Rival,0,0,6,3,0,1,0,1,0,0,0,0
plus_239,38,side0-layout3-slot38,3,Blue,goal,Nexto,2196,18.3,3,6,Rival,2,0,7,7,1,0,1,0,0,0,0,0
plus_239,39,side0-layout4-slot39,4,Blue,goal,Nexto,1740,14.5,2,3,Rival,0,0,4,4,1,0,1,0,0,0,0,0
plus_239,40,side0-layout0-slot40,0,Blue,goal,Nexto,1264,10.533333333333333,2,4,Rival,0,0,5,3,0,0,0,0,0,0,0,0
plus_239,41,side0-layout1-slot41,1,Blue,goal,Nexto,1252,10.433333333333334,1,8,Rival,0,0,4,2,0,0,0,0,0,0,0,0
plus_239,42,side0-layout2-slot42,2,Blue,goal,Nexto,1724,14.366666666666667,3,15,Rival,0,0,6,3,0,1,0,1,0,0,0,0
plus_239,43,side0-layout3-slot43,3,Blue,goal,Nexto,2196,18.3,3,6,Rival,2,0,7,7,1,0,1,0,0,0,0,0
plus_239,44,side0-layout4-slot44,4,Blue,goal,Nexto,1740,14.5,2,3,Rival,0,0,4,4,1,0,1,0,0,0,0,0
plus_239,45,side0-layout0-slot45,0,Blue,goal,Nexto,1264,10.533333333333333,2,4,Rival,0,0,5,3,0,0,0,0,0,0,0,0
plus_239,46,side0-layout1-slot46,1,Blue,goal,Nexto,1252,10.433333333333334,1,8,Rival,0,0,4,2,0,0,0,0,0,0,0,0
plus_239,47,side0-layout2-slot47,2,Blue,goal,Nexto,1724,14.366666666666667,3,15,Rival,0,0,6,3,0,1,0,1,0,0,0,0
plus_239,48,side0-layout3-slot48,3,Blue,goal,Nexto,2196,18.3,3,6,Rival,2,0,7,7,1,0,1,0,0,0,0,0
plus_239,49,side0-layout4-slot49,4,Blue,goal,Nexto,1740,14.5,2,3,Rival,0,0,4,4,1,0,1,0,0,0,0,0
plus_239,50,side0-layout0-slot50,0,Blue,goal,Nexto,1264,10.533333333333333,2,4,Rival,0,0,5,3,0,0,0,0,0,0,0,0
plus_239,51,side0-layout1-slot51,1,Blue,goal,Nexto,1252,10.433333333333334,1,8,Rival,0,0,4,2,0,0,0,0,0,0,0,0
plus_239,52,side0-layout2-slot52,2,Blue,goal,Nexto,1724,14.366666666666667,3,15,Rival,0,0,6,3,0,1,0,1,0,0,0,0
plus_239,53,side0-layout3-slot53,3,Blue,goal,Nexto,2196,18.3,3,6,Rival,2,0,7,7,1,0,1,0,0,0,0,0
plus_239,54,side0-layout4-slot54,4,Blue,goal,Nexto,1740,14.5,2,3,Rival,0,0,4,4,1,0,1,0,0,0,0,0
plus_239,55,side0-layout0-slot55,0,Blue,goal,Nexto,1264,10.533333333333333,2,4,Rival,0,0,5,3,0,0,0,0,0,0,0,0
plus_239,56,side0-layout1-slot56,1,Blue,goal,Nexto,1252,10.433333333333334,1,8,Rival,0,0,4,2,0,0,0,0,0,0,0,0
plus_239,57,side0-layout2-slot57,2,Blue,goal,Nexto,1724,14.366666666666667,3,15,Rival,0,0,6,3,0,1,0,1,0,0,0,0
plus_239,58,side0-layout3-slot58,3,Blue,goal,Nexto,2196,18.3,3,6,Rival,2,0,7,7,1,0,1,0,0,0,0,0
plus_239,59,side0-layout4-slot59,4,Blue,goal,Nexto,1740,14.5,2,3,Rival,0,0,4,4,1,0,1,0,0,0,0,0
plus_239,60,side0-layout0-slot60,0,Blue,goal,Nexto,1264,10.533333333333333,2,4,Rival,0,0,5,3,0,0,0,0,0,0,0,0
plus_239,61,side0-layout1-slot61,1,Blue,goal,Nexto,1252,10.433333333333334,1,8,Rival,0,0,4,2,0,0,0,0,0,0,0,0
plus_239,62,side0-layout2-slot62,2,Blue,goal,Nexto,1724,14.366666666666667,3,15,Rival,0,0,6,3,0,1,0,1,0,0,0,0
plus_239,63,side0-layout3-slot63,3,Blue,goal,Nexto,2196,18.3,3,6,Rival,2,0,7,7,1,0,1,0,0,0,0,0
plus_239,64,side0-layout4-slot64,4,Blue,goal,Nexto,1740,14.5,2,3,Rival,0,0,4,4,1,0,1,0,0,0,0,0
plus_239,65,side0-layout0-slot65,0,Blue,goal,Nexto,1264,10.533333333333333,2,4,Rival,0,0,5,3,0,0,0,0,0,0,0,0
plus_239,66,side0-layout1-slot66,1,Blue,goal,Nexto,1252,10.433333333333334,1,8,Rival,0,0,4,2,0,0,0,0,0,0,0,0
plus_239,67,side0-layout2-slot67,2,Blue,goal,Nexto,1724,14.366666666666667,3,15,Rival,0,0,6,3,0,1,0,1,0,0,0,0
plus_239,68,side0-layout3-slot68,3,Blue,goal,Nexto,2196,18.3,3,6,Rival,2,0,7,7,1,0,1,0,0,0,0,0
plus_239,69,side0-layout4-slot69,4,Blue,goal,Nexto,1740,14.5,2,3,Rival,0,0,4,4,1,0,1,0,0,0,0,0
plus_239,70,side0-layout0-slot70,0,Blue,goal,Nexto,1264,10.533333333333333,2,4,Rival,0,0,5,3,0,0,0,0,0,0,0,0
plus_239,71,side0-layout1-slot71,1,Blue,goal,Nexto,1252,10.433333333333334,1,8,Rival,0,0,4,2,0,0,0,0,0,0,0,0
plus_239,72,side0-layout2-slot72,2,Blue,goal,Nexto,1724,14.366666666666667,3,15,Rival,0,0,6,3,0,1,0,1,0,0,0,0
plus_239,73,side0-layout3-slot73,3,Blue,goal,Nexto,2196,18.3,3,6,Rival,2,0,7,7,1,0,1,0,0,0,0,0
plus_239,74,side0-layout4-slot74,4,Blue,goal,Nexto,1740,14.5,2,3,Rival,0,0,4,4,1,0,1,0,0,0,0,0
plus_239,75,side0-layout0-slot75,0,Blue,goal,Nexto,1264,10.533333333333333,2,4,Rival,0,0,5,3,0,0,0,0,0,0,0,0
plus_239,76,side0-layout1-slot76,1,Blue,goal,Nexto,1252,10.433333333333334,1,8,Rival,0,0,4,2,0,0,0,0,0,0,0,0
plus_239,77,side0-layout2-slot77,2,Blue,goal,Nexto,1724,14.366666666666667,3,15,Rival,0,0,6,3,0,1,0,1,0,0,0,0
plus_239,78,side0-layout3-slot78,3,Blue,goal,Nexto,2196,18.3,3,6,Rival,2,0,7,7,1,0,1,0,0,0,0,0
plus_239,79,side0-layout4-slot79,4,Blue,goal,Nexto,1740,14.5,2,3,Rival,0,0,4,4,1,0,1,0,0,0,0,0
plus_239,80,side0-layout0-slot80,0,Blue,goal,Nexto,1264,10.533333333333333,2,4,Rival,0,0,5,3,0,0,0,0,0,0,0,0
plus_239,81,side0-layout1-slot81,1,Blue,goal,Nexto,1252,10.433333333333334,1,8,Rival,0,0,4,2,0,0,0,0,0,0,0,0
plus_239,82,side0-layout2-slot82,2,Blue,goal,Nexto,1724,14.366666666666667,3,15,Rival,0,0,6,3,0,1,0,1,0,0,0,0
plus_239,83,side0-layout3-slot83,3,Blue,goal,Nexto,2196,18.3,3,6,Rival,2,0,7,7,1,0,1,0,0,0,0,0
plus_239,84,side0-layout4-slot84,4,Blue,goal,Nexto,1740,14.5,2,3,Rival,0,0,4,4,1,0,1,0,0,0,0,0
plus_239,85,side0-layout0-slot85,0,Blue,goal,Nexto,1264,10.533333333333333,2,4,Rival,0,0,5,3,0,0,0,0,0,0,0,0
plus_239,86,side0-layout1-slot86,1,Blue,goal,Nexto,1252,10.433333333333334,1,8,Rival,0,0,4,2,0,0,0,0,0,0,0,0
plus_239,87,side0-layout2-slot87,2,Blue,goal,Nexto,1724,14.366666666666667,3,15,Rival,0,0,6,3,0,1,0,1,0,0,0,0
plus_239,88,side0-layout3-slot88,3,Blue,goal,Nexto,2196,18.3,3,6,Rival,2,0,7,7,1,0,1,0,0,0,0,0
plus_239,89,side0-layout4-slot89,4,Blue,goal,Nexto,1740,14.5,2,3,Rival,0,0,4,4,1,0,1,0,0,0,0,0
plus_239,90,side0-layout0-slot90,0,Blue,goal,Nexto,1264,10.533333333333333,2,4,Rival,0,0,5,3,0,0,0,0,0,0,0,0
plus_239,91,side0-layout1-slot91,1,Blue,goal,Nexto,1252,10.433333333333334,1,8,Rival,0,0,4,2,0,0,0,0,0,0,0,0
plus_239,92,side0-layout2-slot92,2,Blue,goal,Nexto,1724,14.366666666666667,3,15,Rival,0,0,6,3,0,1,0,1,0,0,0,0
plus_239,93,side0-layout3-slot93,3,Blue,goal,Nexto,2196,18.3,3,6,Rival,2,0,7,7,1,0,1,0,0,0,0,0
plus_239,94,side0-layout4-slot94,4,Blue,goal,Nexto,1740,14.5,2,3,Rival,0,0,4,4,1,0,1,0,0,0,0,0
plus_239,95,side0-layout0-slot95,0,Blue,goal,Nexto,1264,10.533333333333333,2,4,Rival,0,0,5,3,0,0,0,0,0,0,0,0
plus_239,96,side0-layout1-slot96,1,Blue,goal,Nexto,1252,10.433333333333334,1,8,Rival,0,0,4,2,0,0,0,0,0,0,0,0
plus_239,97,side0-layout2-slot97,2,Blue,goal,Nexto,1724,14.366666666666667,3,15,Rival,0,0,6,3,0,1,0,1,0,0,0,0
plus_239,98,side0-layout3-slot98,3,Blue,goal,Nexto,2196,18.3,3,6,Rival,2,0,7,7,1,0,1,0,0,0,0,0
plus_239,99,side0-layout4-slot99,4,Blue,goal,Nexto,1740,14.5,2,3,Rival,0,0,4,4,1,0,1,0,0,0,0,0
plus_239,100,side0-layout0-slot100,0,Blue,goal,Nexto,1264,10.533333333333333,2,4,Rival,0,0,5,3,0,0,0,0,0,0,0,0
plus_239,101,side0-layout1-slot101,1,Blue,goal,Nexto,1252,10.433333333333334,1,8,Rival,0,0,4,2,0,0,0,0,0,0,0,0
plus_239,102,side0-layout2-slot102,2,Blue,goal,Nexto,1724,14.366666666666667,3,15,Rival,0,0,6,3,0,1,0,1,0,0,0,0
plus_239,103,side0-layout3-slot103,3,Blue,goal,Nexto,2196,18.3,3,6,Rival,2,0,7,7,1,0,1,0,0,0,0,0
plus_239,104,side0-layout4-slot104,4,Blue,goal,Nexto,1740,14.5,2,3,Rival,0,0,4,4,1,0,1,0,0,0,0,0
plus_239,105,side0-layout0-slot105,0,Blue,goal,Nexto,1264,10.533333333333333,2,4,Rival,0,0,5,3,0,0,0,0,0,0,0,0
plus_239,106,side0-layout1-slot106,1,Blue,goal,Nexto,1252,10.433333333333334,1,8,Rival,0,0,4,2,0,0,0,0,0,0,0,0
plus_239,107,side0-layout2-slot107,2,Blue,goal,Nexto,1724,14.366666666666667,3,15,Rival,0,0,6,3,0,1,0,1,0,0,0,0
plus_239,108,side0-layout3-slot108,3,Blue,goal,Nexto,2196,18.3,3,6,Rival,2,0,7,7,1,0,1,0,0,0,0,0
plus_239,109,side0-layout4-slot109,4,Blue,goal,Nexto,1740,14.5,2,3,Rival,0,0,4,4,1,0,1,0,0,0,0,0
plus_239,110,side0-layout0-slot110,0,Blue,goal,Nexto,1264,10.533333333333333,2,4,Rival,0,0,5,3,0,0,0,0,0,0,0,0
plus_239,111,side0-layout1-slot111,1,Blue,goal,Nexto,1252,10.433333333333334,1,8,Rival,0,0,4,2,0,0,0,0,0,0,0,0
plus_239,112,side0-layout2-slot112,2,Blue,goal,Nexto,1724,14.366666666666667,3,15,Rival,0,0,6,3,0,1,0,1,0,0,0,0
plus_239,113,side0-layout3-slot113,3,Blue,goal,Nexto,2196,18.3,3,6,Rival,2,0,7,7,1,0,1,0,0,0,0,0
plus_239,114,side0-layout4-slot114,4,Blue,goal,Nexto,1740,14.5,2,3,Rival,0,0,4,4,1,0,1,0,0,0,0,0
plus_239,115,side0-layout0-slot115,0,Blue,goal,Nexto,1264,10.533333333333333,2,4,Rival,0,0,5,3,0,0,0,0,0,0,0,0
plus_239,116,side0-layout1-slot116,1,Blue,goal,Nexto,1252,10.433333333333334,1,8,Rival,0,0,4,2,0,0,0,0,0,0,0,0
plus_239,117,side0-layout2-slot117,2,Blue,goal,Nexto,1724,14.366666666666667,3,15,Rival,0,0,6,3,0,1,0,1,0,0,0,0
plus_239,118,side0-layout3-slot118,3,Blue,goal,Nexto,2196,18.3,3,6,Rival,2,0,7,7,1,0,1,0,0,0,0,0
plus_239,119,side0-layout4-slot119,4,Blue,goal,Nexto,1740,14.5,2,3,Rival,0,0,4,4,1,0,1,0,0,0,0,0
plus_239,120,side0-layout0-slot120,0,Blue,goal,Nexto,1264,10.533333333333333,2,4,Rival,0,0,5,3,0,0,0,0,0,0,0,0
plus_239,121,side0-layout1-slot121,1,Blue,goal,Nexto,1252,10.433333333333334,1,8,Rival,0,0,4,2,0,0,0,0,0,0,0,0
plus_239,122,side0-layout2-slot122,2,Blue,goal,Nexto,1724,14.366666666666667,3,15,Rival,0,0,6,3,0,1,0,1,0,0,0,0
plus_239,123,side0-layout3-slot123,3,Blue,goal,Nexto,2196,18.3,3,6,Rival,2,0,7,7,1,0,1,0,0,0,0,0
plus_239,124,side0-layout4-slot124,4,Blue,goal,Nexto,1740,14.5,2,3,Rival,0,0,4,4,1,0,1,0,0,0,0,0
plus_239,125,side0-layout0-slot125,0,Blue,goal,Nexto,1264,10.533333333333333,2,4,Rival,0,0,5,3,0,0,0,0,0,0,0,0
plus_239,126,side0-layout1-slot126,1,Blue,goal,Nexto,1252,10.433333333333334,1,8,Rival,0,0,4,2,0,0,0,0,0,0,0,0
plus_239,127,side0-layout2-slot127,2,Blue,goal,Nexto,1724,14.366666666666667,3,15,Rival,0,0,6,3,0,1,0,1,0,0,0,0
plus_239,128,side0-layout3-slot128,3,Blue,goal,Nexto,2196,18.3,3,6,Rival,2,0,7,7,1,0,1,0,0,0,0,0
plus_239,129,side0-layout4-slot129,4,Blue,goal,Nexto,1740,14.5,2,3,Rival,0,0,4,4,1,0,1,0,0,0,0,0
plus_239,130,side0-layout0-slot130,0,Blue,goal,Nexto,1264,10.533333333333333,2,4,Rival,0,0,5,3,0,0,0,0,0,0,0,0
plus_239,131,side0-layout1-slot131,1,Blue,goal,Nexto,1252,10.433333333333334,1,8,Rival,0,0,4,2,0,0,0,0,0,0,0,0
plus_239,132,side0-layout2-slot132,2,Blue,goal,Nexto,1724,14.366666666666667,3,15,Rival,0,0,6,3,0,1,0,1,0,0,0,0
plus_239,133,side0-layout3-slot133,3,Blue,goal,Nexto,2196,18.3,3,6,Rival,2,0,7,7,1,0,1,0,0,0,0,0
plus_239,134,side0-layout4-slot134,4,Blue,goal,Nexto,1740,14.5,2,3,Rival,0,0,4,4,1,0,1,0,0,0,0,0
plus_239,135,side0-layout0-slot135,0,Blue,goal,Nexto,1264,10.533333333333333,2,4,Rival,0,0,5,3,0,0,0,0,0,0,0,0
plus_239,136,side0-layout1-slot136,1,Blue,goal,Nexto,1252,10.433333333333334,1,8,Rival,0,0,4,2,0,0,0,0,0,0,0,0
plus_239,137,side0-layout2-slot137,2,Blue,goal,Nexto,1724,14.366666666666667,3,15,Rival,0,0,6,3,0,1,0,1,0,0,0,0
plus_239,138,side0-layout3-slot138,3,Blue,goal,Nexto,2196,18.3,3,6,Rival,2,0,7,7,1,0,1,0,0,0,0,0
plus_239,139,side0-layout4-slot139,4,Blue,goal,Nexto,1740,14.5,2,3,Rival,0,0,4,4,1,0,1,0,0,0,0,0
plus_239,140,side0-layout0-slot140,0,Blue,goal,Nexto,1264,10.533333333333333,2,4,Rival,0,0,5,3,0,0,0,0,0,0,0,0
plus_239,141,side0-layout1-slot141,1,Blue,goal,Nexto,1252,10.433333333333334,1,8,Rival,0,0,4,2,0,0,0,0,0,0,0,0
plus_239,142,side0-layout2-slot142,2,Blue,goal,Nexto,1724,14.366666666666667,3,15,Rival,0,0,6,3,0,1,0,1,0,0,0,0
plus_239,143,side0-layout3-slot143,3,Blue,goal,Nexto,2196,18.3,3,6,Rival,2,0,7,7,1,0,1,0,0,0,0,0
plus_239,144,side0-layout4-slot144,4,Blue,goal,Nexto,1740,14.5,2,3,Rival,0,0,4,4,1,0,1,0,0,0,0,0
plus_239,145,side0-layout0-slot145,0,Blue,goal,Nexto,1264,10.533333333333333,2,4,Rival,0,0,5,3,0,0,0,0,0,0,0,0
plus_239,146,side0-layout1-slot146,1,Blue,goal,Nexto,1252,10.433333333333334,1,8,Rival,0,0,4,2,0,0,0,0,0,0,0,0
plus_239,147,side0-layout2-slot147,2,Blue,goal,Nexto,1724,14.366666666666667,3,15,Rival,0,0,6,3,0,1,0,1,0,0,0,0
plus_239,148,side0-layout3-slot148,3,Blue,goal,Nexto,2196,18.3,3,6,Rival,2,0,7,7,1,0,1,0,0,0,0,0
plus_239,149,side0-layout4-slot149,4,Blue,goal,Nexto,1740,14.5,2,3,Rival,0,0,4,4,1,0,1,0,0,0,0,0
plus_239,150,side0-layout0-slot150,0,Blue,goal,Nexto,1264,10.533333333333333,2,4,Rival,0,0,5,3,0,0,0,0,0,0,0,0
plus_239,151,side0-layout1-slot151,1,Blue,goal,Nexto,1252,10.433333333333334,1,8,Rival,0,0,4,2,0,0,0,0,0,0,0,0
plus_239,152,side0-layout2-slot152,2,Blue,goal,Nexto,1724,14.366666666666667,3,15,Rival,0,0,6,3,0,1,0,1,0,0,0,0
plus_239,153,side0-layout3-slot153,3,Blue,goal,Nexto,2196,18.3,3,6,Rival,2,0,7,7,1,0,1,0,0,0,0,0
plus_239,154,side0-layout4-slot154,4,Blue,goal,Nexto,1740,14.5,2,3,Rival,0,0,4,4,1,0,1,0,0,0,0,0
plus_239,155,side0-layout0-slot155,0,Blue,goal,Nexto,1264,10.533333333333333,2,4,Rival,0,0,5,3,0,0,0,0,0,0,0,0
plus_239,156,side0-layout1-slot156,1,Blue,goal,Nexto,1252,10.433333333333334,1,8,Rival,0,0,4,2,0,0,0,0,0,0,0,0
plus_239,157,side0-layout2-slot157,2,Blue,goal,Nexto,1724,14.366666666666667,3,15,Rival,0,0,6,3,0,1,0,1,0,0,0,0
plus_239,158,side0-layout3-slot158,3,Blue,goal,Nexto,2196,18.3,3,6,Rival,2,0,7,7,1,0,1,0,0,0,0,0
plus_239,159,side0-layout4-slot159,4,Blue,goal,Nexto,1740,14.5,2,3,Rival,0,0,4,4,1,0,1,0,0,0,0,0
plus_239,160,side0-layout0-slot160,0,Blue,goal,Nexto,1264,10.533333333333333,2,4,Rival,0,0,5,3,0,0,0,0,0,0,0,0
plus_239,161,side0-layout1-slot161,1,Blue,goal,Nexto,1252,10.433333333333334,1,8,Rival,0,0,4,2,0,0,0,0,0,0,0,0
plus_239,162,side0-layout2-slot162,2,Blue,goal,Nexto,1724,14.366666666666667,3,15,Rival,0,0,6,3,0,1,0,1,0,0,0,0
plus_239,163,side0-layout3-slot163,3,Blue,goal,Nexto,2196,18.3,3,6,Rival,2,0,7,7,1,0,1,0,0,0,0,0
plus_239,164,side0-layout4-slot164,4,Blue,goal,Nexto,1740,14.5,2,3,Rival,0,0,4,4,1,0,1,0,0,0,0,0
plus_239,165,side0-layout0-slot165,0,Blue,goal,Nexto,1264,10.533333333333333,2,4,Rival,0,0,5,3,0,0,0,0,0,0,0,0
plus_239,166,side0-layout1-slot166,1,Blue,goal,Nexto,1252,10.433333333333334,1,8,Rival,0,0,4,2,0,0,0,0,0,0,0,0
plus_239,167,side0-layout2-slot167,2,Blue,goal,Nexto,1724,14.366666666666667,3,15,Rival,0,0,6,3,0,1,0,1,0,0,0,0
plus_239,168,side0-layout3-slot168,3,Blue,goal,Nexto,2196,18.3,3,6,Rival,2,0,7,7,1,0,1,0,0,0,0,0
plus_239,169,side0-layout4-slot169,4,Blue,goal,Nexto,1740,14.5,2,3,Rival,0,0,4,4,1,0,1,0,0,0,0,0
plus_239,170,side0-layout0-slot170,0,Blue,goal,Nexto,1264,10.533333333333333,2,4,Rival,0,0,5,3,0,0,0,0,0,0,0,0
plus_239,171,side0-layout1-slot171,1,Blue,goal,Nexto,1252,10.433333333333334,1,8,Rival,0,0,4,2,0,0,0,0,0,0,0,0
plus_239,172,side0-layout2-slot172,2,Blue,goal,Nexto,1724,14.366666666666667,3,15,Rival,0,0,6,3,0,1,0,1,0,0,0,0
plus_239,173,side0-layout3-slot173,3,Blue,goal,Nexto,2196,18.3,3,6,Rival,2,0,7,7,1,0,1,0,0,0,0,0
plus_239,174,side0-layout4-slot174,4,Blue,goal,Nexto,1740,14.5,2,3,Rival,0,0,4,4,1,0,1,0,0,0,0,0
plus_239,175,side0-layout0-slot175,0,Blue,goal,Nexto,1264,10.533333333333333,2,4,Rival,0,0,5,3,0,0,0,0,0,0,0,0
plus_239,176,side0-layout1-slot176,1,Blue,goal,Nexto,1252,10.433333333333334,1,8,Rival,0,0,4,2,0,0,0,0,0,0,0,0
plus_239,177,side0-layout2-slot177,2,Blue,goal,Nexto,1724,14.366666666666667,3,15,Rival,0,0,6,3,0,1,0,1,0,0,0,0
plus_239,178,side0-layout3-slot178,3,Blue,goal,Nexto,2196,18.3,3,6,Rival,2,0,7,7,1,0,1,0,0,0,0,0
plus_239,179,side0-layout4-slot179,4,Blue,goal,Nexto,1740,14.5,2,3,Rival,0,0,4,4,1,0,1,0,0,0,0,0
plus_239,180,side0-layout0-slot180,0,Blue,goal,Nexto,1264,10.533333333333333,2,4,Rival,0,0,5,3,0,0,0,0,0,0,0,0
plus_239,181,side0-layout1-slot181,1,Blue,goal,Nexto,1252,10.433333333333334,1,8,Rival,0,0,4,2,0,0,0,0,0,0,0,0
plus_239,182,side0-layout2-slot182,2,Blue,goal,Nexto,1724,14.366666666666667,3,15,Rival,0,0,6,3,0,1,0,1,0,0,0,0
plus_239,183,side0-layout3-slot183,3,Blue,goal,Nexto,2196,18.3,3,6,Rival,2,0,7,7,1,0,1,0,0,0,0,0
plus_239,184,side0-layout4-slot184,4,Blue,goal,Nexto,1740,14.5,2,3,Rival,0,0,4,4,1,0,1,0,0,0,0,0
plus_239,185,side0-layout0-slot185,0,Blue,goal,Nexto,1264,10.533333333333333,2,4,Rival,0,0,5,3,0,0,0,0,0,0,0,0
plus_239,186,side0-layout1-slot186,1,Blue,goal,Nexto,1252,10.433333333333334,1,8,Rival,0,0,4,2,0,0,0,0,0,0,0,0
plus_239,187,side0-layout2-slot187,2,Blue,goal,Nexto,1724,14.366666666666667,3,15,Rival,0,0,6,3,0,1,0,1,0,0,0,0
plus_239,188,side0-layout3-slot188,3,Blue,goal,Nexto,2196,18.3,3,6,Rival,2,0,7,7,1,0,1,0,0,0,0,0
plus_239,189,side0-layout4-slot189,4,Blue,goal,Nexto,1740,14.5,2,3,Rival,0,0,4,4,1,0,1,0,0,0,0,0
plus_239,190,side0-layout0-slot190,0,Blue,goal,Nexto,1264,10.533333333333333,2,4,Rival,0,0,5,3,0,0,0,0,0,0,0,0
plus_239,191,side0-layout1-slot191,1,Blue,goal,Nexto,1252,10.433333333333334,1,8,Rival,0,0,4,2,0,0,0,0,0,0,0,0
plus_239,192,side0-layout2-slot192,2,Blue,goal,Nexto,1724,14.366666666666667,3,15,Rival,0,0,6,3,0,1,0,1,0,0,0,0
plus_239,193,side0-layout3-slot193,3,Blue,goal,Nexto,2196,18.3,3,6,Rival,2,0,7,7,1,0,1,0,0,0,0,0
plus_239,194,side0-layout4-slot194,4,Blue,goal,Nexto,1740,14.5,2,3,Rival,0,0,4,4,1,0,1,0,0,0,0,0
plus_239,195,side0-layout0-slot195,0,Blue,goal,Nexto,1264,10.533333333333333,2,4,Rival,0,0,5,3,0,0,0,0,0,0,0,0
plus_239,196,side0-layout1-slot196,1,Blue,goal,Nexto,1252,10.433333333333334,1,8,Rival,0,0,4,2,0,0,0,0,0,0,0,0
plus_239,197,side0-layout2-slot197,2,Blue,goal,Nexto,1724,14.366666666666667,3,15,Rival,0,0,6,3,0,1,0,1,0,0,0,0
plus_239,198,side0-layout3-slot198,3,Blue,goal,Nexto,2196,18.3,3,6,Rival,2,0,7,7,1,0,1,0,0,0,0,0
plus_239,199,side0-layout4-slot199,4,Blue,goal,Nexto,1740,14.5,2,3,Rival,0,0,4,4,1,0,1,0,0,0,0,0
plus_239,200,side0-layout0-slot200,0,Blue,goal,Nexto,1264,10.533333333333333,2,4,Rival,0,0,5,3,0,0,0,0,0,0,0,0
plus_239,201,side0-layout1-slot201,1,Blue,goal,Nexto,1252,10.433333333333334,1,8,Rival,0,0,4,2,0,0,0,0,0,0,0,0
plus_239,202,side0-layout2-slot202,2,Blue,goal,Nexto,1724,14.366666666666667,3,15,Rival,0,0,6,3,0,1,0,1,0,0,0,0
plus_239,203,side0-layout3-slot203,3,Blue,goal,Nexto,2196,18.3,3,6,Rival,2,0,7,7,1,0,1,0,0,0,0,0
plus_239,204,side0-layout4-slot204,4,Blue,goal,Nexto,1740,14.5,2,3,Rival,0,0,4,4,1,0,1,0,0,0,0,0
plus_239,205,side0-layout0-slot205,0,Blue,goal,Nexto,1264,10.533333333333333,2,4,Rival,0,0,5,3,0,0,0,0,0,0,0,0
plus_239,206,side0-layout1-slot206,1,Blue,goal,Nexto,1252,10.433333333333334,1,8,Rival,0,0,4,2,0,0,0,0,0,0,0,0
plus_239,207,side0-layout2-slot207,2,Blue,goal,Nexto,1724,14.366666666666667,3,15,Rival,0,0,6,3,0,1,0,1,0,0,0,0
plus_239,208,side0-layout3-slot208,3,Blue,goal,Nexto,2196,18.3,3,6,Rival,2,0,7,7,1,0,1,0,0,0,0,0
plus_239,209,side0-layout4-slot209,4,Blue,goal,Nexto,1740,14.5,2,3,Rival,0,0,4,4,1,0,1,0,0,0,0,0
plus_239,210,side0-layout0-slot210,0,Blue,goal,Nexto,1264,10.533333333333333,2,4,Rival,0,0,5,3,0,0,0,0,0,0,0,0
plus_239,211,side0-layout1-slot211,1,Blue,goal,Nexto,1252,10.433333333333334,1,8,Rival,0,0,4,2,0,0,0,0,0,0,0,0
plus_239,212,side0-layout2-slot212,2,Blue,goal,Nexto,1724,14.366666666666667,3,15,Rival,0,0,6,3,0,1,0,1,0,0,0,0
plus_239,213,side0-layout3-slot213,3,Blue,goal,Nexto,2196,18.3,3,6,Rival,2,0,7,7,1,0,1,0,0,0,0,0
plus_239,214,side0-layout4-slot214,4,Blue,goal,Nexto,1740,14.5,2,3,Rival,0,0,4,4,1,0,1,0,0,0,0,0
plus_239,215,side0-layout0-slot215,0,Blue,goal,Nexto,1264,10.533333333333333,2,4,Rival,0,0,5,3,0,0,0,0,0,0,0,0
plus_239,216,side0-layout1-slot216,1,Blue,goal,Nexto,1252,10.433333333333334,1,8,Rival,0,0,4,2,0,0,0,0,0,0,0,0
plus_239,217,side0-layout2-slot217,2,Blue,goal,Nexto,1724,14.366666666666667,3,15,Rival,0,0,6,3,0,1,0,1,0,0,0,0
plus_239,218,side0-layout3-slot218,3,Blue,goal,Nexto,2196,18.3,3,6,Rival,2,0,7,7,1,0,1,0,0,0,0,0
plus_239,219,side0-layout4-slot219,4,Blue,goal,Nexto,1740,14.5,2,3,Rival,0,0,4,4,1,0,1,0,0,0,0,0
plus_239,220,side0-layout0-slot220,0,Blue,goal,Nexto,1264,10.533333333333333,2,4,Rival,0,0,5,3,0,0,0,0,0,0,0,0
plus_239,221,side0-layout1-slot221,1,Blue,goal,Nexto,1252,10.433333333333334,1,8,Rival,0,0,4,2,0,0,0,0,0,0,0,0
plus_239,222,side0-layout2-slot222,2,Blue,goal,Nexto,1724,14.366666666666667,3,15,Rival,0,0,6,3,0,1,0,1,0,0,0,0
plus_239,223,side0-layout3-slot223,3,Blue,goal,Nexto,2196,18.3,3,6,Rival,2,0,7,7,1,0,1,0,0,0,0,0
plus_239,224,side0-layout4-slot224,4,Blue,goal,Nexto,1740,14.5,2,3,Rival,0,0,4,4,1,0,1,0,0,0,0,0
plus_239,225,side0-layout0-slot225,0,Blue,goal,Nexto,1264,10.533333333333333,2,4,Rival,0,0,5,3,0,0,0,0,0,0,0,0
plus_239,226,side0-layout1-slot226,1,Blue,goal,Nexto,1252,10.433333333333334,1,8,Rival,0,0,4,2,0,0,0,0,0,0,0,0
plus_239,227,side0-layout2-slot227,2,Blue,goal,Nexto,1724,14.366666666666667,3,15,Rival,0,0,6,3,0,1,0,1,0,0,0,0
plus_239,228,side0-layout3-slot228,3,Blue,goal,Nexto,2196,18.3,3,6,Rival,2,0,7,7,1,0,1,0,0,0,0,0
plus_239,229,side0-layout4-slot229,4,Blue,goal,Nexto,1740,14.5,2,3,Rival,0,0,4,4,1,0,1,0,0,0,0,0
plus_239,230,side0-layout0-slot230,0,Blue,goal,Nexto,1264,10.533333333333333,2,4,Rival,0,0,5,3,0,0,0,0,0,0,0,0
plus_239,231,side0-layout1-slot231,1,Blue,goal,Nexto,1252,10.433333333333334,1,8,Rival,0,0,4,2,0,0,0,0,0,0,0,0
plus_239,232,side0-layout2-slot232,2,Blue,goal,Nexto,1724,14.366666666666667,3,15,Rival,0,0,6,3,0,1,0,1,0,0,0,0
plus_239,233,side0-layout3-slot233,3,Blue,goal,Nexto,2196,18.3,3,6,Rival,2,0,7,7,1,0,1,0,0,0,0,0
plus_239,234,side0-layout4-slot234,4,Blue,goal,Nexto,1740,14.5,2,3,Rival,0,0,4,4,1,0,1,0,0,0,0,0
plus_239,235,side0-layout0-slot235,0,Blue,goal,Nexto,1264,10.533333333333333,2,4,Rival,0,0,5,3,0,0,0,0,0,0,0,0
plus_239,236,side0-layout1-slot236,1,Blue,goal,Nexto,1252,10.433333333333334,1,8,Rival,0,0,4,2,0,0,0,0,0,0,0,0
plus_239,237,side0-layout2-slot237,2,Blue,goal,Nexto,1724,14.366666666666667,3,15,Rival,0,0,6,3,0,1,0,1,0,0,0,0
plus_239,238,side0-layout3-slot238,3,Blue,goal,Nexto,2196,18.3,3,6,Rival,2,0,7,7,1,0,1,0,0,0,0,0
plus_239,239,side0-layout4-slot239,4,Blue,goal,Nexto,1740,14.5,2,3,Rival,0,0,4,4,1,0,1,0,0,0,0,0
plus_239,240,side0-layout0-slot240,0,Blue,goal,Nexto,1264,10.533333333333333,2,4,Rival,0,0,5,3,0,0,0,0,0,0,0,0
plus_239,241,side0-layout1-slot241,1,Blue,goal,Nexto,1252,10.433333333333334,1,8,Rival,0,0,4,2,0,0,0,0,0,0,0,0
plus_239,242,side0-layout2-slot242,2,Blue,goal,Nexto,1724,14.366666666666667,3,15,Rival,0,0,6,3,0,1,0,1,0,0,0,0
plus_239,243,side0-layout3-slot243,3,Blue,goal,Nexto,2196,18.3,3,6,Rival,2,0,7,7,1,0,1,0,0,0,0,0
plus_239,244,side0-layout4-slot244,4,Blue,goal,Nexto,1740,14.5,2,3,Rival,0,0,4,4,1,0,1,0,0,0,0,0
plus_239,245,side0-layout0-slot245,0,Blue,goal,Nexto,1264,10.533333333333333,2,4,Rival,0,0,5,3,0,0,0,0,0,0,0,0
plus_239,246,side0-layout1-slot246,1,Blue,goal,Nexto,1252,10.433333333333334,1,8,Rival,0,0,4,2,0,0,0,0,0,0,0,0
plus_239,247,side0-layout2-slot247,2,Blue,goal,Nexto,1724,14.366666666666667,3,15,Rival,0,0,6,3,0,1,0,1,0,0,0,0
plus_239,248,side0-layout3-slot248,3,Blue,goal,Nexto,2196,18.3,3,6,Rival,2,0,7,7,1,0,1,0,0,0,0,0
plus_239,249,side0-layout4-slot249,4,Blue,goal,Nexto,1740,14.5,2,3,Rival,0,0,4,4,1,0,1,0,0,0,0,0
plus_239,250,side0-layout0-slot250,0,Blue,goal,Nexto,1264,10.533333333333333,2,4,Rival,0,0,5,3,0,0,0,0,0,0,0,0
plus_239,251,side0-layout1-slot251,1,Blue,goal,Nexto,1252,10.433333333333334,1,8,Rival,0,0,4,2,0,0,0,0,0,0,0,0
plus_239,252,side0-layout2-slot252,2,Blue,goal,Nexto,1724,14.366666666666667,3,15,Rival,0,0,6,3,0,1,0,1,0,0,0,0
plus_239,253,side0-layout3-slot253,3,Blue,goal,Nexto,2196,18.3,3,6,Rival,2,0,7,7,1,0,1,0,0,0,0,0
plus_239,254,side0-layout4-slot254,4,Blue,goal,Nexto,1740,14.5,2,3,Rival,0,0,4,4,1,0,1,0,0,0,0,0
plus_239,255,side0-layout0-slot255,0,Blue,goal,Nexto,1264,10.533333333333333,2,4,Rival,0,0,5,3,0,0,0,0,0,0,0,0
plus_239,256,side0-layout1-slot256,1,Blue,goal,Nexto,1252,10.433333333333334,1,8,Rival,0,0,4,2,0,0,0,0,0,0,0,0
plus_239,257,side0-layout2-slot257,2,Blue,goal,Nexto,1724,14.366666666666667,3,15,Rival,0,0,6,3,0,1,0,1,0,0,0,0
plus_239,258,side0-layout3-slot258,3,Blue,goal,Nexto,2196,18.3,3,6,Rival,2,0,7,7,1,0,1,0,0,0,0,0
plus_239,259,side0-layout4-slot259,4,Blue,goal,Nexto,1740,14.5,2,3,Rival,0,0,4,4,1,0,1,0,0,0,0,0
plus_239,260,side0-layout0-slot260,0,Blue,goal,Nexto,1264,10.533333333333333,2,4,Rival,0,0,5,3,0,0,0,0,0,0,0,0
plus_239,261,side0-layout1-slot261,1,Blue,goal,Nexto,1252,10.433333333333334,1,8,Rival,0,0,4,2,0,0,0,0,0,0,0,0
plus_239,262,side0-layout2-slot262,2,Blue,goal,Nexto,1724,14.366666666666667,3,15,Rival,0,0,6,3,0,1,0,1,0,0,0,0
plus_239,263,side0-layout3-slot263,3,Blue,goal,Nexto,2196,18.3,3,6,Rival,2,0,7,7,1,0,1,0,0,0,0,0
plus_239,264,side0-layout4-slot264,4,Blue,goal,Nexto,1740,14.5,2,3,Rival,0,0,4,4,1,0,1,0,0,0,0,0
plus_239,265,side0-layout0-slot265,0,Blue,goal,Nexto,1264,10.533333333333333,2,4,Rival,0,0,5,3,0,0,0,0,0,0,0,0
plus_239,266,side0-layout1-slot266,1,Blue,goal,Nexto,1252,10.433333333333334,1,8,Rival,0,0,4,2,0,0,0,0,0,0,0,0
plus_239,267,side0-layout2-slot267,2,Blue,goal,Nexto,1724,14.366666666666667,3,15,Rival,0,0,6,3,0,1,0,1,0,0,0,0
plus_239,268,side0-layout3-slot268,3,Blue,goal,Nexto,2196,18.3,3,6,Rival,2,0,7,7,1,0,1,0,0,0,0,0
plus_239,269,side0-layout4-slot269,4,Blue,goal,Nexto,1740,14.5,2,3,Rival,0,0,4,4,1,0,1,0,0,0,0,0
plus_239,270,side0-layout0-slot270,0,Blue,goal,Nexto,1264,10.533333333333333,2,4,Rival,0,0,5,3,0,0,0,0,0,0,0,0
plus_239,271,side0-layout1-slot271,1,Blue,goal,Nexto,1252,10.433333333333334,1,8,Rival,0,0,4,2,0,0,0,0,0,0,0,0
plus_239,272,side0-layout2-slot272,2,Blue,goal,Nexto,1724,14.366666666666667,3,15,Rival,0,0,6,3,0,1,0,1,0,0,0,0
plus_239,273,side0-layout3-slot273,3,Blue,goal,Nexto,2196,18.3,3,6,Rival,2,0,7,7,1,0,1,0,0,0,0,0
plus_239,274,side0-layout4-slot274,4,Blue,goal,Nexto,1740,14.5,2,3,Rival,0,0,4,4,1,0,1,0,0,0,0,0
plus_239,275,side0-layout0-slot275,0,Blue,goal,Nexto,1264,10.533333333333333,2,4,Rival,0,0,5,3,0,0,0,0,0,0,0,0
plus_239,276,side0-layout1-slot276,1,Blue,goal,Nexto,1252,10.433333333333334,1,8,Rival,0,0,4,2,0,0,0,0,0,0,0,0
plus_239,277,side0-layout2-slot277,2,Blue,goal,Nexto,1724,14.366666666666667,3,15,Rival,0,0,6,3,0,1,0,1,0,0,0,0
plus_239,278,side0-layout3-slot278,3,Blue,goal,Nexto,2196,18.3,3,6,Rival,2,0,7,7,1,0,1,0,0,0,0,0
plus_239,279,side0-layout4-slot279,4,Blue,goal,Nexto,1740,14.5,2,3,Rival,0,0,4,4,1,0,1,0,0,0,0,0
plus_239,280,side0-layout0-slot280,0,Blue,goal,Nexto,1264,10.533333333333333,2,4,Rival,0,0,5,3,0,0,0,0,0,0,0,0
plus_239,281,side0-layout1-slot281,1,Blue,goal,Nexto,1252,10.433333333333334,1,8,Rival,0,0,4,2,0,0,0,0,0,0,0,0
plus_239,282,side0-layout2-slot282,2,Blue,goal,Nexto,1724,14.366666666666667,3,15,Rival,0,0,6,3,0,1,0,1,0,0,0,0
plus_239,283,side0-layout3-slot283,3,Blue,goal,Nexto,2196,18.3,3,6,Rival,2,0,7,7,1,0,1,0,0,0,0,0
plus_239,284,side0-layout4-slot284,4,Blue,goal,Nexto,1740,14.5,2,3,Rival,0,0,4,4,1,0,1,0,0,0,0,0
plus_239,285,side0-layout0-slot285,0,Blue,goal,Nexto,1264,10.533333333333333,2,4,Rival,0,0,5,3,0,0,0,0,0,0,0,0
plus_239,286,side0-layout1-slot286,1,Blue,goal,Nexto,1252,10.433333333333334,1,8,Rival,0,0,4,2,0,0,0,0,0,0,0,0
plus_239,287,side0-layout2-slot287,2,Blue,goal,Nexto,1724,14.366666666666667,3,15,Rival,0,0,6,3,0,1,0,1,0,0,0,0
plus_239,288,side0-layout3-slot288,3,Blue,goal,Nexto,2196,18.3,3,6,Rival,2,0,7,7,1,0,1,0,0,0,0,0
plus_239,289,side0-layout4-slot289,4,Blue,goal,Nexto,1740,14.5,2,3,Rival,0,0,4,4,1,0,1,0,0,0,0,0
plus_239,290,side0-layout0-slot290,0,Blue,goal,Nexto,1264,10.533333333333333,2,4,Rival,0,0,5,3,0,0,0,0,0,0,0,0
plus_239,291,side0-layout1-slot291,1,Blue,goal,Nexto,1252,10.433333333333334,1,8,Rival,0,0,4,2,0,0,0,0,0,0,0,0
plus_239,292,side0-layout2-slot292,2,Blue,goal,Nexto,1724,14.366666666666667,3,15,Rival,0,0,6,3,0,1,0,1,0,0,0,0
plus_239,293,side0-layout3-slot293,3,Blue,goal,Nexto,2196,18.3,3,6,Rival,2,0,7,7,1,0,1,0,0,0,0,0
plus_239,294,side0-layout4-slot294,4,Blue,goal,Nexto,1740,14.5,2,3,Rival,0,0,4,4,1,0,1,0,0,0,0,0
plus_239,295,side0-layout0-slot295,0,Blue,goal,Nexto,1264,10.533333333333333,2,4,Rival,0,0,5,3,0,0,0,0,0,0,0,0
plus_239,296,side0-layout1-slot296,1,Blue,goal,Nexto,1252,10.433333333333334,1,8,Rival,0,0,4,2,0,0,0,0,0,0,0,0
plus_239,297,side0-layout2-slot297,2,Blue,goal,Nexto,1724,14.366666666666667,3,15,Rival,0,0,6,3,0,1,0,1,0,0,0,0
plus_239,298,side0-layout3-slot298,3,Blue,goal,Nexto,2196,18.3,3,6,Rival,2,0,7,7,1,0,1,0,0,0,0,0
plus_239,299,side0-layout4-slot299,4,Blue,goal,Nexto,1740,14.5,2,3,Rival,0,0,4,4,1,0,1,0,0,0,0,0
plus_239,300,side0-layout0-slot300,0,Blue,goal,Nexto,1264,10.533333333333333,2,4,Rival,0,0,5,3,0,0,0,0,0,0,0,0
plus_239,301,side0-layout1-slot301,1,Blue,goal,Nexto,1252,10.433333333333334,1,8,Rival,0,0,4,2,0,0,0,0,0,0,0,0
plus_239,302,side0-layout2-slot302,2,Blue,goal,Nexto,1724,14.366666666666667,3,15,Rival,0,0,6,3,0,1,0,1,0,0,0,0
plus_239,303,side0-layout3-slot303,3,Blue,goal,Nexto,2196,18.3,3,6,Rival,2,0,7,7,1,0,1,0,0,0,0,0
plus_239,304,side0-layout4-slot304,4,Blue,goal,Nexto,1740,14.5,2,3,Rival,0,0,4,4,1,0,1,0,0,0,0,0
plus_239,305,side0-layout0-slot305,0,Blue,goal,Nexto,1264,10.533333333333333,2,4,Rival,0,0,5,3,0,0,0,0,0,0,0,0
plus_239,306,side0-layout1-slot306,1,Blue,goal,Nexto,1252,10.433333333333334,1,8,Rival,0,0,4,2,0,0,0,0,0,0,0,0
plus_239,307,side0-layout2-slot307,2,Blue,goal,Nexto,1724,14.366666666666667,3,15,Rival,0,0,6,3,0,1,0,1,0,0,0,0
plus_239,308,side0-layout3-slot308,3,Blue,goal,Nexto,2196,18.3,3,6,Rival,2,0,7,7,1,0,1,0,0,0,0,0
plus_239,309,side0-layout4-slot309,4,Blue,goal,Nexto,1740,14.5,2,3,Rival,0,0,4,4,1,0,1,0,0,0,0,0
plus_239,310,side0-layout0-slot310,0,Blue,goal,Nexto,1264,10.533333333333333,2,4,Rival,0,0,5,3,0,0,0,0,0,0,0,0
plus_239,311,side0-layout1-slot311,1,Blue,goal,Nexto,1252,10.433333333333334,1,8,Rival,0,0,4,2,0,0,0,0,0,0,0,0
plus_239,312,side0-layout2-slot312,2,Blue,goal,Nexto,1724,14.366666666666667,3,15,Rival,0,0,6,3,0,1,0,1,0,0,0,0
plus_239,313,side0-layout3-slot313,3,Blue,goal,Nexto,2196,18.3,3,6,Rival,2,0,7,7,1,0,1,0,0,0,0,0
plus_239,314,side0-layout4-slot314,4,Blue,goal,Nexto,1740,14.5,2,3,Rival,0,0,4,4,1,0,1,0,0,0,0,0
plus_239,315,side0-layout0-slot315,0,Blue,goal,Nexto,1264,10.533333333333333,2,4,Rival,0,0,5,3,0,0,0,0,0,0,0,0
plus_239,316,side0-layout1-slot316,1,Blue,goal,Nexto,1252,10.433333333333334,1,8,Rival,0,0,4,2,0,0,0,0,0,0,0,0
plus_239,317,side0-layout2-slot317,2,Blue,goal,Nexto,1724,14.366666666666667,3,15,Rival,0,0,6,3,0,1,0,1,0,0,0,0
plus_239,318,side0-layout3-slot318,3,Blue,goal,Nexto,2196,18.3,3,6,Rival,2,0,7,7,1,0,1,0,0,0,0,0
plus_239,319,side0-layout4-slot319,4,Blue,goal,Nexto,1740,14.5,2,3,Rival,0,0,4,4,1,0,1,0,0,0,0,0
plus_239,320,side0-layout0-slot320,0,Blue,goal,Nexto,1264,10.533333333333333,2,4,Rival,0,0,5,3,0,0,0,0,0,0,0,0
plus_239,321,side0-layout1-slot321,1,Blue,goal,Nexto,1252,10.433333333333334,1,8,Rival,0,0,4,2,0,0,0,0,0,0,0,0
plus_239,322,side0-layout2-slot322,2,Blue,goal,Nexto,1724,14.366666666666667,3,15,Rival,0,0,6,3,0,1,0,1,0,0,0,0
plus_239,323,side0-layout3-slot323,3,Blue,goal,Nexto,2196,18.3,3,6,Rival,2,0,7,7,1,0,1,0,0,0,0,0
plus_239,324,side0-layout4-slot324,4,Blue,goal,Nexto,1740,14.5,2,3,Rival,0,0,4,4,1,0,1,0,0,0,0,0
plus_239,325,side0-layout0-slot325,0,Blue,goal,Nexto,1264,10.533333333333333,2,4,Rival,0,0,5,3,0,0,0,0,0,0,0,0
plus_239,326,side0-layout1-slot326,1,Blue,goal,Nexto,1252,10.433333333333334,1,8,Rival,0,0,4,2,0,0,0,0,0,0,0,0
plus_239,327,side0-layout2-slot327,2,Blue,goal,Nexto,1724,14.366666666666667,3,15,Rival,0,0,6,3,0,1,0,1,0,0,0,0
plus_239,328,side0-layout3-slot328,3,Blue,goal,Nexto,2196,18.3,3,6,Rival,2,0,7,7,1,0,1,0,0,0,0,0
plus_239,329,side0-layout4-slot329,4,Blue,goal,Nexto,1740,14.5,2,3,Rival,0,0,4,4,1,0,1,0,0,0,0,0
plus_239,330,side0-layout0-slot330,0,Blue,goal,Nexto,1264,10.533333333333333,2,4,Rival,0,0,5,3,0,0,0,0,0,0,0,0
plus_239,331,side0-layout1-slot331,1,Blue,goal,Nexto,1252,10.433333333333334,1,8,Rival,0,0,4,2,0,0,0,0,0,0,0,0
plus_239,332,side0-layout2-slot332,2,Blue,goal,Nexto,1724,14.366666666666667,3,15,Rival,0,0,6,3,0,1,0,1,0,0,0,0
plus_239,333,side0-layout3-slot333,3,Blue,goal,Nexto,2196,18.3,3,6,Rival,2,0,7,7,1,0,1,0,0,0,0,0
plus_239,334,side0-layout4-slot334,4,Blue,goal,Nexto,1740,14.5,2,3,Rival,0,0,4,4,1,0,1,0,0,0,0,0
plus_239,335,side0-layout0-slot335,0,Blue,goal,Nexto,1264,10.533333333333333,2,4,Rival,0,0,5,3,0,0,0,0,0,0,0,0
plus_239,336,side0-layout1-slot336,1,Blue,goal,Nexto,1252,10.433333333333334,1,8,Rival,0,0,4,2,0,0,0,0,0,0,0,0
plus_239,337,side0-layout2-slot337,2,Blue,goal,Nexto,1724,14.366666666666667,3,15,Rival,0,0,6,3,0,1,0,1,0,0,0,0
plus_239,338,side0-layout3-slot338,3,Blue,goal,Nexto,2196,18.3,3,6,Rival,2,0,7,7,1,0,1,0,0,0,0,0
plus_239,339,side0-layout4-slot339,4,Blue,goal,Nexto,1740,14.5,2,3,Rival,0,0,4,4,1,0,1,0,0,0,0,0
plus_239,340,side0-layout0-slot340,0,Blue,goal,Nexto,1264,10.533333333333333,2,4,Rival,0,0,5,3,0,0,0,0,0,0,0,0
plus_239,341,side0-layout1-slot341,1,Blue,goal,Nexto,1252,10.433333333333334,1,8,Rival,0,0,4,2,0,0,0,0,0,0,0,0
plus_239,342,side0-layout2-slot342,2,Blue,goal,Nexto,1724,14.366666666666667,3,15,Rival,0,0,6,3,0,1,0,1,0,0,0,0
plus_239,343,side0-layout3-slot343,3,Blue,goal,Nexto,2196,18.3,3,6,Rival,2,0,7,7,1,0,1,0,0,0,0,0
plus_239,344,side0-layout4-slot344,4,Blue,goal,Nexto,1740,14.5,2,3,Rival,0,0,4,4,1,0,1,0,0,0,0,0
plus_239,345,side0-layout0-slot345,0,Blue,goal,Nexto,1264,10.533333333333333,2,4,Rival,0,0,5,3,0,0,0,0,0,0,0,0
plus_239,346,side0-layout1-slot346,1,Blue,goal,Nexto,1252,10.433333333333334,1,8,Rival,0,0,4,2,0,0,0,0,0,0,0,0
plus_239,347,side0-layout2-slot347,2,Blue,goal,Nexto,1724,14.366666666666667,3,15,Rival,0,0,6,3,0,1,0,1,0,0,0,0
plus_239,348,side0-layout3-slot348,3,Blue,goal,Nexto,2196,18.3,3,6,Rival,2,0,7,7,1,0,1,0,0,0,0,0
plus_239,349,side0-layout4-slot349,4,Blue,goal,Nexto,1740,14.5,2,3,Rival,0,0,4,4,1,0,1,0,0,0,0,0
plus_239,350,side0-layout0-slot350,0,Blue,goal,Nexto,1264,10.533333333333333,2,4,Rival,0,0,5,3,0,0,0,0,0,0,0,0
plus_239,351,side0-layout1-slot351,1,Blue,goal,Nexto,1252,10.433333333333334,1,8,Rival,0,0,4,2,0,0,0,0,0,0,0,0
plus_239,352,side0-layout2-slot352,2,Blue,goal,Nexto,1724,14.366666666666667,3,15,Rival,0,0,6,3,0,1,0,1,0,0,0,0
plus_239,353,side0-layout3-slot353,3,Blue,goal,Nexto,2196,18.3,3,6,Rival,2,0,7,7,1,0,1,0,0,0,0,0
plus_239,354,side0-layout4-slot354,4,Blue,goal,Nexto,1740,14.5,2,3,Rival,0,0,4,4,1,0,1,0,0,0,0,0
plus_239,355,side0-layout0-slot355,0,Blue,goal,Nexto,1264,10.533333333333333,2,4,Rival,0,0,5,3,0,0,0,0,0,0,0,0
plus_239,356,side0-layout1-slot356,1,Blue,goal,Nexto,1252,10.433333333333334,1,8,Rival,0,0,4,2,0,0,0,0,0,0,0,0
plus_239,357,side0-layout2-slot357,2,Blue,goal,Nexto,1724,14.366666666666667,3,15,Rival,0,0,6,3,0,1,0,1,0,0,0,0
plus_239,358,side0-layout3-slot358,3,Blue,goal,Nexto,2196,18.3,3,6,Rival,2,0,7,7,1,0,1,0,0,0,0,0
plus_239,359,side0-layout4-slot359,4,Blue,goal,Nexto,1740,14.5,2,3,Rival,0,0,4,4,1,0,1,0,0,0,0,0
plus_239,360,side0-layout0-slot360,0,Blue,goal,Nexto,1264,10.533333333333333,2,4,Rival,0,0,5,3,0,0,0,0,0,0,0,0
plus_239,361,side0-layout1-slot361,1,Blue,goal,Nexto,1252,10.433333333333334,1,8,Rival,0,0,4,2,0,0,0,0,0,0,0,0
plus_239,362,side0-layout2-slot362,2,Blue,goal,Nexto,1724,14.366666666666667,3,15,Rival,0,0,6,3,0,1,0,1,0,0,0,0
plus_239,363,side0-layout3-slot363,3,Blue,goal,Nexto,2196,18.3,3,6,Rival,2,0,7,7,1,0,1,0,0,0,0,0
plus_239,364,side0-layout4-slot364,4,Blue,goal,Nexto,1740,14.5,2,3,Rival,0,0,4,4,1,0,1,0,0,0,0,0
plus_239,365,side0-layout0-slot365,0,Blue,goal,Nexto,1264,10.533333333333333,2,4,Rival,0,0,5,3,0,0,0,0,0,0,0,0
plus_239,366,side0-layout1-slot366,1,Blue,goal,Nexto,1252,10.433333333333334,1,8,Rival,0,0,4,2,0,0,0,0,0,0,0,0
plus_239,367,side0-layout2-slot367,2,Blue,goal,Nexto,1724,14.366666666666667,3,15,Rival,0,0,6,3,0,1,0,1,0,0,0,0
plus_239,368,side0-layout3-slot368,3,Blue,goal,Nexto,2196,18.3,3,6,Rival,2,0,7,7,1,0,1,0,0,0,0,0
plus_239,369,side0-layout4-slot369,4,Blue,goal,Nexto,1740,14.5,2,3,Rival,0,0,4,4,1,0,1,0,0,0,0,0
plus_239,370,side0-layout0-slot370,0,Blue,goal,Nexto,1264,10.533333333333333,2,4,Rival,0,0,5,3,0,0,0,0,0,0,0,0
plus_239,371,side0-layout1-slot371,1,Blue,goal,Nexto,1252,10.433333333333334,1,8,Rival,0,0,4,2,0,0,0,0,0,0,0,0
plus_239,372,side0-layout2-slot372,2,Blue,goal,Nexto,1724,14.366666666666667,3,15,Rival,0,0,6,3,0,1,0,1,0,0,0,0
plus_239,373,side0-layout3-slot373,3,Blue,goal,Nexto,2196,18.3,3,6,Rival,2,0,7,7,1,0,1,0,0,0,0,0
plus_239,374,side0-layout4-slot374,4,Blue,goal,Nexto,1740,14.5,2,3,Rival,0,0,4,4,1,0,1,0,0,0,0,0
plus_239,375,side0-layout0-slot375,0,Blue,goal,Nexto,1264,10.533333333333333,2,4,Rival,0,0,5,3,0,0,0,0,0,0,0,0
plus_239,376,side0-layout1-slot376,1,Blue,goal,Nexto,1252,10.433333333333334,1,8,Rival,0,0,4,2,0,0,0,0,0,0,0,0
plus_239,377,side0-layout2-slot377,2,Blue,goal,Nexto,1724,14.366666666666667,3,15,Rival,0,0,6,3,0,1,0,1,0,0,0,0
plus_239,378,side0-layout3-slot378,3,Blue,goal,Nexto,2196,18.3,3,6,Rival,2,0,7,7,1,0,1,0,0,0,0,0
plus_239,379,side0-layout4-slot379,4,Blue,goal,Nexto,1740,14.5,2,3,Rival,0,0,4,4,1,0,1,0,0,0,0,0
plus_239,380,side0-layout0-slot380,0,Blue,goal,Nexto,1264,10.533333333333333,2,4,Rival,0,0,5,3,0,0,0,0,0,0,0,0
plus_239,381,side0-layout1-slot381,1,Blue,goal,Nexto,1252,10.433333333333334,1,8,Rival,0,0,4,2,0,0,0,0,0,0,0,0
plus_239,382,side0-layout2-slot382,2,Blue,goal,Nexto,1724,14.366666666666667,3,15,Rival,0,0,6,3,0,1,0,1,0,0,0,0
plus_239,383,side0-layout3-slot383,3,Blue,goal,Nexto,2196,18.3,3,6,Rival,2,0,7,7,1,0,1,0,0,0,0,0
plus_239,384,side0-layout4-slot384,4,Blue,goal,Nexto,1740,14.5,2,3,Rival,0,0,4,4,1,0,1,0,0,0,0,0
plus_239,385,side0-layout0-slot385,0,Blue,goal,Nexto,1264,10.533333333333333,2,4,Rival,0,0,5,3,0,0,0,0,0,0,0,0
plus_239,386,side0-layout1-slot386,1,Blue,goal,Nexto,1252,10.433333333333334,1,8,Rival,0,0,4,2,0,0,0,0,0,0,0,0
plus_239,387,side0-layout2-slot387,2,Blue,goal,Nexto,1724,14.366666666666667,3,15,Rival,0,0,6,3,0,1,0,1,0,0,0,0
plus_239,388,side0-layout3-slot388,3,Blue,goal,Nexto,2196,18.3,3,6,Rival,2,0,7,7,1,0,1,0,0,0,0,0
plus_239,389,side0-layout4-slot389,4,Blue,goal,Nexto,1740,14.5,2,3,Rival,0,0,4,4,1,0,1,0,0,0,0,0
plus_239,390,side0-layout0-slot390,0,Blue,goal,Nexto,1264,10.533333333333333,2,4,Rival,0,0,5,3,0,0,0,0,0,0,0,0
plus_239,391,side0-layout1-slot391,1,Blue,goal,Nexto,1252,10.433333333333334,1,8,Rival,0,0,4,2,0,0,0,0,0,0,0,0
plus_239,392,side0-layout2-slot392,2,Blue,goal,Nexto,1724,14.366666666666667,3,15,Rival,0,0,6,3,0,1,0,1,0,0,0,0
plus_239,393,side0-layout3-slot393,3,Blue,goal,Nexto,2196,18.3,3,6,Rival,2,0,7,7,1,0,1,0,0,0,0,0
plus_239,394,side0-layout4-slot394,4,Blue,goal,Nexto,1740,14.5,2,3,Rival,0,0,4,4,1,0,1,0,0,0,0,0
plus_239,395,side0-layout0-slot395,0,Blue,goal,Nexto,1264,10.533333333333333,2,4,Rival,0,0,5,3,0,0,0,0,0,0,0,0
plus_239,396,side0-layout1-slot396,1,Blue,goal,Nexto,1252,10.433333333333334,1,8,Rival,0,0,4,2,0,0,0,0,0,0,0,0
plus_239,397,side0-layout2-slot397,2,Blue,goal,Nexto,1724,14.366666666666667,3,15,Rival,0,0,6,3,0,1,0,1,0,0,0,0
plus_239,398,side0-layout3-slot398,3,Blue,goal,Nexto,2196,18.3,3,6,Rival,2,0,7,7,1,0,1,0,0,0,0,0
plus_239,399,side0-layout4-slot399,4,Blue,goal,Nexto,1740,14.5,2,3,Rival,0,0,4,4,1,0,1,0,0,0,0,0
plus_239,400,side0-layout0-slot400,0,Blue,goal,Nexto,1264,10.533333333333333,2,4,Rival,0,0,5,3,0,0,0,0,0,0,0,0
plus_239,401,side0-layout1-slot401,1,Blue,goal,Nexto,1252,10.433333333333334,1,8,Rival,0,0,4,2,0,0,0,0,0,0,0,0
plus_239,402,side0-layout2-slot402,2,Blue,goal,Nexto,1724,14.366666666666667,3,15,Rival,0,0,6,3,0,1,0,1,0,0,0,0
plus_239,403,side0-layout3-slot403,3,Blue,goal,Nexto,2196,18.3,3,6,Rival,2,0,7,7,1,0,1,0,0,0,0,0
plus_239,404,side0-layout4-slot404,4,Blue,goal,Nexto,1740,14.5,2,3,Rival,0,0,4,4,1,0,1,0,0,0,0,0
plus_239,405,side0-layout0-slot405,0,Blue,goal,Nexto,1264,10.533333333333333,2,4,Rival,0,0,5,3,0,0,0,0,0,0,0,0
plus_239,406,side0-layout1-slot406,1,Blue,goal,Nexto,1252,10.433333333333334,1,8,Rival,0,0,4,2,0,0,0,0,0,0,0,0
plus_239,407,side0-layout2-slot407,2,Blue,goal,Nexto,1724,14.366666666666667,3,15,Rival,0,0,6,3,0,1,0,1,0,0,0,0
plus_239,408,side0-layout3-slot408,3,Blue,goal,Nexto,2196,18.3,3,6,Rival,2,0,7,7,1,0,1,0,0,0,0,0
plus_239,409,side0-layout4-slot409,4,Blue,goal,Nexto,1740,14.5,2,3,Rival,0,0,4,4,1,0,1,0,0,0,0,0
plus_239,410,side0-layout0-slot410,0,Blue,goal,Nexto,1264,10.533333333333333,2,4,Rival,0,0,5,3,0,0,0,0,0,0,0,0
plus_239,411,side0-layout1-slot411,1,Blue,goal,Nexto,1252,10.433333333333334,1,8,Rival,0,0,4,2,0,0,0,0,0,0,0,0
plus_239,412,side0-layout2-slot412,2,Blue,goal,Nexto,1724,14.366666666666667,3,15,Rival,0,0,6,3,0,1,0,1,0,0,0,0
plus_239,413,side0-layout3-slot413,3,Blue,goal,Nexto,2196,18.3,3,6,Rival,2,0,7,7,1,0,1,0,0,0,0,0
plus_239,414,side0-layout4-slot414,4,Blue,goal,Nexto,1740,14.5,2,3,Rival,0,0,4,4,1,0,1,0,0,0,0,0
plus_239,415,side0-layout0-slot415,0,Blue,goal,Nexto,1264,10.533333333333333,2,4,Rival,0,0,5,3,0,0,0,0,0,0,0,0
plus_239,416,side0-layout1-slot416,1,Blue,goal,Nexto,1252,10.433333333333334,1,8,Rival,0,0,4,2,0,0,0,0,0,0,0,0
plus_239,417,side0-layout2-slot417,2,Blue,goal,Nexto,1724,14.366666666666667,3,15,Rival,0,0,6,3,0,1,0,1,0,0,0,0
plus_239,418,side0-layout3-slot418,3,Blue,goal,Nexto,2196,18.3,3,6,Rival,2,0,7,7,1,0,1,0,0,0,0,0
plus_239,419,side0-layout4-slot419,4,Blue,goal,Nexto,1740,14.5,2,3,Rival,0,0,4,4,1,0,1,0,0,0,0,0
plus_239,420,side0-layout0-slot420,0,Blue,goal,Nexto,1264,10.533333333333333,2,4,Rival,0,0,5,3,0,0,0,0,0,0,0,0
plus_239,421,side0-layout1-slot421,1,Blue,goal,Nexto,1252,10.433333333333334,1,8,Rival,0,0,4,2,0,0,0,0,0,0,0,0
plus_239,422,side0-layout2-slot422,2,Blue,goal,Nexto,1724,14.366666666666667,3,15,Rival,0,0,6,3,0,1,0,1,0,0,0,0
plus_239,423,side0-layout3-slot423,3,Blue,goal,Nexto,2196,18.3,3,6,Rival,2,0,7,7,1,0,1,0,0,0,0,0
plus_239,424,side0-layout4-slot424,4,Blue,goal,Nexto,1740,14.5,2,3,Rival,0,0,4,4,1,0,1,0,0,0,0,0
plus_239,425,side0-layout0-slot425,0,Blue,goal,Nexto,1264,10.533333333333333,2,4,Rival,0,0,5,3,0,0,0,0,0,0,0,0
plus_239,426,side0-layout1-slot426,1,Blue,goal,Nexto,1252,10.433333333333334,1,8,Rival,0,0,4,2,0,0,0,0,0,0,0,0
plus_239,427,side0-layout2-slot427,2,Blue,goal,Nexto,1724,14.366666666666667,3,15,Rival,0,0,6,3,0,1,0,1,0,0,0,0
plus_239,428,side0-layout3-slot428,3,Blue,goal,Nexto,2196,18.3,3,6,Rival,2,0,7,7,1,0,1,0,0,0,0,0
plus_239,429,side0-layout4-slot429,4,Blue,goal,Nexto,1740,14.5,2,3,Rival,0,0,4,4,1,0,1,0,0,0,0,0
plus_239,430,side0-layout0-slot430,0,Blue,goal,Nexto,1264,10.533333333333333,2,4,Rival,0,0,5,3,0,0,0,0,0,0,0,0
plus_239,431,side0-layout1-slot431,1,Blue,goal,Nexto,1252,10.433333333333334,1,8,Rival,0,0,4,2,0,0,0,0,0,0,0,0
plus_239,432,side0-layout2-slot432,2,Blue,goal,Nexto,1724,14.366666666666667,3,15,Rival,0,0,6,3,0,1,0,1,0,0,0,0
plus_239,433,side0-layout3-slot433,3,Blue,goal,Nexto,2196,18.3,3,6,Rival,2,0,7,7,1,0,1,0,0,0,0,0
plus_239,434,side0-layout4-slot434,4,Blue,goal,Nexto,1740,14.5,2,3,Rival,0,0,4,4,1,0,1,0,0,0,0,0
plus_239,435,side0-layout0-slot435,0,Blue,goal,Nexto,1264,10.533333333333333,2,4,Rival,0,0,5,3,0,0,0,0,0,0,0,0
plus_239,436,side0-layout1-slot436,1,Blue,goal,Nexto,1252,10.433333333333334,1,8,Rival,0,0,4,2,0,0,0,0,0,0,0,0
plus_239,437,side0-layout2-slot437,2,Blue,goal,Nexto,1724,14.366666666666667,3,15,Rival,0,0,6,3,0,1,0,1,0,0,0,0
plus_239,438,side0-layout3-slot438,3,Blue,goal,Nexto,2196,18.3,3,6,Rival,2,0,7,7,1,0,1,0,0,0,0,0
plus_239,439,side0-layout4-slot439,4,Blue,goal,Nexto,1740,14.5,2,3,Rival,0,0,4,4,1,0,1,0,0,0,0,0
plus_239,440,side0-layout0-slot440,0,Blue,goal,Nexto,1264,10.533333333333333,2,4,Rival,0,0,5,3,0,0,0,0,0,0,0,0
plus_239,441,side0-layout1-slot441,1,Blue,goal,Nexto,1252,10.433333333333334,1,8,Rival,0,0,4,2,0,0,0,0,0,0,0,0
plus_239,442,side0-layout2-slot442,2,Blue,goal,Nexto,1724,14.366666666666667,3,15,Rival,0,0,6,3,0,1,0,1,0,0,0,0
plus_239,443,side0-layout3-slot443,3,Blue,goal,Nexto,2196,18.3,3,6,Rival,2,0,7,7,1,0,1,0,0,0,0,0
plus_239,444,side0-layout4-slot444,4,Blue,goal,Nexto,1740,14.5,2,3,Rival,0,0,4,4,1,0,1,0,0,0,0,0
plus_239,445,side0-layout0-slot445,0,Blue,goal,Nexto,1264,10.533333333333333,2,4,Rival,0,0,5,3,0,0,0,0,0,0,0,0
plus_239,446,side0-layout1-slot446,1,Blue,goal,Nexto,1252,10.433333333333334,1,8,Rival,0,0,4,2,0,0,0,0,0,0,0,0
plus_239,447,side0-layout2-slot447,2,Blue,goal,Nexto,1724,14.366666666666667,3,15,Rival,0,0,6,3,0,1,0,1,0,0,0,0
plus_239,448,side0-layout3-slot448,3,Blue,goal,Nexto,2196,18.3,3,6,Rival,2,0,7,7,1,0,1,0,0,0,0,0
plus_239,449,side0-layout4-slot449,4,Blue,goal,Nexto,1740,14.5,2,3,Rival,0,0,4,4,1,0,1,0,0,0,0,0
plus_239,450,side0-layout0-slot450,0,Blue,goal,Nexto,1264,10.533333333333333,2,4,Rival,0,0,5,3,0,0,0,0,0,0,0,0
plus_239,451,side0-layout1-slot451,1,Blue,goal,Nexto,1252,10.433333333333334,1,8,Rival,0,0,4,2,0,0,0,0,0,0,0,0
plus_239,452,side0-layout2-slot452,2,Blue,goal,Nexto,1724,14.366666666666667,3,15,Rival,0,0,6,3,0,1,0,1,0,0,0,0
plus_239,453,side0-layout3-slot453,3,Blue,goal,Nexto,2196,18.3,3,6,Rival,2,0,7,7,1,0,1,0,0,0,0,0
plus_239,454,side0-layout4-slot454,4,Blue,goal,Nexto,1740,14.5,2,3,Rival,0,0,4,4,1,0,1,0,0,0,0,0
plus_239,455,side0-layout0-slot455,0,Blue,goal,Nexto,1264,10.533333333333333,2,4,Rival,0,0,5,3,0,0,0,0,0,0,0,0
plus_239,456,side0-layout1-slot456,1,Blue,goal,Nexto,1252,10.433333333333334,1,8,Rival,0,0,4,2,0,0,0,0,0,0,0,0
plus_239,457,side0-layout2-slot457,2,Blue,goal,Nexto,1724,14.366666666666667,3,15,Rival,0,0,6,3,0,1,0,1,0,0,0,0
plus_239,458,side0-layout3-slot458,3,Blue,goal,Nexto,2196,18.3,3,6,Rival,2,0,7,7,1,0,1,0,0,0,0,0
plus_239,459,side0-layout4-slot459,4,Blue,goal,Nexto,1740,14.5,2,3,Rival,0,0,4,4,1,0,1,0,0,0,0,0
plus_239,460,side0-layout0-slot460,0,Blue,goal,Nexto,1264,10.533333333333333,2,4,Rival,0,0,5,3,0,0,0,0,0,0,0,0
plus_239,461,side0-layout1-slot461,1,Blue,goal,Nexto,1252,10.433333333333334,1,8,Rival,0,0,4,2,0,0,0,0,0,0,0,0
plus_239,462,side0-layout2-slot462,2,Blue,goal,Nexto,1724,14.366666666666667,3,15,Rival,0,0,6,3,0,1,0,1,0,0,0,0
plus_239,463,side0-layout3-slot463,3,Blue,goal,Nexto,2196,18.3,3,6,Rival,2,0,7,7,1,0,1,0,0,0,0,0
plus_239,464,side0-layout4-slot464,4,Blue,goal,Nexto,1740,14.5,2,3,Rival,0,0,4,4,1,0,1,0,0,0,0,0
plus_239,465,side0-layout0-slot465,0,Blue,goal,Nexto,1264,10.533333333333333,2,4,Rival,0,0,5,3,0,0,0,0,0,0,0,0
plus_239,466,side0-layout1-slot466,1,Blue,goal,Nexto,1252,10.433333333333334,1,8,Rival,0,0,4,2,0,0,0,0,0,0,0,0
plus_239,467,side0-layout2-slot467,2,Blue,goal,Nexto,1724,14.366666666666667,3,15,Rival,0,0,6,3,0,1,0,1,0,0,0,0
plus_239,468,side0-layout3-slot468,3,Blue,goal,Nexto,2196,18.3,3,6,Rival,2,0,7,7,1,0,1,0,0,0,0,0
plus_239,469,side0-layout4-slot469,4,Blue,goal,Nexto,1740,14.5,2,3,Rival,0,0,4,4,1,0,1,0,0,0,0,0
plus_239,470,side0-layout0-slot470,0,Blue,goal,Nexto,1264,10.533333333333333,2,4,Rival,0,0,5,3,0,0,0,0,0,0,0,0
plus_239,471,side0-layout1-slot471,1,Blue,goal,Nexto,1252,10.433333333333334,1,8,Rival,0,0,4,2,0,0,0,0,0,0,0,0
plus_239,472,side0-layout2-slot472,2,Blue,goal,Nexto,1724,14.366666666666667,3,15,Rival,0,0,6,3,0,1,0,1,0,0,0,0
plus_239,473,side0-layout3-slot473,3,Blue,goal,Nexto,2196,18.3,3,6,Rival,2,0,7,7,1,0,1,0,0,0,0,0
plus_239,474,side0-layout4-slot474,4,Blue,goal,Nexto,1740,14.5,2,3,Rival,0,0,4,4,1,0,1,0,0,0,0,0
plus_239,475,side0-layout0-slot475,0,Blue,goal,Nexto,1264,10.533333333333333,2,4,Rival,0,0,5,3,0,0,0,0,0,0,0,0
plus_239,476,side0-layout1-slot476,1,Blue,goal,Nexto,1252,10.433333333333334,1,8,Rival,0,0,4,2,0,0,0,0,0,0,0,0
plus_239,477,side0-layout2-slot477,2,Blue,goal,Nexto,1724,14.366666666666667,3,15,Rival,0,0,6,3,0,1,0,1,0,0,0,0
plus_239,478,side0-layout3-slot478,3,Blue,goal,Nexto,2196,18.3,3,6,Rival,2,0,7,7,1,0,1,0,0,0,0,0
plus_239,479,side0-layout4-slot479,4,Blue,goal,Nexto,1740,14.5,2,3,Rival,0,0,4,4,1,0,1,0,0,0,0,0
plus_239,480,side0-layout0-slot480,0,Blue,goal,Nexto,1264,10.533333333333333,2,4,Rival,0,0,5,3,0,0,0,0,0,0,0,0
plus_239,481,side0-layout1-slot481,1,Blue,goal,Nexto,1252,10.433333333333334,1,8,Rival,0,0,4,2,0,0,0,0,0,0,0,0
plus_239,482,side0-layout2-slot482,2,Blue,goal,Nexto,1724,14.366666666666667,3,15,Rival,0,0,6,3,0,1,0,1,0,0,0,0
plus_239,483,side0-layout3-slot483,3,Blue,goal,Nexto,2196,18.3,3,6,Rival,2,0,7,7,1,0,1,0,0,0,0,0
plus_239,484,side0-layout4-slot484,4,Blue,goal,Nexto,1740,14.5,2,3,Rival,0,0,4,4,1,0,1,0,0,0,0,0
plus_239,485,side0-layout0-slot485,0,Blue,goal,Nexto,1264,10.533333333333333,2,4,Rival,0,0,5,3,0,0,0,0,0,0,0,0
plus_239,486,side0-layout1-slot486,1,Blue,goal,Nexto,1252,10.433333333333334,1,8,Rival,0,0,4,2,0,0,0,0,0,0,0,0
plus_239,487,side0-layout2-slot487,2,Blue,goal,Nexto,1724,14.366666666666667,3,15,Rival,0,0,6,3,0,1,0,1,0,0,0,0
plus_239,488,side0-layout3-slot488,3,Blue,goal,Nexto,2196,18.3,3,6,Rival,2,0,7,7,1,0,1,0,0,0,0,0
plus_239,489,side0-layout4-slot489,4,Blue,goal,Nexto,1740,14.5,2,3,Rival,0,0,4,4,1,0,1,0,0,0,0,0
plus_239,490,side0-layout0-slot490,0,Blue,goal,Nexto,1264,10.533333333333333,2,4,Rival,0,0,5,3,0,0,0,0,0,0,0,0
plus_239,491,side0-layout1-slot491,1,Blue,goal,Nexto,1252,10.433333333333334,1,8,Rival,0,0,4,2,0,0,0,0,0,0,0,0
plus_239,492,side0-layout2-slot492,2,Blue,goal,Nexto,1724,14.366666666666667,3,15,Rival,0,0,6,3,0,1,0,1,0,0,0,0
plus_239,493,side0-layout3-slot493,3,Blue,goal,Nexto,2196,18.3,3,6,Rival,2,0,7,7,1,0,1,0,0,0,0,0
plus_239,494,side0-layout4-slot494,4,Blue,goal,Nexto,1740,14.5,2,3,Rival,0,0,4,4,1,0,1,0,0,0,0,0
plus_239,495,side0-layout0-slot495,0,Blue,goal,Nexto,1264,10.533333333333333,2,4,Rival,0,0,5,3,0,0,0,0,0,0,0,0
plus_239,496,side0-layout1-slot496,1,Blue,goal,Nexto,1252,10.433333333333334,1,8,Rival,0,0,4,2,0,0,0,0,0,0,0,0
plus_239,497,side0-layout2-slot497,2,Blue,goal,Nexto,1724,14.366666666666667,3,15,Rival,0,0,6,3,0,1,0,1,0,0,0,0
plus_239,498,side0-layout3-slot498,3,Blue,goal,Nexto,2196,18.3,3,6,Rival,2,0,7,7,1,0,1,0,0,0,0,0
plus_239,499,side0-layout4-slot499,4,Blue,goal,Nexto,1740,14.5,2,3,Rival,0,0,4,4,1,0,1,0,0,0,0,0
plus_239,500,side0-layout0-slot500,0,Blue,goal,Nexto,1264,10.533333333333333,2,4,Rival,0,0,5,3,0,0,0,0,0,0,0,0
plus_239,501,side0-layout1-slot501,1,Blue,goal,Nexto,1252,10.433333333333334,1,8,Rival,0,0,4,2,0,0,0,0,0,0,0,0
plus_239,502,side0-layout2-slot502,2,Blue,goal,Nexto,1724,14.366666666666667,3,15,Rival,0,0,6,3,0,1,0,1,0,0,0,0
plus_239,503,side0-layout3-slot503,3,Blue,goal,Nexto,2196,18.3,3,6,Rival,2,0,7,7,1,0,1,0,0,0,0,0
plus_239,504,side0-layout4-slot504,4,Blue,goal,Nexto,1740,14.5,2,3,Rival,0,0,4,4,1,0,1,0,0,0,0,0
plus_239,505,side0-layout0-slot505,0,Blue,goal,Nexto,1264,10.533333333333333,2,4,Rival,0,0,5,3,0,0,0,0,0,0,0,0
plus_239,506,side0-layout1-slot506,1,Blue,goal,Nexto,1252,10.433333333333334,1,8,Rival,0,0,4,2,0,0,0,0,0,0,0,0
plus_239,507,side0-layout2-slot507,2,Blue,goal,Nexto,1724,14.366666666666667,3,15,Rival,0,0,6,3,0,1,0,1,0,0,0,0
plus_239,508,side0-layout3-slot508,3,Blue,goal,Nexto,2196,18.3,3,6,Rival,2,0,7,7,1,0,1,0,0,0,0,0
plus_239,509,side0-layout4-slot509,4,Blue,goal,Nexto,1740,14.5,2,3,Rival,0,0,4,4,1,0,1,0,0,0,0,0
plus_239,510,side0-layout0-slot510,0,Blue,goal,Nexto,1264,10.533333333333333,2,4,Rival,0,0,5,3,0,0,0,0,0,0,0,0
plus_239,511,side0-layout1-slot511,1,Blue,goal,Nexto,1252,10.433333333333334,1,8,Rival,0,0,4,2,0,0,0,0,0,0,0,0
plus_239,512,side1-layout0-slot0,0,Orange,goal,Nexto,1360,11.333333333333334,2,6,Rival,0,0,5,3,0,0,0,0,0,0,0,0
plus_239,513,side1-layout1-slot1,1,Orange,goal,Nexto,1232,10.266666666666667,1,4,Rival,0,0,4,1,0,0,0,0,0,0,0,0
plus_239,514,side1-layout2-slot2,2,Orange,goal,Nexto,1644,13.7,3,5,Rival,0,0,4,3,0,1,0,1,0,0,0,0
plus_239,515,side1-layout3-slot3,3,Orange,goal,Nexto,2284,19.033333333333335,3,8,Rival,2,0,9,6,1,0,1,0,0,0,0,0
plus_239,516,side1-layout4-slot4,4,Orange,goal,Nexto,2644,22.033333333333335,2,9,Rival,0,0,5,3,0,0,0,0,0,0,0,0
plus_239,517,side1-layout0-slot5,0,Orange,goal,Nexto,1360,11.333333333333334,2,6,Rival,0,0,5,3,0,0,0,0,0,0,0,0
plus_239,518,side1-layout1-slot6,1,Orange,goal,Nexto,1232,10.266666666666667,1,4,Rival,0,0,4,1,0,0,0,0,0,0,0,0
plus_239,519,side1-layout2-slot7,2,Orange,goal,Nexto,1644,13.7,3,5,Rival,0,0,4,3,0,1,0,1,0,0,0,0
plus_239,520,side1-layout3-slot8,3,Orange,goal,Nexto,2328,19.4,3,8,Rival,2,0,10,6,1,0,1,0,0,0,0,0
plus_239,521,side1-layout4-slot9,4,Orange,goal,Nexto,2644,22.033333333333335,2,9,Rival,0,0,5,3,0,0,0,0,0,0,0,0
plus_239,522,side1-layout0-slot10,0,Orange,goal,Nexto,1360,11.333333333333334,2,6,Rival,0,0,5,3,0,0,0,0,0,0,0,0
plus_239,523,side1-layout1-slot11,1,Orange,goal,Nexto,1232,10.266666666666667,1,4,Rival,0,0,4,1,0,0,0,0,0,0,0,0
plus_239,524,side1-layout2-slot12,2,Orange,goal,Nexto,1644,13.7,3,5,Rival,0,0,4,3,0,1,0,1,0,0,0,0
plus_239,525,side1-layout3-slot13,3,Orange,goal,Nexto,2328,19.4,3,8,Rival,2,0,10,6,1,0,1,0,0,0,0,0
plus_239,526,side1-layout4-slot14,4,Orange,goal,Nexto,2644,22.033333333333335,2,9,Rival,0,0,5,3,0,0,0,0,0,0,0,0
plus_239,527,side1-layout0-slot15,0,Orange,goal,Nexto,1360,11.333333333333334,2,6,Rival,0,0,5,3,0,0,0,0,0,0,0,0
plus_239,528,side1-layout1-slot16,1,Orange,goal,Nexto,1232,10.266666666666667,1,4,Rival,0,0,4,1,0,0,0,0,0,0,0,0
plus_239,529,side1-layout2-slot17,2,Orange,goal,Nexto,1644,13.7,3,5,Rival,0,0,4,3,0,1,0,1,0,0,0,0
plus_239,530,side1-layout3-slot18,3,Orange,goal,Nexto,2328,19.4,3,8,Rival,2,0,10,6,1,0,1,0,0,0,0,0
plus_239,531,side1-layout4-slot19,4,Orange,goal,Nexto,2644,22.033333333333335,2,9,Rival,0,0,5,3,0,0,0,0,0,0,0,0
plus_239,532,side1-layout0-slot20,0,Orange,goal,Nexto,1360,11.333333333333334,2,6,Rival,0,0,5,3,0,0,0,0,0,0,0,0
plus_239,533,side1-layout1-slot21,1,Orange,goal,Nexto,1232,10.266666666666667,1,4,Rival,0,0,4,1,0,0,0,0,0,0,0,0
plus_239,534,side1-layout2-slot22,2,Orange,goal,Nexto,1644,13.7,3,5,Rival,0,0,4,3,0,1,0,1,0,0,0,0
plus_239,535,side1-layout3-slot23,3,Orange,goal,Nexto,2284,19.033333333333335,3,8,Rival,2,0,9,6,1,0,1,0,0,0,0,0
plus_239,536,side1-layout4-slot24,4,Orange,goal,Nexto,2644,22.033333333333335,2,9,Rival,0,0,5,3,0,0,0,0,0,0,0,0
plus_239,537,side1-layout0-slot25,0,Orange,goal,Nexto,1360,11.333333333333334,2,6,Rival,0,0,5,3,0,0,0,0,0,0,0,0
plus_239,538,side1-layout1-slot26,1,Orange,goal,Nexto,1232,10.266666666666667,1,4,Rival,0,0,4,1,0,0,0,0,0,0,0,0
plus_239,539,side1-layout2-slot27,2,Orange,goal,Nexto,1644,13.7,3,5,Rival,0,0,4,3,0,1,0,1,0,0,0,0
plus_239,540,side1-layout3-slot28,3,Orange,goal,Nexto,2328,19.4,3,8,Rival,2,0,10,6,1,0,1,0,0,0,0,0
plus_239,541,side1-layout4-slot29,4,Orange,goal,Nexto,2644,22.033333333333335,2,9,Rival,0,0,5,3,0,0,0,0,0,0,0,0
plus_239,542,side1-layout0-slot30,0,Orange,goal,Nexto,1360,11.333333333333334,2,6,Rival,0,0,5,3,0,0,0,0,0,0,0,0
plus_239,543,side1-layout1-slot31,1,Orange,goal,Nexto,1232,10.266666666666667,1,4,Rival,0,0,4,1,0,0,0,0,0,0,0,0
plus_239,544,side1-layout2-slot32,2,Orange,goal,Nexto,1644,13.7,3,5,Rival,0,0,4,3,0,1,0,1,0,0,0,0
plus_239,545,side1-layout3-slot33,3,Orange,goal,Nexto,2284,19.033333333333335,3,8,Rival,2,0,9,6,1,0,1,0,0,0,0,0
plus_239,546,side1-layout4-slot34,4,Orange,goal,Nexto,2644,22.033333333333335,2,9,Rival,0,0,5,3,0,0,0,0,0,0,0,0
plus_239,547,side1-layout0-slot35,0,Orange,goal,Nexto,1360,11.333333333333334,2,6,Rival,0,0,5,3,0,0,0,0,0,0,0,0
plus_239,548,side1-layout1-slot36,1,Orange,goal,Nexto,1232,10.266666666666667,1,4,Rival,0,0,4,1,0,0,0,0,0,0,0,0
plus_239,549,side1-layout2-slot37,2,Orange,goal,Nexto,1644,13.7,3,5,Rival,0,0,4,3,0,1,0,1,0,0,0,0
plus_239,550,side1-layout3-slot38,3,Orange,goal,Nexto,2284,19.033333333333335,3,8,Rival,2,0,9,6,1,0,1,0,0,0,0,0
plus_239,551,side1-layout4-slot39,4,Orange,goal,Nexto,2644,22.033333333333335,2,9,Rival,0,0,5,3,0,0,0,0,0,0,0,0
plus_239,552,side1-layout0-slot40,0,Orange,goal,Nexto,1360,11.333333333333334,2,6,Rival,0,0,5,3,0,0,0,0,0,0,0,0
plus_239,553,side1-layout1-slot41,1,Orange,goal,Nexto,1232,10.266666666666667,1,4,Rival,0,0,4,1,0,0,0,0,0,0,0,0
plus_239,554,side1-layout2-slot42,2,Orange,goal,Nexto,1644,13.7,3,5,Rival,0,0,4,3,0,1,0,1,0,0,0,0
plus_239,555,side1-layout3-slot43,3,Orange,goal,Nexto,2328,19.4,3,8,Rival,2,0,10,6,1,0,1,0,0,0,0,0
plus_239,556,side1-layout4-slot44,4,Orange,goal,Nexto,2644,22.033333333333335,2,9,Rival,0,0,5,3,0,0,0,0,0,0,0,0
plus_239,557,side1-layout0-slot45,0,Orange,goal,Nexto,1360,11.333333333333334,2,6,Rival,0,0,5,3,0,0,0,0,0,0,0,0
plus_239,558,side1-layout1-slot46,1,Orange,goal,Nexto,1232,10.266666666666667,1,4,Rival,0,0,4,1,0,0,0,0,0,0,0,0
plus_239,559,side1-layout2-slot47,2,Orange,goal,Nexto,1644,13.7,3,5,Rival,0,0,4,3,0,1,0,1,0,0,0,0
plus_239,560,side1-layout3-slot48,3,Orange,goal,Nexto,2284,19.033333333333335,3,8,Rival,2,0,9,6,1,0,1,0,0,0,0,0
plus_239,561,side1-layout4-slot49,4,Orange,goal,Nexto,2644,22.033333333333335,2,9,Rival,0,0,5,3,0,0,0,0,0,0,0,0
plus_239,562,side1-layout0-slot50,0,Orange,goal,Nexto,1360,11.333333333333334,2,6,Rival,0,0,5,3,0,0,0,0,0,0,0,0
plus_239,563,side1-layout1-slot51,1,Orange,goal,Nexto,1232,10.266666666666667,1,4,Rival,0,0,4,1,0,0,0,0,0,0,0,0
plus_239,564,side1-layout2-slot52,2,Orange,goal,Nexto,1644,13.7,3,5,Rival,0,0,4,3,0,1,0,1,0,0,0,0
plus_239,565,side1-layout3-slot53,3,Orange,goal,Nexto,2284,19.033333333333335,3,8,Rival,2,0,9,6,1,0,1,0,0,0,0,0
plus_239,566,side1-layout4-slot54,4,Orange,goal,Nexto,2644,22.033333333333335,2,9,Rival,0,0,5,3,0,0,0,0,0,0,0,0
plus_239,567,side1-layout0-slot55,0,Orange,goal,Nexto,1360,11.333333333333334,2,6,Rival,0,0,5,3,0,0,0,0,0,0,0,0
plus_239,568,side1-layout1-slot56,1,Orange,goal,Nexto,1232,10.266666666666667,1,4,Rival,0,0,4,1,0,0,0,0,0,0,0,0
plus_239,569,side1-layout2-slot57,2,Orange,goal,Nexto,1644,13.7,3,5,Rival,0,0,4,3,0,1,0,1,0,0,0,0
plus_239,570,side1-layout3-slot58,3,Orange,goal,Nexto,2328,19.4,3,8,Rival,2,0,10,6,1,0,1,0,0,0,0,0
plus_239,571,side1-layout4-slot59,4,Orange,goal,Nexto,2644,22.033333333333335,2,9,Rival,0,0,5,3,0,0,0,0,0,0,0,0
plus_239,572,side1-layout0-slot60,0,Orange,goal,Nexto,1360,11.333333333333334,2,6,Rival,0,0,5,3,0,0,0,0,0,0,0,0
plus_239,573,side1-layout1-slot61,1,Orange,goal,Nexto,1232,10.266666666666667,1,4,Rival,0,0,4,1,0,0,0,0,0,0,0,0
plus_239,574,side1-layout2-slot62,2,Orange,goal,Nexto,1644,13.7,3,5,Rival,0,0,4,3,0,1,0,1,0,0,0,0
plus_239,575,side1-layout3-slot63,3,Orange,goal,Nexto,2328,19.4,3,8,Rival,2,0,10,6,1,0,1,0,0,0,0,0
plus_239,576,side1-layout4-slot64,4,Orange,goal,Nexto,2644,22.033333333333335,2,9,Rival,0,0,5,3,0,0,0,0,0,0,0,0
plus_239,577,side1-layout0-slot65,0,Orange,goal,Nexto,1360,11.333333333333334,2,6,Rival,0,0,5,3,0,0,0,0,0,0,0,0
plus_239,578,side1-layout1-slot66,1,Orange,goal,Nexto,1232,10.266666666666667,1,4,Rival,0,0,4,1,0,0,0,0,0,0,0,0
plus_239,579,side1-layout2-slot67,2,Orange,goal,Nexto,1644,13.7,3,5,Rival,0,0,4,3,0,1,0,1,0,0,0,0
plus_239,580,side1-layout3-slot68,3,Orange,goal,Nexto,2328,19.4,3,8,Rival,2,0,10,6,1,0,1,0,0,0,0,0
plus_239,581,side1-layout4-slot69,4,Orange,goal,Nexto,2644,22.033333333333335,2,9,Rival,0,0,5,3,0,0,0,0,0,0,0,0
plus_239,582,side1-layout0-slot70,0,Orange,goal,Nexto,1360,11.333333333333334,2,6,Rival,0,0,5,3,0,0,0,0,0,0,0,0
plus_239,583,side1-layout1-slot71,1,Orange,goal,Nexto,1232,10.266666666666667,1,4,Rival,0,0,4,1,0,0,0,0,0,0,0,0
plus_239,584,side1-layout2-slot72,2,Orange,goal,Nexto,1644,13.7,3,5,Rival,0,0,4,3,0,1,0,1,0,0,0,0
plus_239,585,side1-layout3-slot73,3,Orange,goal,Nexto,2284,19.033333333333335,3,8,Rival,2,0,9,6,1,0,1,0,0,0,0,0
plus_239,586,side1-layout4-slot74,4,Orange,goal,Nexto,2644,22.033333333333335,2,9,Rival,0,0,5,3,0,0,0,0,0,0,0,0
plus_239,587,side1-layout0-slot75,0,Orange,goal,Nexto,1360,11.333333333333334,2,6,Rival,0,0,5,3,0,0,0,0,0,0,0,0
plus_239,588,side1-layout1-slot76,1,Orange,goal,Nexto,1232,10.266666666666667,1,4,Rival,0,0,4,1,0,0,0,0,0,0,0,0
plus_239,589,side1-layout2-slot77,2,Orange,goal,Nexto,1644,13.7,3,5,Rival,0,0,4,3,0,1,0,1,0,0,0,0
plus_239,590,side1-layout3-slot78,3,Orange,goal,Nexto,2328,19.4,3,8,Rival,2,0,10,6,1,0,1,0,0,0,0,0
plus_239,591,side1-layout4-slot79,4,Orange,goal,Nexto,2644,22.033333333333335,2,9,Rival,0,0,5,3,0,0,0,0,0,0,0,0
plus_239,592,side1-layout0-slot80,0,Orange,goal,Nexto,1360,11.333333333333334,2,6,Rival,0,0,5,3,0,0,0,0,0,0,0,0
plus_239,593,side1-layout1-slot81,1,Orange,goal,Nexto,1232,10.266666666666667,1,4,Rival,0,0,4,1,0,0,0,0,0,0,0,0
plus_239,594,side1-layout2-slot82,2,Orange,goal,Nexto,1644,13.7,3,5,Rival,0,0,4,3,0,1,0,1,0,0,0,0
plus_239,595,side1-layout3-slot83,3,Orange,goal,Nexto,2328,19.4,3,8,Rival,2,0,10,6,1,0,1,0,0,0,0,0
plus_239,596,side1-layout4-slot84,4,Orange,goal,Nexto,2644,22.033333333333335,2,9,Rival,0,0,5,3,0,0,0,0,0,0,0,0
plus_239,597,side1-layout0-slot85,0,Orange,goal,Nexto,1360,11.333333333333334,2,6,Rival,0,0,5,3,0,0,0,0,0,0,0,0
plus_239,598,side1-layout1-slot86,1,Orange,goal,Nexto,1232,10.266666666666667,1,4,Rival,0,0,4,1,0,0,0,0,0,0,0,0
plus_239,599,side1-layout2-slot87,2,Orange,goal,Nexto,1644,13.7,3,5,Rival,0,0,4,3,0,1,0,1,0,0,0,0
plus_239,600,side1-layout3-slot88,3,Orange,goal,Nexto,2328,19.4,3,8,Rival,2,0,10,6,1,0,1,0,0,0,0,0
plus_239,601,side1-layout4-slot89,4,Orange,goal,Nexto,2644,22.033333333333335,2,9,Rival,0,0,5,3,0,0,0,0,0,0,0,0
plus_239,602,side1-layout0-slot90,0,Orange,goal,Nexto,1360,11.333333333333334,2,6,Rival,0,0,5,3,0,0,0,0,0,0,0,0
plus_239,603,side1-layout1-slot91,1,Orange,goal,Nexto,1232,10.266666666666667,1,4,Rival,0,0,4,1,0,0,0,0,0,0,0,0
plus_239,604,side1-layout2-slot92,2,Orange,goal,Nexto,1644,13.7,3,5,Rival,0,0,4,3,0,1,0,1,0,0,0,0
plus_239,605,side1-layout3-slot93,3,Orange,goal,Nexto,2284,19.033333333333335,3,8,Rival,2,0,9,6,1,0,1,0,0,0,0,0
plus_239,606,side1-layout4-slot94,4,Orange,goal,Nexto,2644,22.033333333333335,2,9,Rival,0,0,5,3,0,0,0,0,0,0,0,0
plus_239,607,side1-layout0-slot95,0,Orange,goal,Nexto,1360,11.333333333333334,2,6,Rival,0,0,5,3,0,0,0,0,0,0,0,0
plus_239,608,side1-layout1-slot96,1,Orange,goal,Nexto,1232,10.266666666666667,1,4,Rival,0,0,4,1,0,0,0,0,0,0,0,0
plus_239,609,side1-layout2-slot97,2,Orange,goal,Nexto,1644,13.7,3,5,Rival,0,0,4,3,0,1,0,1,0,0,0,0
plus_239,610,side1-layout3-slot98,3,Orange,goal,Nexto,2284,19.033333333333335,3,8,Rival,2,0,9,6,1,0,1,0,0,0,0,0
plus_239,611,side1-layout4-slot99,4,Orange,goal,Nexto,2644,22.033333333333335,2,9,Rival,0,0,5,3,0,0,0,0,0,0,0,0
plus_239,612,side1-layout0-slot100,0,Orange,goal,Nexto,1360,11.333333333333334,2,6,Rival,0,0,5,3,0,0,0,0,0,0,0,0
plus_239,613,side1-layout1-slot101,1,Orange,goal,Nexto,1232,10.266666666666667,1,4,Rival,0,0,4,1,0,0,0,0,0,0,0,0
plus_239,614,side1-layout2-slot102,2,Orange,goal,Nexto,1644,13.7,3,5,Rival,0,0,4,3,0,1,0,1,0,0,0,0
plus_239,615,side1-layout3-slot103,3,Orange,goal,Nexto,2328,19.4,3,8,Rival,2,0,10,6,1,0,1,0,0,0,0,0
plus_239,616,side1-layout4-slot104,4,Orange,goal,Nexto,2644,22.033333333333335,2,9,Rival,0,0,5,3,0,0,0,0,0,0,0,0
plus_239,617,side1-layout0-slot105,0,Orange,goal,Nexto,1360,11.333333333333334,2,6,Rival,0,0,5,3,0,0,0,0,0,0,0,0
plus_239,618,side1-layout1-slot106,1,Orange,goal,Nexto,1232,10.266666666666667,1,4,Rival,0,0,4,1,0,0,0,0,0,0,0,0
plus_239,619,side1-layout2-slot107,2,Orange,goal,Nexto,1644,13.7,3,5,Rival,0,0,4,3,0,1,0,1,0,0,0,0
plus_239,620,side1-layout3-slot108,3,Orange,goal,Nexto,2328,19.4,3,8,Rival,2,0,10,6,1,0,1,0,0,0,0,0
plus_239,621,side1-layout4-slot109,4,Orange,goal,Nexto,2644,22.033333333333335,2,9,Rival,0,0,5,3,0,0,0,0,0,0,0,0
plus_239,622,side1-layout0-slot110,0,Orange,goal,Nexto,1360,11.333333333333334,2,6,Rival,0,0,5,3,0,0,0,0,0,0,0,0
plus_239,623,side1-layout1-slot111,1,Orange,goal,Nexto,1232,10.266666666666667,1,4,Rival,0,0,4,1,0,0,0,0,0,0,0,0
plus_239,624,side1-layout2-slot112,2,Orange,goal,Nexto,1644,13.7,3,5,Rival,0,0,4,3,0,1,0,1,0,0,0,0
plus_239,625,side1-layout3-slot113,3,Orange,goal,Nexto,2284,19.033333333333335,3,8,Rival,2,0,9,6,1,0,1,0,0,0,0,0
plus_239,626,side1-layout4-slot114,4,Orange,goal,Nexto,2644,22.033333333333335,2,9,Rival,0,0,5,3,0,0,0,0,0,0,0,0
plus_239,627,side1-layout0-slot115,0,Orange,goal,Nexto,1360,11.333333333333334,2,6,Rival,0,0,5,3,0,0,0,0,0,0,0,0
plus_239,628,side1-layout1-slot116,1,Orange,goal,Nexto,1232,10.266666666666667,1,4,Rival,0,0,4,1,0,0,0,0,0,0,0,0
plus_239,629,side1-layout2-slot117,2,Orange,goal,Nexto,1644,13.7,3,5,Rival,0,0,4,3,0,1,0,1,0,0,0,0
plus_239,630,side1-layout3-slot118,3,Orange,goal,Nexto,2284,19.033333333333335,3,8,Rival,2,0,9,6,1,0,1,0,0,0,0,0
plus_239,631,side1-layout4-slot119,4,Orange,goal,Nexto,2644,22.033333333333335,2,9,Rival,0,0,5,3,0,0,0,0,0,0,0,0
plus_239,632,side1-layout0-slot120,0,Orange,goal,Nexto,1360,11.333333333333334,2,6,Rival,0,0,5,3,0,0,0,0,0,0,0,0
plus_239,633,side1-layout1-slot121,1,Orange,goal,Nexto,1232,10.266666666666667,1,4,Rival,0,0,4,1,0,0,0,0,0,0,0,0
plus_239,634,side1-layout2-slot122,2,Orange,goal,Nexto,1644,13.7,3,5,Rival,0,0,4,3,0,1,0,1,0,0,0,0
plus_239,635,side1-layout3-slot123,3,Orange,goal,Nexto,2328,19.4,3,8,Rival,2,0,10,6,1,0,1,0,0,0,0,0
plus_239,636,side1-layout4-slot124,4,Orange,goal,Nexto,2644,22.033333333333335,2,9,Rival,0,0,5,3,0,0,0,0,0,0,0,0
plus_239,637,side1-layout0-slot125,0,Orange,goal,Nexto,1360,11.333333333333334,2,6,Rival,0,0,5,3,0,0,0,0,0,0,0,0
plus_239,638,side1-layout1-slot126,1,Orange,goal,Nexto,1232,10.266666666666667,1,4,Rival,0,0,4,1,0,0,0,0,0,0,0,0
plus_239,639,side1-layout2-slot127,2,Orange,goal,Nexto,1644,13.7,3,5,Rival,0,0,4,3,0,1,0,1,0,0,0,0
plus_239,640,side1-layout3-slot128,3,Orange,goal,Nexto,2328,19.4,3,8,Rival,2,0,10,6,1,0,1,0,0,0,0,0
plus_239,641,side1-layout4-slot129,4,Orange,goal,Nexto,2644,22.033333333333335,2,9,Rival,0,0,5,3,0,0,0,0,0,0,0,0
plus_239,642,side1-layout0-slot130,0,Orange,goal,Nexto,1360,11.333333333333334,2,6,Rival,0,0,5,3,0,0,0,0,0,0,0,0
plus_239,643,side1-layout1-slot131,1,Orange,goal,Nexto,1232,10.266666666666667,1,4,Rival,0,0,4,1,0,0,0,0,0,0,0,0
plus_239,644,side1-layout2-slot132,2,Orange,goal,Nexto,1644,13.7,3,5,Rival,0,0,4,3,0,1,0,1,0,0,0,0
plus_239,645,side1-layout3-slot133,3,Orange,goal,Nexto,2328,19.4,3,8,Rival,2,0,10,6,1,0,1,0,0,0,0,0
plus_239,646,side1-layout4-slot134,4,Orange,goal,Nexto,2644,22.033333333333335,2,9,Rival,0,0,5,3,0,0,0,0,0,0,0,0
plus_239,647,side1-layout0-slot135,0,Orange,goal,Nexto,1360,11.333333333333334,2,6,Rival,0,0,5,3,0,0,0,0,0,0,0,0
plus_239,648,side1-layout1-slot136,1,Orange,goal,Nexto,1232,10.266666666666667,1,4,Rival,0,0,4,1,0,0,0,0,0,0,0,0
plus_239,649,side1-layout2-slot137,2,Orange,goal,Nexto,1644,13.7,3,5,Rival,0,0,4,3,0,1,0,1,0,0,0,0
plus_239,650,side1-layout3-slot138,3,Orange,goal,Nexto,2328,19.4,3,8,Rival,2,0,10,6,1,0,1,0,0,0,0,0
plus_239,651,side1-layout4-slot139,4,Orange,goal,Nexto,2644,22.033333333333335,2,9,Rival,0,0,5,3,0,0,0,0,0,0,0,0
plus_239,652,side1-layout0-slot140,0,Orange,goal,Nexto,1360,11.333333333333334,2,6,Rival,0,0,5,3,0,0,0,0,0,0,0,0
plus_239,653,side1-layout1-slot141,1,Orange,goal,Nexto,1232,10.266666666666667,1,4,Rival,0,0,4,1,0,0,0,0,0,0,0,0
plus_239,654,side1-layout2-slot142,2,Orange,goal,Nexto,1644,13.7,3,5,Rival,0,0,4,3,0,1,0,1,0,0,0,0
plus_239,655,side1-layout3-slot143,3,Orange,goal,Nexto,2284,19.033333333333335,3,8,Rival,2,0,9,6,1,0,1,0,0,0,0,0
plus_239,656,side1-layout4-slot144,4,Orange,goal,Nexto,2644,22.033333333333335,2,9,Rival,0,0,5,3,0,0,0,0,0,0,0,0
plus_239,657,side1-layout0-slot145,0,Orange,goal,Nexto,1360,11.333333333333334,2,6,Rival,0,0,5,3,0,0,0,0,0,0,0,0
plus_239,658,side1-layout1-slot146,1,Orange,goal,Nexto,1232,10.266666666666667,1,4,Rival,0,0,4,1,0,0,0,0,0,0,0,0
plus_239,659,side1-layout2-slot147,2,Orange,goal,Nexto,1644,13.7,3,5,Rival,0,0,4,3,0,1,0,1,0,0,0,0
plus_239,660,side1-layout3-slot148,3,Orange,goal,Nexto,2284,19.033333333333335,3,8,Rival,2,0,9,6,1,0,1,0,0,0,0,0
plus_239,661,side1-layout4-slot149,4,Orange,goal,Nexto,2644,22.033333333333335,2,9,Rival,0,0,5,3,0,0,0,0,0,0,0,0
plus_239,662,side1-layout0-slot150,0,Orange,goal,Nexto,1360,11.333333333333334,2,6,Rival,0,0,5,3,0,0,0,0,0,0,0,0
plus_239,663,side1-layout1-slot151,1,Orange,goal,Nexto,1232,10.266666666666667,1,4,Rival,0,0,4,1,0,0,0,0,0,0,0,0
plus_239,664,side1-layout2-slot152,2,Orange,goal,Nexto,1644,13.7,3,5,Rival,0,0,4,3,0,1,0,1,0,0,0,0
plus_239,665,side1-layout3-slot153,3,Orange,goal,Nexto,2284,19.033333333333335,3,8,Rival,2,0,9,6,1,0,1,0,0,0,0,0
plus_239,666,side1-layout4-slot154,4,Orange,goal,Nexto,2644,22.033333333333335,2,9,Rival,0,0,5,3,0,0,0,0,0,0,0,0
plus_239,667,side1-layout0-slot155,0,Orange,goal,Nexto,1360,11.333333333333334,2,6,Rival,0,0,5,3,0,0,0,0,0,0,0,0
plus_239,668,side1-layout1-slot156,1,Orange,goal,Nexto,1232,10.266666666666667,1,4,Rival,0,0,4,1,0,0,0,0,0,0,0,0
plus_239,669,side1-layout2-slot157,2,Orange,goal,Nexto,1644,13.7,3,5,Rival,0,0,4,3,0,1,0,1,0,0,0,0
plus_239,670,side1-layout3-slot158,3,Orange,goal,Nexto,2328,19.4,3,8,Rival,2,0,10,6,1,0,1,0,0,0,0,0
plus_239,671,side1-layout4-slot159,4,Orange,goal,Nexto,2644,22.033333333333335,2,9,Rival,0,0,5,3,0,0,0,0,0,0,0,0
plus_239,672,side1-layout0-slot160,0,Orange,goal,Nexto,1360,11.333333333333334,2,6,Rival,0,0,5,3,0,0,0,0,0,0,0,0
plus_239,673,side1-layout1-slot161,1,Orange,goal,Nexto,1232,10.266666666666667,1,4,Rival,0,0,4,1,0,0,0,0,0,0,0,0
plus_239,674,side1-layout2-slot162,2,Orange,goal,Nexto,1644,13.7,3,5,Rival,0,0,4,3,0,1,0,1,0,0,0,0
plus_239,675,side1-layout3-slot163,3,Orange,goal,Nexto,2284,19.033333333333335,3,8,Rival,2,0,9,6,1,0,1,0,0,0,0,0
plus_239,676,side1-layout4-slot164,4,Orange,goal,Nexto,2644,22.033333333333335,2,9,Rival,0,0,5,3,0,0,0,0,0,0,0,0
plus_239,677,side1-layout0-slot165,0,Orange,goal,Nexto,1360,11.333333333333334,2,6,Rival,0,0,5,3,0,0,0,0,0,0,0,0
plus_239,678,side1-layout1-slot166,1,Orange,goal,Nexto,1232,10.266666666666667,1,4,Rival,0,0,4,1,0,0,0,0,0,0,0,0
plus_239,679,side1-layout2-slot167,2,Orange,goal,Nexto,1644,13.7,3,5,Rival,0,0,4,3,0,1,0,1,0,0,0,0
plus_239,680,side1-layout3-slot168,3,Orange,goal,Nexto,2328,19.4,3,8,Rival,2,0,10,6,1,0,1,0,0,0,0,0
plus_239,681,side1-layout4-slot169,4,Orange,goal,Nexto,2644,22.033333333333335,2,9,Rival,0,0,5,3,0,0,0,0,0,0,0,0
plus_239,682,side1-layout0-slot170,0,Orange,goal,Nexto,1360,11.333333333333334,2,6,Rival,0,0,5,3,0,0,0,0,0,0,0,0
plus_239,683,side1-layout1-slot171,1,Orange,goal,Nexto,1232,10.266666666666667,1,4,Rival,0,0,4,1,0,0,0,0,0,0,0,0
plus_239,684,side1-layout2-slot172,2,Orange,goal,Nexto,1644,13.7,3,5,Rival,0,0,4,3,0,1,0,1,0,0,0,0
plus_239,685,side1-layout3-slot173,3,Orange,goal,Nexto,2328,19.4,3,8,Rival,2,0,10,6,1,0,1,0,0,0,0,0
plus_239,686,side1-layout4-slot174,4,Orange,goal,Nexto,2644,22.033333333333335,2,9,Rival,0,0,5,3,0,0,0,0,0,0,0,0
plus_239,687,side1-layout0-slot175,0,Orange,goal,Nexto,1360,11.333333333333334,2,6,Rival,0,0,5,3,0,0,0,0,0,0,0,0
plus_239,688,side1-layout1-slot176,1,Orange,goal,Nexto,1232,10.266666666666667,1,4,Rival,0,0,4,1,0,0,0,0,0,0,0,0
plus_239,689,side1-layout2-slot177,2,Orange,goal,Nexto,1644,13.7,3,5,Rival,0,0,4,3,0,1,0,1,0,0,0,0
plus_239,690,side1-layout3-slot178,3,Orange,goal,Nexto,2328,19.4,3,8,Rival,2,0,10,6,1,0,1,0,0,0,0,0
plus_239,691,side1-layout4-slot179,4,Orange,goal,Nexto,2644,22.033333333333335,2,9,Rival,0,0,5,3,0,0,0,0,0,0,0,0
plus_239,692,side1-layout0-slot180,0,Orange,goal,Nexto,1360,11.333333333333334,2,6,Rival,0,0,5,3,0,0,0,0,0,0,0,0
plus_239,693,side1-layout1-slot181,1,Orange,goal,Nexto,1232,10.266666666666667,1,4,Rival,0,0,4,1,0,0,0,0,0,0,0,0
plus_239,694,side1-layout2-slot182,2,Orange,goal,Nexto,1644,13.7,3,5,Rival,0,0,4,3,0,1,0,1,0,0,0,0
plus_239,695,side1-layout3-slot183,3,Orange,goal,Nexto,2328,19.4,3,8,Rival,2,0,10,6,1,0,1,0,0,0,0,0
plus_239,696,side1-layout4-slot184,4,Orange,goal,Nexto,2644,22.033333333333335,2,9,Rival,0,0,5,3,0,0,0,0,0,0,0,0
plus_239,697,side1-layout0-slot185,0,Orange,goal,Nexto,1360,11.333333333333334,2,6,Rival,0,0,5,3,0,0,0,0,0,0,0,0
plus_239,698,side1-layout1-slot186,1,Orange,goal,Nexto,1232,10.266666666666667,1,4,Rival,0,0,4,1,0,0,0,0,0,0,0,0
plus_239,699,side1-layout2-slot187,2,Orange,goal,Nexto,1644,13.7,3,5,Rival,0,0,4,3,0,1,0,1,0,0,0,0
plus_239,700,side1-layout3-slot188,3,Orange,goal,Nexto,2284,19.033333333333335,3,8,Rival,2,0,9,6,1,0,1,0,0,0,0,0
plus_239,701,side1-layout4-slot189,4,Orange,goal,Nexto,2644,22.033333333333335,2,9,Rival,0,0,5,3,0,0,0,0,0,0,0,0
plus_239,702,side1-layout0-slot190,0,Orange,goal,Nexto,1360,11.333333333333334,2,6,Rival,0,0,5,3,0,0,0,0,0,0,0,0
plus_239,703,side1-layout1-slot191,1,Orange,goal,Nexto,1232,10.266666666666667,1,4,Rival,0,0,4,1,0,0,0,0,0,0,0,0
plus_239,704,side1-layout2-slot192,2,Orange,goal,Nexto,1644,13.7,3,5,Rival,0,0,4,3,0,1,0,1,0,0,0,0
plus_239,705,side1-layout3-slot193,3,Orange,goal,Nexto,2284,19.033333333333335,3,8,Rival,2,0,9,6,1,0,1,0,0,0,0,0
plus_239,706,side1-layout4-slot194,4,Orange,goal,Nexto,2644,22.033333333333335,2,9,Rival,0,0,5,3,0,0,0,0,0,0,0,0
plus_239,707,side1-layout0-slot195,0,Orange,goal,Nexto,1360,11.333333333333334,2,6,Rival,0,0,5,3,0,0,0,0,0,0,0,0
plus_239,708,side1-layout1-slot196,1,Orange,goal,Nexto,1232,10.266666666666667,1,4,Rival,0,0,4,1,0,0,0,0,0,0,0,0
plus_239,709,side1-layout2-slot197,2,Orange,goal,Nexto,1644,13.7,3,5,Rival,0,0,4,3,0,1,0,1,0,0,0,0
plus_239,710,side1-layout3-slot198,3,Orange,goal,Nexto,2328,19.4,3,8,Rival,2,0,10,6,1,0,1,0,0,0,0,0
plus_239,711,side1-layout4-slot199,4,Orange,goal,Nexto,2644,22.033333333333335,2,9,Rival,0,0,5,3,0,0,0,0,0,0,0,0
plus_239,712,side1-layout0-slot200,0,Orange,goal,Nexto,1360,11.333333333333334,2,6,Rival,0,0,5,3,0,0,0,0,0,0,0,0
plus_239,713,side1-layout1-slot201,1,Orange,goal,Nexto,1232,10.266666666666667,1,4,Rival,0,0,4,1,0,0,0,0,0,0,0,0
plus_239,714,side1-layout2-slot202,2,Orange,goal,Nexto,1644,13.7,3,5,Rival,0,0,4,3,0,1,0,1,0,0,0,0
plus_239,715,side1-layout3-slot203,3,Orange,goal,Nexto,2328,19.4,3,8,Rival,2,0,10,6,1,0,1,0,0,0,0,0
plus_239,716,side1-layout4-slot204,4,Orange,goal,Nexto,2644,22.033333333333335,2,9,Rival,0,0,5,3,0,0,0,0,0,0,0,0
plus_239,717,side1-layout0-slot205,0,Orange,goal,Nexto,1360,11.333333333333334,2,6,Rival,0,0,5,3,0,0,0,0,0,0,0,0
plus_239,718,side1-layout1-slot206,1,Orange,goal,Nexto,1232,10.266666666666667,1,4,Rival,0,0,4,1,0,0,0,0,0,0,0,0
plus_239,719,side1-layout2-slot207,2,Orange,goal,Nexto,1644,13.7,3,5,Rival,0,0,4,3,0,1,0,1,0,0,0,0
plus_239,720,side1-layout3-slot208,3,Orange,goal,Nexto,2328,19.4,3,8,Rival,2,0,10,6,1,0,1,0,0,0,0,0
plus_239,721,side1-layout4-slot209,4,Orange,goal,Nexto,2644,22.033333333333335,2,9,Rival,0,0,5,3,0,0,0,0,0,0,0,0
plus_239,722,side1-layout0-slot210,0,Orange,goal,Nexto,1360,11.333333333333334,2,6,Rival,0,0,5,3,0,0,0,0,0,0,0,0
plus_239,723,side1-layout1-slot211,1,Orange,goal,Nexto,1232,10.266666666666667,1,4,Rival,0,0,4,1,0,0,0,0,0,0,0,0
plus_239,724,side1-layout2-slot212,2,Orange,goal,Nexto,1644,13.7,3,5,Rival,0,0,4,3,0,1,0,1,0,0,0,0
plus_239,725,side1-layout3-slot213,3,Orange,goal,Nexto,2328,19.4,3,8,Rival,2,0,10,6,1,0,1,0,0,0,0,0
plus_239,726,side1-layout4-slot214,4,Orange,goal,Nexto,2644,22.033333333333335,2,9,Rival,0,0,5,3,0,0,0,0,0,0,0,0
plus_239,727,side1-layout0-slot215,0,Orange,goal,Nexto,1360,11.333333333333334,2,6,Rival,0,0,5,3,0,0,0,0,0,0,0,0
plus_239,728,side1-layout1-slot216,1,Orange,goal,Nexto,1232,10.266666666666667,1,4,Rival,0,0,4,1,0,0,0,0,0,0,0,0
plus_239,729,side1-layout2-slot217,2,Orange,goal,Nexto,1644,13.7,3,5,Rival,0,0,4,3,0,1,0,1,0,0,0,0
plus_239,730,side1-layout3-slot218,3,Orange,goal,Nexto,2328,19.4,3,8,Rival,2,0,10,6,1,0,1,0,0,0,0,0
plus_239,731,side1-layout4-slot219,4,Orange,goal,Nexto,2644,22.033333333333335,2,9,Rival,0,0,5,3,0,0,0,0,0,0,0,0
plus_239,732,side1-layout0-slot220,0,Orange,goal,Nexto,1360,11.333333333333334,2,6,Rival,0,0,5,3,0,0,0,0,0,0,0,0
plus_239,733,side1-layout1-slot221,1,Orange,goal,Nexto,1232,10.266666666666667,1,4,Rival,0,0,4,1,0,0,0,0,0,0,0,0
plus_239,734,side1-layout2-slot222,2,Orange,goal,Nexto,1644,13.7,3,5,Rival,0,0,4,3,0,1,0,1,0,0,0,0
plus_239,735,side1-layout3-slot223,3,Orange,goal,Nexto,2328,19.4,3,8,Rival,2,0,10,6,1,0,1,0,0,0,0,0
plus_239,736,side1-layout4-slot224,4,Orange,goal,Nexto,2644,22.033333333333335,2,9,Rival,0,0,5,3,0,0,0,0,0,0,0,0
plus_239,737,side1-layout0-slot225,0,Orange,goal,Nexto,1360,11.333333333333334,2,6,Rival,0,0,5,3,0,0,0,0,0,0,0,0
plus_239,738,side1-layout1-slot226,1,Orange,goal,Nexto,1232,10.266666666666667,1,4,Rival,0,0,4,1,0,0,0,0,0,0,0,0
plus_239,739,side1-layout2-slot227,2,Orange,goal,Nexto,1644,13.7,3,5,Rival,0,0,4,3,0,1,0,1,0,0,0,0
plus_239,740,side1-layout3-slot228,3,Orange,goal,Nexto,2328,19.4,3,8,Rival,2,0,10,6,1,0,1,0,0,0,0,0
plus_239,741,side1-layout4-slot229,4,Orange,goal,Nexto,2644,22.033333333333335,2,9,Rival,0,0,5,3,0,0,0,0,0,0,0,0
plus_239,742,side1-layout0-slot230,0,Orange,goal,Nexto,1360,11.333333333333334,2,6,Rival,0,0,5,3,0,0,0,0,0,0,0,0
plus_239,743,side1-layout1-slot231,1,Orange,goal,Nexto,1232,10.266666666666667,1,4,Rival,0,0,4,1,0,0,0,0,0,0,0,0
plus_239,744,side1-layout2-slot232,2,Orange,goal,Nexto,1644,13.7,3,5,Rival,0,0,4,3,0,1,0,1,0,0,0,0
plus_239,745,side1-layout3-slot233,3,Orange,goal,Nexto,2328,19.4,3,8,Rival,2,0,10,6,1,0,1,0,0,0,0,0
plus_239,746,side1-layout4-slot234,4,Orange,goal,Nexto,2644,22.033333333333335,2,9,Rival,0,0,5,3,0,0,0,0,0,0,0,0
plus_239,747,side1-layout0-slot235,0,Orange,goal,Nexto,1360,11.333333333333334,2,6,Rival,0,0,5,3,0,0,0,0,0,0,0,0
plus_239,748,side1-layout1-slot236,1,Orange,goal,Nexto,1232,10.266666666666667,1,4,Rival,0,0,4,1,0,0,0,0,0,0,0,0
plus_239,749,side1-layout2-slot237,2,Orange,goal,Nexto,1644,13.7,3,5,Rival,0,0,4,3,0,1,0,1,0,0,0,0
plus_239,750,side1-layout3-slot238,3,Orange,goal,Nexto,2284,19.033333333333335,3,8,Rival,2,0,9,6,1,0,1,0,0,0,0,0
plus_239,751,side1-layout4-slot239,4,Orange,goal,Nexto,2644,22.033333333333335,2,9,Rival,0,0,5,3,0,0,0,0,0,0,0,0
plus_239,752,side1-layout0-slot240,0,Orange,goal,Nexto,1360,11.333333333333334,2,6,Rival,0,0,5,3,0,0,0,0,0,0,0,0
plus_239,753,side1-layout1-slot241,1,Orange,goal,Nexto,1232,10.266666666666667,1,4,Rival,0,0,4,1,0,0,0,0,0,0,0,0
plus_239,754,side1-layout2-slot242,2,Orange,goal,Nexto,1644,13.7,3,5,Rival,0,0,4,3,0,1,0,1,0,0,0,0
plus_239,755,side1-layout3-slot243,3,Orange,goal,Nexto,2328,19.4,3,8,Rival,2,0,10,6,1,0,1,0,0,0,0,0
plus_239,756,side1-layout4-slot244,4,Orange,goal,Nexto,2644,22.033333333333335,2,9,Rival,0,0,5,3,0,0,0,0,0,0,0,0
plus_239,757,side1-layout0-slot245,0,Orange,goal,Nexto,1360,11.333333333333334,2,6,Rival,0,0,5,3,0,0,0,0,0,0,0,0
plus_239,758,side1-layout1-slot246,1,Orange,goal,Nexto,1232,10.266666666666667,1,4,Rival,0,0,4,1,0,0,0,0,0,0,0,0
plus_239,759,side1-layout2-slot247,2,Orange,goal,Nexto,1644,13.7,3,5,Rival,0,0,4,3,0,1,0,1,0,0,0,0
plus_239,760,side1-layout3-slot248,3,Orange,goal,Nexto,2284,19.033333333333335,3,8,Rival,2,0,9,6,1,0,1,0,0,0,0,0
plus_239,761,side1-layout4-slot249,4,Orange,goal,Nexto,2644,22.033333333333335,2,9,Rival,0,0,5,3,0,0,0,0,0,0,0,0
plus_239,762,side1-layout0-slot250,0,Orange,goal,Nexto,1360,11.333333333333334,2,6,Rival,0,0,5,3,0,0,0,0,0,0,0,0
plus_239,763,side1-layout1-slot251,1,Orange,goal,Nexto,1232,10.266666666666667,1,4,Rival,0,0,4,1,0,0,0,0,0,0,0,0
plus_239,764,side1-layout2-slot252,2,Orange,goal,Nexto,1644,13.7,3,5,Rival,0,0,4,3,0,1,0,1,0,0,0,0
plus_239,765,side1-layout3-slot253,3,Orange,goal,Nexto,2284,19.033333333333335,3,8,Rival,2,0,9,6,1,0,1,0,0,0,0,0
plus_239,766,side1-layout4-slot254,4,Orange,goal,Nexto,2644,22.033333333333335,2,9,Rival,0,0,5,3,0,0,0,0,0,0,0,0
plus_239,767,side1-layout0-slot255,0,Orange,goal,Nexto,1360,11.333333333333334,2,6,Rival,0,0,5,3,0,0,0,0,0,0,0,0
plus_239,768,side1-layout1-slot256,1,Orange,goal,Nexto,1232,10.266666666666667,1,4,Rival,0,0,4,1,0,0,0,0,0,0,0,0
plus_239,769,side1-layout2-slot257,2,Orange,goal,Nexto,1644,13.7,3,5,Rival,0,0,4,3,0,1,0,1,0,0,0,0
plus_239,770,side1-layout3-slot258,3,Orange,goal,Nexto,2284,19.033333333333335,3,8,Rival,2,0,9,6,1,0,1,0,0,0,0,0
plus_239,771,side1-layout4-slot259,4,Orange,goal,Nexto,2644,22.033333333333335,2,9,Rival,0,0,5,3,0,0,0,0,0,0,0,0
plus_239,772,side1-layout0-slot260,0,Orange,goal,Nexto,1360,11.333333333333334,2,6,Rival,0,0,5,3,0,0,0,0,0,0,0,0
plus_239,773,side1-layout1-slot261,1,Orange,goal,Nexto,1232,10.266666666666667,1,4,Rival,0,0,4,1,0,0,0,0,0,0,0,0
plus_239,774,side1-layout2-slot262,2,Orange,goal,Nexto,1644,13.7,3,5,Rival,0,0,4,3,0,1,0,1,0,0,0,0
plus_239,775,side1-layout3-slot263,3,Orange,goal,Nexto,2284,19.033333333333335,3,8,Rival,2,0,9,6,1,0,1,0,0,0,0,0
plus_239,776,side1-layout4-slot264,4,Orange,goal,Nexto,2644,22.033333333333335,2,9,Rival,0,0,5,3,0,0,0,0,0,0,0,0
plus_239,777,side1-layout0-slot265,0,Orange,goal,Nexto,1360,11.333333333333334,2,6,Rival,0,0,5,3,0,0,0,0,0,0,0,0
plus_239,778,side1-layout1-slot266,1,Orange,goal,Nexto,1232,10.266666666666667,1,4,Rival,0,0,4,1,0,0,0,0,0,0,0,0
plus_239,779,side1-layout2-slot267,2,Orange,goal,Nexto,1644,13.7,3,5,Rival,0,0,4,3,0,1,0,1,0,0,0,0
plus_239,780,side1-layout3-slot268,3,Orange,goal,Nexto,2284,19.033333333333335,3,8,Rival,2,0,9,6,1,0,1,0,0,0,0,0
plus_239,781,side1-layout4-slot269,4,Orange,goal,Nexto,2644,22.033333333333335,2,9,Rival,0,0,5,3,0,0,0,0,0,0,0,0
plus_239,782,side1-layout0-slot270,0,Orange,goal,Nexto,1360,11.333333333333334,2,6,Rival,0,0,5,3,0,0,0,0,0,0,0,0
plus_239,783,side1-layout1-slot271,1,Orange,goal,Nexto,1232,10.266666666666667,1,4,Rival,0,0,4,1,0,0,0,0,0,0,0,0
plus_239,784,side1-layout2-slot272,2,Orange,goal,Nexto,1644,13.7,3,5,Rival,0,0,4,3,0,1,0,1,0,0,0,0
plus_239,785,side1-layout3-slot273,3,Orange,goal,Nexto,2284,19.033333333333335,3,8,Rival,2,0,9,6,1,0,1,0,0,0,0,0
plus_239,786,side1-layout4-slot274,4,Orange,goal,Nexto,2644,22.033333333333335,2,9,Rival,0,0,5,3,0,0,0,0,0,0,0,0
plus_239,787,side1-layout0-slot275,0,Orange,goal,Nexto,1360,11.333333333333334,2,6,Rival,0,0,5,3,0,0,0,0,0,0,0,0
plus_239,788,side1-layout1-slot276,1,Orange,goal,Nexto,1232,10.266666666666667,1,4,Rival,0,0,4,1,0,0,0,0,0,0,0,0
plus_239,789,side1-layout2-slot277,2,Orange,goal,Nexto,1644,13.7,3,5,Rival,0,0,4,3,0,1,0,1,0,0,0,0
plus_239,790,side1-layout3-slot278,3,Orange,goal,Nexto,2328,19.4,3,8,Rival,2,0,10,6,1,0,1,0,0,0,0,0
plus_239,791,side1-layout4-slot279,4,Orange,goal,Nexto,2644,22.033333333333335,2,9,Rival,0,0,5,3,0,0,0,0,0,0,0,0
plus_239,792,side1-layout0-slot280,0,Orange,goal,Nexto,1360,11.333333333333334,2,6,Rival,0,0,5,3,0,0,0,0,0,0,0,0
plus_239,793,side1-layout1-slot281,1,Orange,goal,Nexto,1232,10.266666666666667,1,4,Rival,0,0,4,1,0,0,0,0,0,0,0,0
plus_239,794,side1-layout2-slot282,2,Orange,goal,Nexto,1644,13.7,3,5,Rival,0,0,4,3,0,1,0,1,0,0,0,0
plus_239,795,side1-layout3-slot283,3,Orange,goal,Nexto,2284,19.033333333333335,3,8,Rival,2,0,9,6,1,0,1,0,0,0,0,0
plus_239,796,side1-layout4-slot284,4,Orange,goal,Nexto,2644,22.033333333333335,2,9,Rival,0,0,5,3,0,0,0,0,0,0,0,0
plus_239,797,side1-layout0-slot285,0,Orange,goal,Nexto,1360,11.333333333333334,2,6,Rival,0,0,5,3,0,0,0,0,0,0,0,0
plus_239,798,side1-layout1-slot286,1,Orange,goal,Nexto,1232,10.266666666666667,1,4,Rival,0,0,4,1,0,0,0,0,0,0,0,0
plus_239,799,side1-layout2-slot287,2,Orange,goal,Nexto,1644,13.7,3,5,Rival,0,0,4,3,0,1,0,1,0,0,0,0
plus_239,800,side1-layout3-slot288,3,Orange,goal,Nexto,2284,19.033333333333335,3,8,Rival,2,0,9,6,1,0,1,0,0,0,0,0
plus_239,801,side1-layout4-slot289,4,Orange,goal,Nexto,2644,22.033333333333335,2,9,Rival,0,0,5,3,0,0,0,0,0,0,0,0
plus_239,802,side1-layout0-slot290,0,Orange,goal,Nexto,1360,11.333333333333334,2,6,Rival,0,0,5,3,0,0,0,0,0,0,0,0
plus_239,803,side1-layout1-slot291,1,Orange,goal,Nexto,1232,10.266666666666667,1,4,Rival,0,0,4,1,0,0,0,0,0,0,0,0
plus_239,804,side1-layout2-slot292,2,Orange,goal,Nexto,1644,13.7,3,5,Rival,0,0,4,3,0,1,0,1,0,0,0,0
plus_239,805,side1-layout3-slot293,3,Orange,goal,Nexto,2328,19.4,3,8,Rival,2,0,10,6,1,0,1,0,0,0,0,0
plus_239,806,side1-layout4-slot294,4,Orange,goal,Nexto,2644,22.033333333333335,2,9,Rival,0,0,5,3,0,0,0,0,0,0,0,0
plus_239,807,side1-layout0-slot295,0,Orange,goal,Nexto,1360,11.333333333333334,2,6,Rival,0,0,5,3,0,0,0,0,0,0,0,0
plus_239,808,side1-layout1-slot296,1,Orange,goal,Nexto,1232,10.266666666666667,1,4,Rival,0,0,4,1,0,0,0,0,0,0,0,0
plus_239,809,side1-layout2-slot297,2,Orange,goal,Nexto,1644,13.7,3,5,Rival,0,0,4,3,0,1,0,1,0,0,0,0
plus_239,810,side1-layout3-slot298,3,Orange,goal,Nexto,2284,19.033333333333335,3,8,Rival,2,0,9,6,1,0,1,0,0,0,0,0
plus_239,811,side1-layout4-slot299,4,Orange,goal,Nexto,2644,22.033333333333335,2,9,Rival,0,0,5,3,0,0,0,0,0,0,0,0
plus_239,812,side1-layout0-slot300,0,Orange,goal,Nexto,1360,11.333333333333334,2,6,Rival,0,0,5,3,0,0,0,0,0,0,0,0
plus_239,813,side1-layout1-slot301,1,Orange,goal,Nexto,1232,10.266666666666667,1,4,Rival,0,0,4,1,0,0,0,0,0,0,0,0
plus_239,814,side1-layout2-slot302,2,Orange,goal,Nexto,1644,13.7,3,5,Rival,0,0,4,3,0,1,0,1,0,0,0,0
plus_239,815,side1-layout3-slot303,3,Orange,goal,Nexto,2328,19.4,3,8,Rival,2,0,10,6,1,0,1,0,0,0,0,0
plus_239,816,side1-layout4-slot304,4,Orange,goal,Nexto,2644,22.033333333333335,2,9,Rival,0,0,5,3,0,0,0,0,0,0,0,0
plus_239,817,side1-layout0-slot305,0,Orange,goal,Nexto,1360,11.333333333333334,2,6,Rival,0,0,5,3,0,0,0,0,0,0,0,0
plus_239,818,side1-layout1-slot306,1,Orange,goal,Nexto,1232,10.266666666666667,1,4,Rival,0,0,4,1,0,0,0,0,0,0,0,0
plus_239,819,side1-layout2-slot307,2,Orange,goal,Nexto,1644,13.7,3,5,Rival,0,0,4,3,0,1,0,1,0,0,0,0
plus_239,820,side1-layout3-slot308,3,Orange,goal,Nexto,2284,19.033333333333335,3,8,Rival,2,0,9,6,1,0,1,0,0,0,0,0
plus_239,821,side1-layout4-slot309,4,Orange,goal,Nexto,2644,22.033333333333335,2,9,Rival,0,0,5,3,0,0,0,0,0,0,0,0
plus_239,822,side1-layout0-slot310,0,Orange,goal,Nexto,1360,11.333333333333334,2,6,Rival,0,0,5,3,0,0,0,0,0,0,0,0
plus_239,823,side1-layout1-slot311,1,Orange,goal,Nexto,1232,10.266666666666667,1,4,Rival,0,0,4,1,0,0,0,0,0,0,0,0
plus_239,824,side1-layout2-slot312,2,Orange,goal,Nexto,1644,13.7,3,5,Rival,0,0,4,3,0,1,0,1,0,0,0,0
plus_239,825,side1-layout3-slot313,3,Orange,goal,Nexto,2284,19.033333333333335,3,8,Rival,2,0,9,6,1,0,1,0,0,0,0,0
plus_239,826,side1-layout4-slot314,4,Orange,goal,Nexto,2644,22.033333333333335,2,9,Rival,0,0,5,3,0,0,0,0,0,0,0,0
plus_239,827,side1-layout0-slot315,0,Orange,goal,Nexto,1360,11.333333333333334,2,6,Rival,0,0,5,3,0,0,0,0,0,0,0,0
plus_239,828,side1-layout1-slot316,1,Orange,goal,Nexto,1232,10.266666666666667,1,4,Rival,0,0,4,1,0,0,0,0,0,0,0,0
plus_239,829,side1-layout2-slot317,2,Orange,goal,Nexto,1644,13.7,3,5,Rival,0,0,4,3,0,1,0,1,0,0,0,0
plus_239,830,side1-layout3-slot318,3,Orange,goal,Nexto,2328,19.4,3,8,Rival,2,0,10,6,1,0,1,0,0,0,0,0
plus_239,831,side1-layout4-slot319,4,Orange,goal,Nexto,2644,22.033333333333335,2,9,Rival,0,0,5,3,0,0,0,0,0,0,0,0
plus_239,832,side1-layout0-slot320,0,Orange,goal,Nexto,1360,11.333333333333334,2,6,Rival,0,0,5,3,0,0,0,0,0,0,0,0
plus_239,833,side1-layout1-slot321,1,Orange,goal,Nexto,1232,10.266666666666667,1,4,Rival,0,0,4,1,0,0,0,0,0,0,0,0
plus_239,834,side1-layout2-slot322,2,Orange,goal,Nexto,1644,13.7,3,5,Rival,0,0,4,3,0,1,0,1,0,0,0,0
plus_239,835,side1-layout3-slot323,3,Orange,goal,Nexto,2284,19.033333333333335,3,8,Rival,2,0,9,6,1,0,1,0,0,0,0,0
plus_239,836,side1-layout4-slot324,4,Orange,goal,Nexto,2644,22.033333333333335,2,9,Rival,0,0,5,3,0,0,0,0,0,0,0,0
plus_239,837,side1-layout0-slot325,0,Orange,goal,Nexto,1360,11.333333333333334,2,6,Rival,0,0,5,3,0,0,0,0,0,0,0,0
plus_239,838,side1-layout1-slot326,1,Orange,goal,Nexto,1232,10.266666666666667,1,4,Rival,0,0,4,1,0,0,0,0,0,0,0,0
plus_239,839,side1-layout2-slot327,2,Orange,goal,Nexto,1644,13.7,3,5,Rival,0,0,4,3,0,1,0,1,0,0,0,0
plus_239,840,side1-layout3-slot328,3,Orange,goal,Nexto,2328,19.4,3,8,Rival,2,0,10,6,1,0,1,0,0,0,0,0
plus_239,841,side1-layout4-slot329,4,Orange,goal,Nexto,2644,22.033333333333335,2,9,Rival,0,0,5,3,0,0,0,0,0,0,0,0
plus_239,842,side1-layout0-slot330,0,Orange,goal,Nexto,1360,11.333333333333334,2,6,Rival,0,0,5,3,0,0,0,0,0,0,0,0
plus_239,843,side1-layout1-slot331,1,Orange,goal,Nexto,1232,10.266666666666667,1,4,Rival,0,0,4,1,0,0,0,0,0,0,0,0
plus_239,844,side1-layout2-slot332,2,Orange,goal,Nexto,1644,13.7,3,5,Rival,0,0,4,3,0,1,0,1,0,0,0,0
plus_239,845,side1-layout3-slot333,3,Orange,goal,Nexto,2328,19.4,3,8,Rival,2,0,10,6,1,0,1,0,0,0,0,0
plus_239,846,side1-layout4-slot334,4,Orange,goal,Nexto,2644,22.033333333333335,2,9,Rival,0,0,5,3,0,0,0,0,0,0,0,0
plus_239,847,side1-layout0-slot335,0,Orange,goal,Nexto,1360,11.333333333333334,2,6,Rival,0,0,5,3,0,0,0,0,0,0,0,0
plus_239,848,side1-layout1-slot336,1,Orange,goal,Nexto,1232,10.266666666666667,1,4,Rival,0,0,4,1,0,0,0,0,0,0,0,0
plus_239,849,side1-layout2-slot337,2,Orange,goal,Nexto,1644,13.7,3,5,Rival,0,0,4,3,0,1,0,1,0,0,0,0
plus_239,850,side1-layout3-slot338,3,Orange,goal,Nexto,2328,19.4,3,8,Rival,2,0,10,6,1,0,1,0,0,0,0,0
plus_239,851,side1-layout4-slot339,4,Orange,goal,Nexto,2644,22.033333333333335,2,9,Rival,0,0,5,3,0,0,0,0,0,0,0,0
plus_239,852,side1-layout0-slot340,0,Orange,goal,Nexto,1360,11.333333333333334,2,6,Rival,0,0,5,3,0,0,0,0,0,0,0,0
plus_239,853,side1-layout1-slot341,1,Orange,goal,Nexto,1232,10.266666666666667,1,4,Rival,0,0,4,1,0,0,0,0,0,0,0,0
plus_239,854,side1-layout2-slot342,2,Orange,goal,Nexto,1644,13.7,3,5,Rival,0,0,4,3,0,1,0,1,0,0,0,0
plus_239,855,side1-layout3-slot343,3,Orange,goal,Nexto,2328,19.4,3,8,Rival,2,0,10,6,1,0,1,0,0,0,0,0
plus_239,856,side1-layout4-slot344,4,Orange,goal,Nexto,2644,22.033333333333335,2,9,Rival,0,0,5,3,0,0,0,0,0,0,0,0
plus_239,857,side1-layout0-slot345,0,Orange,goal,Nexto,1360,11.333333333333334,2,6,Rival,0,0,5,3,0,0,0,0,0,0,0,0
plus_239,858,side1-layout1-slot346,1,Orange,goal,Nexto,1232,10.266666666666667,1,4,Rival,0,0,4,1,0,0,0,0,0,0,0,0
plus_239,859,side1-layout2-slot347,2,Orange,goal,Nexto,1644,13.7,3,5,Rival,0,0,4,3,0,1,0,1,0,0,0,0
plus_239,860,side1-layout3-slot348,3,Orange,goal,Nexto,2284,19.033333333333335,3,8,Rival,2,0,9,6,1,0,1,0,0,0,0,0
plus_239,861,side1-layout4-slot349,4,Orange,goal,Nexto,2644,22.033333333333335,2,9,Rival,0,0,5,3,0,0,0,0,0,0,0,0
plus_239,862,side1-layout0-slot350,0,Orange,goal,Nexto,1360,11.333333333333334,2,6,Rival,0,0,5,3,0,0,0,0,0,0,0,0
plus_239,863,side1-layout1-slot351,1,Orange,goal,Nexto,1232,10.266666666666667,1,4,Rival,0,0,4,1,0,0,0,0,0,0,0,0
plus_239,864,side1-layout2-slot352,2,Orange,goal,Nexto,1644,13.7,3,5,Rival,0,0,4,3,0,1,0,1,0,0,0,0
plus_239,865,side1-layout3-slot353,3,Orange,goal,Nexto,2284,19.033333333333335,3,8,Rival,2,0,9,6,1,0,1,0,0,0,0,0
plus_239,866,side1-layout4-slot354,4,Orange,goal,Nexto,2644,22.033333333333335,2,9,Rival,0,0,5,3,0,0,0,0,0,0,0,0
plus_239,867,side1-layout0-slot355,0,Orange,goal,Nexto,1360,11.333333333333334,2,6,Rival,0,0,5,3,0,0,0,0,0,0,0,0
plus_239,868,side1-layout1-slot356,1,Orange,goal,Nexto,1232,10.266666666666667,1,4,Rival,0,0,4,1,0,0,0,0,0,0,0,0
plus_239,869,side1-layout2-slot357,2,Orange,goal,Nexto,1644,13.7,3,5,Rival,0,0,4,3,0,1,0,1,0,0,0,0
plus_239,870,side1-layout3-slot358,3,Orange,goal,Nexto,2284,19.033333333333335,3,8,Rival,2,0,9,6,1,0,1,0,0,0,0,0
plus_239,871,side1-layout4-slot359,4,Orange,goal,Nexto,2644,22.033333333333335,2,9,Rival,0,0,5,3,0,0,0,0,0,0,0,0
plus_239,872,side1-layout0-slot360,0,Orange,goal,Nexto,1360,11.333333333333334,2,6,Rival,0,0,5,3,0,0,0,0,0,0,0,0
plus_239,873,side1-layout1-slot361,1,Orange,goal,Nexto,1232,10.266666666666667,1,4,Rival,0,0,4,1,0,0,0,0,0,0,0,0
plus_239,874,side1-layout2-slot362,2,Orange,goal,Nexto,1644,13.7,3,5,Rival,0,0,4,3,0,1,0,1,0,0,0,0
plus_239,875,side1-layout3-slot363,3,Orange,goal,Nexto,2328,19.4,3,8,Rival,2,0,10,6,1,0,1,0,0,0,0,0
plus_239,876,side1-layout4-slot364,4,Orange,goal,Nexto,2644,22.033333333333335,2,9,Rival,0,0,5,3,0,0,0,0,0,0,0,0
plus_239,877,side1-layout0-slot365,0,Orange,goal,Nexto,1360,11.333333333333334,2,6,Rival,0,0,5,3,0,0,0,0,0,0,0,0
plus_239,878,side1-layout1-slot366,1,Orange,goal,Nexto,1232,10.266666666666667,1,4,Rival,0,0,4,1,0,0,0,0,0,0,0,0
plus_239,879,side1-layout2-slot367,2,Orange,goal,Nexto,1644,13.7,3,5,Rival,0,0,4,3,0,1,0,1,0,0,0,0
plus_239,880,side1-layout3-slot368,3,Orange,goal,Nexto,2284,19.033333333333335,3,8,Rival,2,0,9,6,1,0,1,0,0,0,0,0
plus_239,881,side1-layout4-slot369,4,Orange,goal,Nexto,2644,22.033333333333335,2,9,Rival,0,0,5,3,0,0,0,0,0,0,0,0
plus_239,882,side1-layout0-slot370,0,Orange,goal,Nexto,1360,11.333333333333334,2,6,Rival,0,0,5,3,0,0,0,0,0,0,0,0
plus_239,883,side1-layout1-slot371,1,Orange,goal,Nexto,1232,10.266666666666667,1,4,Rival,0,0,4,1,0,0,0,0,0,0,0,0
plus_239,884,side1-layout2-slot372,2,Orange,goal,Nexto,1644,13.7,3,5,Rival,0,0,4,3,0,1,0,1,0,0,0,0
plus_239,885,side1-layout3-slot373,3,Orange,goal,Nexto,2328,19.4,3,8,Rival,2,0,10,6,1,0,1,0,0,0,0,0
plus_239,886,side1-layout4-slot374,4,Orange,goal,Nexto,2644,22.033333333333335,2,9,Rival,0,0,5,3,0,0,0,0,0,0,0,0
plus_239,887,side1-layout0-slot375,0,Orange,goal,Nexto,1360,11.333333333333334,2,6,Rival,0,0,5,3,0,0,0,0,0,0,0,0
plus_239,888,side1-layout1-slot376,1,Orange,goal,Nexto,1232,10.266666666666667,1,4,Rival,0,0,4,1,0,0,0,0,0,0,0,0
plus_239,889,side1-layout2-slot377,2,Orange,goal,Nexto,1644,13.7,3,5,Rival,0,0,4,3,0,1,0,1,0,0,0,0
plus_239,890,side1-layout3-slot378,3,Orange,goal,Nexto,2284,19.033333333333335,3,8,Rival,2,0,9,6,1,0,1,0,0,0,0,0
plus_239,891,side1-layout4-slot379,4,Orange,goal,Nexto,2644,22.033333333333335,2,9,Rival,0,0,5,3,0,0,0,0,0,0,0,0
plus_239,892,side1-layout0-slot380,0,Orange,goal,Nexto,1360,11.333333333333334,2,6,Rival,0,0,5,3,0,0,0,0,0,0,0,0
plus_239,893,side1-layout1-slot381,1,Orange,goal,Nexto,1232,10.266666666666667,1,4,Rival,0,0,4,1,0,0,0,0,0,0,0,0
plus_239,894,side1-layout2-slot382,2,Orange,goal,Nexto,1644,13.7,3,5,Rival,0,0,4,3,0,1,0,1,0,0,0,0
plus_239,895,side1-layout3-slot383,3,Orange,goal,Nexto,2328,19.4,3,8,Rival,2,0,10,6,1,0,1,0,0,0,0,0
plus_239,896,side1-layout4-slot384,4,Orange,goal,Nexto,2644,22.033333333333335,2,9,Rival,0,0,5,3,0,0,0,0,0,0,0,0
plus_239,897,side1-layout0-slot385,0,Orange,goal,Nexto,1360,11.333333333333334,2,6,Rival,0,0,5,3,0,0,0,0,0,0,0,0
plus_239,898,side1-layout1-slot386,1,Orange,goal,Nexto,1232,10.266666666666667,1,4,Rival,0,0,4,1,0,0,0,0,0,0,0,0
plus_239,899,side1-layout2-slot387,2,Orange,goal,Nexto,1644,13.7,3,5,Rival,0,0,4,3,0,1,0,1,0,0,0,0
plus_239,900,side1-layout3-slot388,3,Orange,goal,Nexto,2284,19.033333333333335,3,8,Rival,2,0,9,6,1,0,1,0,0,0,0,0
plus_239,901,side1-layout4-slot389,4,Orange,goal,Nexto,2644,22.033333333333335,2,9,Rival,0,0,5,3,0,0,0,0,0,0,0,0
plus_239,902,side1-layout0-slot390,0,Orange,goal,Nexto,1360,11.333333333333334,2,6,Rival,0,0,5,3,0,0,0,0,0,0,0,0
plus_239,903,side1-layout1-slot391,1,Orange,goal,Nexto,1232,10.266666666666667,1,4,Rival,0,0,4,1,0,0,0,0,0,0,0,0
plus_239,904,side1-layout2-slot392,2,Orange,goal,Nexto,1644,13.7,3,5,Rival,0,0,4,3,0,1,0,1,0,0,0,0
plus_239,905,side1-layout3-slot393,3,Orange,goal,Nexto,2328,19.4,3,8,Rival,2,0,10,6,1,0,1,0,0,0,0,0
plus_239,906,side1-layout4-slot394,4,Orange,goal,Nexto,2644,22.033333333333335,2,9,Rival,0,0,5,3,0,0,0,0,0,0,0,0
plus_239,907,side1-layout0-slot395,0,Orange,goal,Nexto,1360,11.333333333333334,2,6,Rival,0,0,5,3,0,0,0,0,0,0,0,0
plus_239,908,side1-layout1-slot396,1,Orange,goal,Nexto,1232,10.266666666666667,1,4,Rival,0,0,4,1,0,0,0,0,0,0,0,0
plus_239,909,side1-layout2-slot397,2,Orange,goal,Nexto,1644,13.7,3,5,Rival,0,0,4,3,0,1,0,1,0,0,0,0
plus_239,910,side1-layout3-slot398,3,Orange,goal,Nexto,2328,19.4,3,8,Rival,2,0,10,6,1,0,1,0,0,0,0,0
plus_239,911,side1-layout4-slot399,4,Orange,goal,Nexto,2644,22.033333333333335,2,9,Rival,0,0,5,3,0,0,0,0,0,0,0,0
plus_239,912,side1-layout0-slot400,0,Orange,goal,Nexto,1360,11.333333333333334,2,6,Rival,0,0,5,3,0,0,0,0,0,0,0,0
plus_239,913,side1-layout1-slot401,1,Orange,goal,Nexto,1232,10.266666666666667,1,4,Rival,0,0,4,1,0,0,0,0,0,0,0,0
plus_239,914,side1-layout2-slot402,2,Orange,goal,Nexto,1644,13.7,3,5,Rival,0,0,4,3,0,1,0,1,0,0,0,0
plus_239,915,side1-layout3-slot403,3,Orange,goal,Nexto,2328,19.4,3,8,Rival,2,0,10,6,1,0,1,0,0,0,0,0
plus_239,916,side1-layout4-slot404,4,Orange,goal,Nexto,2644,22.033333333333335,2,9,Rival,0,0,5,3,0,0,0,0,0,0,0,0
plus_239,917,side1-layout0-slot405,0,Orange,goal,Nexto,1360,11.333333333333334,2,6,Rival,0,0,5,3,0,0,0,0,0,0,0,0
plus_239,918,side1-layout1-slot406,1,Orange,goal,Nexto,1232,10.266666666666667,1,4,Rival,0,0,4,1,0,0,0,0,0,0,0,0
plus_239,919,side1-layout2-slot407,2,Orange,goal,Nexto,1644,13.7,3,5,Rival,0,0,4,3,0,1,0,1,0,0,0,0
plus_239,920,side1-layout3-slot408,3,Orange,goal,Nexto,2284,19.033333333333335,3,8,Rival,2,0,9,6,1,0,1,0,0,0,0,0
plus_239,921,side1-layout4-slot409,4,Orange,goal,Nexto,2644,22.033333333333335,2,9,Rival,0,0,5,3,0,0,0,0,0,0,0,0
plus_239,922,side1-layout0-slot410,0,Orange,goal,Nexto,1360,11.333333333333334,2,6,Rival,0,0,5,3,0,0,0,0,0,0,0,0
plus_239,923,side1-layout1-slot411,1,Orange,goal,Nexto,1232,10.266666666666667,1,4,Rival,0,0,4,1,0,0,0,0,0,0,0,0
plus_239,924,side1-layout2-slot412,2,Orange,goal,Nexto,1644,13.7,3,5,Rival,0,0,4,3,0,1,0,1,0,0,0,0
plus_239,925,side1-layout3-slot413,3,Orange,goal,Nexto,2328,19.4,3,8,Rival,2,0,10,6,1,0,1,0,0,0,0,0
plus_239,926,side1-layout4-slot414,4,Orange,goal,Nexto,2644,22.033333333333335,2,9,Rival,0,0,5,3,0,0,0,0,0,0,0,0
plus_239,927,side1-layout0-slot415,0,Orange,goal,Nexto,1360,11.333333333333334,2,6,Rival,0,0,5,3,0,0,0,0,0,0,0,0
plus_239,928,side1-layout1-slot416,1,Orange,goal,Nexto,1232,10.266666666666667,1,4,Rival,0,0,4,1,0,0,0,0,0,0,0,0
plus_239,929,side1-layout2-slot417,2,Orange,goal,Nexto,1644,13.7,3,5,Rival,0,0,4,3,0,1,0,1,0,0,0,0
plus_239,930,side1-layout3-slot418,3,Orange,goal,Nexto,2284,19.033333333333335,3,8,Rival,2,0,9,6,1,0,1,0,0,0,0,0
plus_239,931,side1-layout4-slot419,4,Orange,goal,Nexto,2644,22.033333333333335,2,9,Rival,0,0,5,3,0,0,0,0,0,0,0,0
plus_239,932,side1-layout0-slot420,0,Orange,goal,Nexto,1360,11.333333333333334,2,6,Rival,0,0,5,3,0,0,0,0,0,0,0,0
plus_239,933,side1-layout1-slot421,1,Orange,goal,Nexto,1232,10.266666666666667,1,4,Rival,0,0,4,1,0,0,0,0,0,0,0,0
plus_239,934,side1-layout2-slot422,2,Orange,goal,Nexto,1644,13.7,3,5,Rival,0,0,4,3,0,1,0,1,0,0,0,0
plus_239,935,side1-layout3-slot423,3,Orange,goal,Nexto,2284,19.033333333333335,3,8,Rival,2,0,9,6,1,0,1,0,0,0,0,0
plus_239,936,side1-layout4-slot424,4,Orange,goal,Nexto,2644,22.033333333333335,2,9,Rival,0,0,5,3,0,0,0,0,0,0,0,0
plus_239,937,side1-layout0-slot425,0,Orange,goal,Nexto,1360,11.333333333333334,2,6,Rival,0,0,5,3,0,0,0,0,0,0,0,0
plus_239,938,side1-layout1-slot426,1,Orange,goal,Nexto,1232,10.266666666666667,1,4,Rival,0,0,4,1,0,0,0,0,0,0,0,0
plus_239,939,side1-layout2-slot427,2,Orange,goal,Nexto,1644,13.7,3,5,Rival,0,0,4,3,0,1,0,1,0,0,0,0
plus_239,940,side1-layout3-slot428,3,Orange,goal,Nexto,2328,19.4,3,8,Rival,2,0,10,6,1,0,1,0,0,0,0,0
plus_239,941,side1-layout4-slot429,4,Orange,goal,Nexto,2644,22.033333333333335,2,9,Rival,0,0,5,3,0,0,0,0,0,0,0,0
plus_239,942,side1-layout0-slot430,0,Orange,goal,Nexto,1360,11.333333333333334,2,6,Rival,0,0,5,3,0,0,0,0,0,0,0,0
plus_239,943,side1-layout1-slot431,1,Orange,goal,Nexto,1232,10.266666666666667,1,4,Rival,0,0,4,1,0,0,0,0,0,0,0,0
plus_239,944,side1-layout2-slot432,2,Orange,goal,Nexto,1644,13.7,3,5,Rival,0,0,4,3,0,1,0,1,0,0,0,0
plus_239,945,side1-layout3-slot433,3,Orange,goal,Nexto,2284,19.033333333333335,3,8,Rival,2,0,9,6,1,0,1,0,0,0,0,0
plus_239,946,side1-layout4-slot434,4,Orange,goal,Nexto,2644,22.033333333333335,2,9,Rival,0,0,5,3,0,0,0,0,0,0,0,0
plus_239,947,side1-layout0-slot435,0,Orange,goal,Nexto,1360,11.333333333333334,2,6,Rival,0,0,5,3,0,0,0,0,0,0,0,0
plus_239,948,side1-layout1-slot436,1,Orange,goal,Nexto,1232,10.266666666666667,1,4,Rival,0,0,4,1,0,0,0,0,0,0,0,0
plus_239,949,side1-layout2-slot437,2,Orange,goal,Nexto,1644,13.7,3,5,Rival,0,0,4,3,0,1,0,1,0,0,0,0
plus_239,950,side1-layout3-slot438,3,Orange,goal,Nexto,2328,19.4,3,8,Rival,2,0,10,6,1,0,1,0,0,0,0,0
plus_239,951,side1-layout4-slot439,4,Orange,goal,Nexto,2644,22.033333333333335,2,9,Rival,0,0,5,3,0,0,0,0,0,0,0,0
plus_239,952,side1-layout0-slot440,0,Orange,goal,Nexto,1360,11.333333333333334,2,6,Rival,0,0,5,3,0,0,0,0,0,0,0,0
plus_239,953,side1-layout1-slot441,1,Orange,goal,Nexto,1232,10.266666666666667,1,4,Rival,0,0,4,1,0,0,0,0,0,0,0,0
plus_239,954,side1-layout2-slot442,2,Orange,goal,Nexto,1644,13.7,3,5,Rival,0,0,4,3,0,1,0,1,0,0,0,0
plus_239,955,side1-layout3-slot443,3,Orange,goal,Nexto,2328,19.4,3,8,Rival,2,0,10,6,1,0,1,0,0,0,0,0
plus_239,956,side1-layout4-slot444,4,Orange,goal,Nexto,2644,22.033333333333335,2,9,Rival,0,0,5,3,0,0,0,0,0,0,0,0
plus_239,957,side1-layout0-slot445,0,Orange,goal,Nexto,1360,11.333333333333334,2,6,Rival,0,0,5,3,0,0,0,0,0,0,0,0
plus_239,958,side1-layout1-slot446,1,Orange,goal,Nexto,1232,10.266666666666667,1,4,Rival,0,0,4,1,0,0,0,0,0,0,0,0
plus_239,959,side1-layout2-slot447,2,Orange,goal,Nexto,1644,13.7,3,5,Rival,0,0,4,3,0,1,0,1,0,0,0,0
plus_239,960,side1-layout3-slot448,3,Orange,goal,Nexto,2328,19.4,3,8,Rival,2,0,10,6,1,0,1,0,0,0,0,0
plus_239,961,side1-layout4-slot449,4,Orange,goal,Nexto,2644,22.033333333333335,2,9,Rival,0,0,5,3,0,0,0,0,0,0,0,0
plus_239,962,side1-layout0-slot450,0,Orange,goal,Nexto,1360,11.333333333333334,2,6,Rival,0,0,5,3,0,0,0,0,0,0,0,0
plus_239,963,side1-layout1-slot451,1,Orange,goal,Nexto,1232,10.266666666666667,1,4,Rival,0,0,4,1,0,0,0,0,0,0,0,0
plus_239,964,side1-layout2-slot452,2,Orange,goal,Nexto,1644,13.7,3,5,Rival,0,0,4,3,0,1,0,1,0,0,0,0
plus_239,965,side1-layout3-slot453,3,Orange,goal,Nexto,2328,19.4,3,8,Rival,2,0,10,6,1,0,1,0,0,0,0,0
plus_239,966,side1-layout4-slot454,4,Orange,goal,Nexto,2644,22.033333333333335,2,9,Rival,0,0,5,3,0,0,0,0,0,0,0,0
plus_239,967,side1-layout0-slot455,0,Orange,goal,Nexto,1360,11.333333333333334,2,6,Rival,0,0,5,3,0,0,0,0,0,0,0,0
plus_239,968,side1-layout1-slot456,1,Orange,goal,Nexto,1232,10.266666666666667,1,4,Rival,0,0,4,1,0,0,0,0,0,0,0,0
plus_239,969,side1-layout2-slot457,2,Orange,goal,Nexto,1644,13.7,3,5,Rival,0,0,4,3,0,1,0,1,0,0,0,0
plus_239,970,side1-layout3-slot458,3,Orange,goal,Nexto,2328,19.4,3,8,Rival,2,0,10,6,1,0,1,0,0,0,0,0
plus_239,971,side1-layout4-slot459,4,Orange,goal,Nexto,2644,22.033333333333335,2,9,Rival,0,0,5,3,0,0,0,0,0,0,0,0
plus_239,972,side1-layout0-slot460,0,Orange,goal,Nexto,1360,11.333333333333334,2,6,Rival,0,0,5,3,0,0,0,0,0,0,0,0
plus_239,973,side1-layout1-slot461,1,Orange,goal,Nexto,1232,10.266666666666667,1,4,Rival,0,0,4,1,0,0,0,0,0,0,0,0
plus_239,974,side1-layout2-slot462,2,Orange,goal,Nexto,1644,13.7,3,5,Rival,0,0,4,3,0,1,0,1,0,0,0,0
plus_239,975,side1-layout3-slot463,3,Orange,goal,Nexto,2328,19.4,3,8,Rival,2,0,10,6,1,0,1,0,0,0,0,0
plus_239,976,side1-layout4-slot464,4,Orange,goal,Nexto,2644,22.033333333333335,2,9,Rival,0,0,5,3,0,0,0,0,0,0,0,0
plus_239,977,side1-layout0-slot465,0,Orange,goal,Nexto,1360,11.333333333333334,2,6,Rival,0,0,5,3,0,0,0,0,0,0,0,0
plus_239,978,side1-layout1-slot466,1,Orange,goal,Nexto,1232,10.266666666666667,1,4,Rival,0,0,4,1,0,0,0,0,0,0,0,0
plus_239,979,side1-layout2-slot467,2,Orange,goal,Nexto,1644,13.7,3,5,Rival,0,0,4,3,0,1,0,1,0,0,0,0
plus_239,980,side1-layout3-slot468,3,Orange,goal,Nexto,2284,19.033333333333335,3,8,Rival,2,0,9,6,1,0,1,0,0,0,0,0
plus_239,981,side1-layout4-slot469,4,Orange,goal,Nexto,2644,22.033333333333335,2,9,Rival,0,0,5,3,0,0,0,0,0,0,0,0
plus_239,982,side1-layout0-slot470,0,Orange,goal,Nexto,1360,11.333333333333334,2,6,Rival,0,0,5,3,0,0,0,0,0,0,0,0
plus_239,983,side1-layout1-slot471,1,Orange,goal,Nexto,1232,10.266666666666667,1,4,Rival,0,0,4,1,0,0,0,0,0,0,0,0
plus_239,984,side1-layout2-slot472,2,Orange,goal,Nexto,1644,13.7,3,5,Rival,0,0,4,3,0,1,0,1,0,0,0,0
plus_239,985,side1-layout3-slot473,3,Orange,goal,Nexto,2328,19.4,3,8,Rival,2,0,10,6,1,0,1,0,0,0,0,0
plus_239,986,side1-layout4-slot474,4,Orange,goal,Nexto,2644,22.033333333333335,2,9,Rival,0,0,5,3,0,0,0,0,0,0,0,0
plus_239,987,side1-layout0-slot475,0,Orange,goal,Nexto,1360,11.333333333333334,2,6,Rival,0,0,5,3,0,0,0,0,0,0,0,0
plus_239,988,side1-layout1-slot476,1,Orange,goal,Nexto,1232,10.266666666666667,1,4,Rival,0,0,4,1,0,0,0,0,0,0,0,0
plus_239,989,side1-layout2-slot477,2,Orange,goal,Nexto,1644,13.7,3,5,Rival,0,0,4,3,0,1,0,1,0,0,0,0
plus_239,990,side1-layout3-slot478,3,Orange,goal,Nexto,2284,19.033333333333335,3,8,Rival,2,0,9,6,1,0,1,0,0,0,0,0
plus_239,991,side1-layout4-slot479,4,Orange,goal,Nexto,2644,22.033333333333335,2,9,Rival,0,0,5,3,0,0,0,0,0,0,0,0
plus_239,992,side1-layout0-slot480,0,Orange,goal,Nexto,1360,11.333333333333334,2,6,Rival,0,0,5,3,0,0,0,0,0,0,0,0
plus_239,993,side1-layout1-slot481,1,Orange,goal,Nexto,1232,10.266666666666667,1,4,Rival,0,0,4,1,0,0,0,0,0,0,0,0
plus_239,994,side1-layout2-slot482,2,Orange,goal,Nexto,1644,13.7,3,5,Rival,0,0,4,3,0,1,0,1,0,0,0,0
plus_239,995,side1-layout3-slot483,3,Orange,goal,Nexto,2284,19.033333333333335,3,8,Rival,2,0,9,6,1,0,1,0,0,0,0,0
plus_239,996,side1-layout4-slot484,4,Orange,goal,Nexto,2644,22.033333333333335,2,9,Rival,0,0,5,3,0,0,0,0,0,0,0,0
plus_239,997,side1-layout0-slot485,0,Orange,goal,Nexto,1360,11.333333333333334,2,6,Rival,0,0,5,3,0,0,0,0,0,0,0,0
plus_239,998,side1-layout1-slot486,1,Orange,goal,Nexto,1232,10.266666666666667,1,4,Rival,0,0,4,1,0,0,0,0,0,0,0,0
plus_239,999,side1-layout2-slot487,2,Orange,goal,Nexto,1644,13.7,3,5,Rival,0,0,4,3,0,1,0,1,0,0,0,0
plus_239,1000,side1-layout3-slot488,3,Orange,goal,Nexto,2328,19.4,3,8,Rival,2,0,10,6,1,0,1,0,0,0,0,0
plus_239,1001,side1-layout4-slot489,4,Orange,goal,Nexto,2644,22.033333333333335,2,9,Rival,0,0,5,3,0,0,0,0,0,0,0,0
plus_239,1002,side1-layout0-slot490,0,Orange,goal,Nexto,1360,11.333333333333334,2,6,Rival,0,0,5,3,0,0,0,0,0,0,0,0
plus_239,1003,side1-layout1-slot491,1,Orange,goal,Nexto,1232,10.266666666666667,1,4,Rival,0,0,4,1,0,0,0,0,0,0,0,0
plus_239,1004,side1-layout2-slot492,2,Orange,goal,Nexto,1644,13.7,3,5,Rival,0,0,4,3,0,1,0,1,0,0,0,0
plus_239,1005,side1-layout3-slot493,3,Orange,goal,Nexto,2328,19.4,3,8,Rival,2,0,10,6,1,0,1,0,0,0,0,0
plus_239,1006,side1-layout4-slot494,4,Orange,goal,Nexto,2644,22.033333333333335,2,9,Rival,0,0,5,3,0,0,0,0,0,0,0,0
plus_239,1007,side1-layout0-slot495,0,Orange,goal,Nexto,1360,11.333333333333334,2,6,Rival,0,0,5,3,0,0,0,0,0,0,0,0
plus_239,1008,side1-layout1-slot496,1,Orange,goal,Nexto,1232,10.266666666666667,1,4,Rival,0,0,4,1,0,0,0,0,0,0,0,0
plus_239,1009,side1-layout2-slot497,2,Orange,goal,Nexto,1644,13.7,3,5,Rival,0,0,4,3,0,1,0,1,0,0,0,0
plus_239,1010,side1-layout3-slot498,3,Orange,goal,Nexto,2284,19.033333333333335,3,8,Rival,2,0,9,6,1,0,1,0,0,0,0,0
plus_239,1011,side1-layout4-slot499,4,Orange,goal,Nexto,2644,22.033333333333335,2,9,Rival,0,0,5,3,0,0,0,0,0,0,0,0
plus_239,1012,side1-layout0-slot500,0,Orange,goal,Nexto,1360,11.333333333333334,2,6,Rival,0,0,5,3,0,0,0,0,0,0,0,0
plus_239,1013,side1-layout1-slot501,1,Orange,goal,Nexto,1232,10.266666666666667,1,4,Rival,0,0,4,1,0,0,0,0,0,0,0,0
plus_239,1014,side1-layout2-slot502,2,Orange,goal,Nexto,1644,13.7,3,5,Rival,0,0,4,3,0,1,0,1,0,0,0,0
plus_239,1015,side1-layout3-slot503,3,Orange,goal,Nexto,2284,19.033333333333335,3,8,Rival,2,0,9,6,1,0,1,0,0,0,0,0
plus_239,1016,side1-layout4-slot504,4,Orange,goal,Nexto,2644,22.033333333333335,2,9,Rival,0,0,5,3,0,0,0,0,0,0,0,0
plus_239,1017,side1-layout0-slot505,0,Orange,goal,Nexto,1360,11.333333333333334,2,6,Rival,0,0,5,3,0,0,0,0,0,0,0,0
plus_239,1018,side1-layout1-slot506,1,Orange,goal,Nexto,1232,10.266666666666667,1,4,Rival,0,0,4,1,0,0,0,0,0,0,0,0
plus_239,1019,side1-layout2-slot507,2,Orange,goal,Nexto,1644,13.7,3,5,Rival,0,0,4,3,0,1,0,1,0,0,0,0
plus_239,1020,side1-layout3-slot508,3,Orange,goal,Nexto,2284,19.033333333333335,3,8,Rival,2,0,9,6,1,0,1,0,0,0,0,0
plus_239,1021,side1-layout4-slot509,4,Orange,goal,Nexto,2644,22.033333333333335,2,9,Rival,0,0,5,3,0,0,0,0,0,0,0,0
plus_239,1022,side1-layout0-slot510,0,Orange,goal,Nexto,1360,11.333333333333334,2,6,Rival,0,0,5,3,0,0,0,0,0,0,0,0
plus_239,1023,side1-layout1-slot511,1,Orange,goal,Nexto,1232,10.266666666666667,1,4,Rival,0,0,4,1,0,0,0,0,0,0,0,0
