base_state_id,source_distribution,original_rival_blue,original_rival_orange,mirror_rival_blue,mirror_rival_orange,rival_wins,nexto_wins,draws,complete_four_way_decision
0,rival_stochastic_self_play,Nexto,Rival,Nexto,Rival,2,2,0,1
1,rival_stochastic_self_play,Nexto,Rival,Rival,Draw,2,1,1,0
2,rival_stochastic_self_play,Nexto,Rival,Rival,Nexto,2,2,0,1
3,rival_stochastic_self_play,Nexto,Rival,Rival,Rival,3,1,0,1
4,rival_stochastic_self_play,Nexto,Nexto,Rival,Rival,2,2,0,1
5,rival_stochastic_self_play,Rival,Rival,Nexto,Rival,3,1,0,1
6,rival_stochastic_self_play,Nexto,Nexto,Rival,Nexto,1,3,0,1
7,rival_stochastic_self_play,Nexto,Rival,Nexto,Rival,2,2,0,1
8,rival_stochastic_self_play,Nexto,Nexto,Nexto,Rival,1,3,0,1
9,rival_stochastic_self_play,Nexto,Rival,Draw,Nexto,1,2,1,0
10,rival_stochastic_self_play,Nexto,Nexto,Nexto,Nexto,0,4,0,1
11,rival_stochastic_self_play,Rival,Rival,Nexto,Rival,3,1,0,1
12,rival_stochastic_self_play,Rival,Nexto,Nexto,Nexto,1,3,0,1
13,rival_stochastic_self_play,Rival,Nexto,Nexto,Rival,2,2,0,1
14,rival_stochastic_self_play,Nexto,Nexto,Nexto,Draw,0,3,1,0
15,rival_stochastic_self_play,Nexto,Nexto,Nexto,Nexto,0,4,0,1
16,rival_stochastic_self_play,Nexto,Rival,Rival,Nexto,2,2,0,1
17,rival_stochastic_self_play,Nexto,Nexto,Nexto,Nexto,0,4,0,1
18,rival_stochastic_self_play,Rival,Nexto,Draw,Rival,2,1,1,0
19,rival_stochastic_self_play,Nexto,Nexto,Nexto,Rival,1,3,0,1
20,rival_stochastic_self_play,Nexto,Rival,Nexto,Nexto,1,3,0,1
21,rival_stochastic_self_play,Rival,Nexto,Nexto,Nexto,1,3,0,1
22,rival_stochastic_self_play,Rival,Nexto,Nexto,Rival,2,2,0,1
23,rival_stochastic_self_play,Nexto,Rival,Rival,Rival,3,1,0,1
24,rival_stochastic_self_play,Rival,Rival,Rival,Rival,4,0,0,1
25,rival_stochastic_self_play,Nexto,Rival,Rival,Nexto,2,2,0,1
26,rival_stochastic_self_play,Rival,Rival,Rival,Rival,4,0,0,1
27,rival_stochastic_self_play,Nexto,Rival,Nexto,Rival,2,2,0,1
28,rival_stochastic_self_play,Rival,Rival,Rival,Nexto,3,1,0,1
29,rival_stochastic_self_play,Rival,Rival,Nexto,Nexto,2,2,0,1
30,rival_stochastic_self_play,Rival,Rival,Rival,Nexto,3,1,0,1
31,rival_stochastic_self_play,Nexto,Nexto,Nexto,Rival,1,3,0,1
32,rival_stochastic_self_play,Rival,Rival,Draw,Rival,3,0,1,0
33,rival_stochastic_self_play,Rival,Nexto,Nexto,Nexto,1,3,0,1
34,rival_stochastic_self_play,Nexto,Rival,Nexto,Nexto,1,3,0,1
35,rival_stochastic_self_play,Rival,Nexto,Nexto,Rival,2,2,0,1
36,rival_stochastic_self_play,Nexto,Nexto,Nexto,Nexto,0,4,0,1
37,rival_stochastic_self_play,Rival,Nexto,Nexto,Rival,2,2,0,1
38,rival_stochastic_self_play,Rival,Nexto,Nexto,Rival,2,2,0,1
39,rival_stochastic_self_play,Nexto,Rival,Rival,Nexto,2,2,0,1
40,rival_stochastic_self_play,Rival,Nexto,Nexto,Rival,2,2,0,1
41,rival_stochastic_self_play,Nexto,Rival,Nexto,Nexto,1,3,0,1
42,rival_stochastic_self_play,Rival,Rival,Rival,Draw,3,0,1,0
43,rival_stochastic_self_play,Nexto,Rival,Nexto,Nexto,1,3,0,1
44,rival_stochastic_self_play,Nexto,Rival,Draw,Rival,2,1,1,0
45,rival_stochastic_self_play,Nexto,Rival,Nexto,Rival,2,2,0,1
46,rival_stochastic_self_play,Nexto,Rival,Nexto,Nexto,1,3,0,1
47,rival_stochastic_self_play,Rival,Rival,Rival,Draw,3,0,1,0
48,rival_stochastic_self_play,Rival,Nexto,Nexto,Rival,2,2,0,1
49,rival_stochastic_self_play,Nexto,Nexto,Nexto,Rival,1,3,0,1
50,rival_stochastic_self_play,Nexto,Rival,Draw,Nexto,1,2,1,0
51,rival_stochastic_self_play,Rival,Nexto,Nexto,Rival,2,2,0,1
52,rival_stochastic_self_play,Rival,Rival,Nexto,Rival,3,1,0,1
53,rival_stochastic_self_play,Nexto,Nexto,Nexto,Rival,1,3,0,1
54,rival_stochastic_self_play,Nexto,Nexto,Nexto,Nexto,0,4,0,1
55,rival_stochastic_self_play,Rival,Rival,Nexto,Rival,3,1,0,1
56,rival_stochastic_self_play,Nexto,Rival,Nexto,Nexto,1,3,0,1
57,rival_stochastic_self_play,Rival,Rival,Nexto,Nexto,2,2,0,1
58,rival_stochastic_self_play,Rival,Rival,Nexto,Rival,3,1,0,1
59,rival_stochastic_self_play,Nexto,Nexto,Nexto,Rival,1,3,0,1
60,rival_stochastic_self_play,Nexto,Nexto,Nexto,Rival,1,3,0,1
61,rival_stochastic_self_play,Nexto,Rival,Rival,Rival,3,1,0,1
62,rival_stochastic_self_play,Nexto,Nexto,Nexto,Nexto,0,4,0,1
63,rival_stochastic_self_play,Nexto,Rival,Rival,Nexto,2,2,0,1
64,rival_stochastic_self_play,Rival,Rival,Rival,Rival,4,0,0,1
65,rival_stochastic_self_play,Rival,Nexto,Rival,Rival,3,1,0,1
66,rival_stochastic_self_play,Rival,Rival,Rival,Rival,4,0,0,1
67,rival_stochastic_self_play,Nexto,Rival,Rival,Rival,3,1,0,1
68,rival_stochastic_self_play,Rival,Nexto,Nexto,Rival,2,2,0,1
69,rival_stochastic_self_play,Nexto,Rival,Rival,Rival,3,1,0,1
70,rival_stochastic_self_play,Nexto,Rival,Nexto,Rival,2,2,0,1
71,rival_stochastic_self_play,Nexto,Rival,Rival,Nexto,2,2,0,1
72,rival_stochastic_self_play,Nexto,Nexto,Nexto,Rival,1,3,0,1
73,rival_stochastic_self_play,Rival,Nexto,Nexto,Nexto,1,3,0,1
74,rival_stochastic_self_play,Rival,Nexto,Nexto,Rival,2,2,0,1
75,rival_stochastic_self_play,Nexto,Rival,Nexto,Nexto,1,3,0,1
76,rival_stochastic_self_play,Rival,Rival,Rival,Nexto,3,1,0,1
77,rival_stochastic_self_play,Nexto,Nexto,Rival,Nexto,1,3,0,1
78,rival_stochastic_self_play,Nexto,Nexto,Nexto,Rival,1,3,0,1
79,rival_stochastic_self_play,Rival,Nexto,Rival,Rival,3,1,0,1
80,rival_stochastic_self_play,Nexto,Rival,Rival,Nexto,2,2,0,1
81,rival_stochastic_self_play,Rival,Nexto,Rival,Rival,3,1,0,1
82,rival_stochastic_self_play,Nexto,Rival,Nexto,Draw,1,2,1,0
83,rival_stochastic_self_play,Rival,Nexto,Rival,Rival,3,1,0,1
84,rival_stochastic_self_play,Nexto,Rival,Nexto,Nexto,1,3,0,1
85,rival_stochastic_self_play,Rival,Rival,Rival,Rival,4,0,0,1
86,rival_stochastic_self_play,Nexto,Rival,Nexto,Rival,2,2,0,1
87,rival_stochastic_self_play,Nexto,Rival,Nexto,Nexto,1,3,0,1
88,rival_stochastic_self_play,Nexto,Rival,Nexto,Nexto,1,3,0,1
89,rival_stochastic_self_play,Rival,Nexto,Nexto,Nexto,1,3,0,1
90,rival_stochastic_self_play,Rival,Nexto,Nexto,Rival,2,2,0,1
91,rival_stochastic_self_play,Rival,Rival,Rival,Rival,4,0,0,1
92,rival_stochastic_self_play,Nexto,Rival,Nexto,Rival,2,2,0,1
93,rival_stochastic_self_play,Nexto,Rival,Nexto,Nexto,1,3,0,1
94,rival_stochastic_self_play,Rival,Rival,Nexto,Nexto,2,2,0,1
95,rival_stochastic_self_play,Rival,Nexto,Nexto,Nexto,1,3,0,1
96,rival_stochastic_self_play,Rival,Rival,Nexto,Rival,3,1,0,1
97,rival_stochastic_self_play,Rival,Rival,Rival,Rival,4,0,0,1
98,rival_stochastic_self_play,Rival,Rival,Rival,Rival,4,0,0,1
99,rival_stochastic_self_play,Nexto,Nexto,Rival,Rival,2,2,0,1
100,rival_stochastic_self_play,Rival,Nexto,Rival,Rival,3,1,0,1
101,rival_stochastic_self_play,Rival,Nexto,Nexto,Rival,2,2,0,1
102,rival_stochastic_self_play,Nexto,Rival,Nexto,Rival,2,2,0,1
103,rival_stochastic_self_play,Nexto,Nexto,Nexto,Rival,1,3,0,1
104,rival_stochastic_self_play,Rival,Rival,Rival,Rival,4,0,0,1
105,rival_stochastic_self_play,Nexto,Rival,Rival,Nexto,2,2,0,1
106,rival_stochastic_self_play,Nexto,Rival,Rival,Draw,2,1,1,0
107,rival_stochastic_self_play,Nexto,Nexto,Nexto,Rival,1,3,0,1
108,rival_stochastic_self_play,Nexto,Rival,Nexto,Rival,2,2,0,1
109,rival_stochastic_self_play,Nexto,Nexto,Nexto,Nexto,0,4,0,1
110,rival_stochastic_self_play,Nexto,Rival,Rival,Nexto,2,2,0,1
111,rival_stochastic_self_play,Nexto,Nexto,Rival,Nexto,1,3,0,1
112,rival_stochastic_self_play,Nexto,Nexto,Nexto,Rival,1,3,0,1
113,rival_stochastic_self_play,Rival,Rival,Rival,Rival,4,0,0,1
114,rival_stochastic_self_play,Rival,Rival,Nexto,Rival,3,1,0,1
115,rival_stochastic_self_play,Nexto,Rival,Rival,Rival,3,1,0,1
116,rival_stochastic_self_play,Nexto,Nexto,Nexto,Rival,1,3,0,1
117,rival_stochastic_self_play,Rival,Nexto,Nexto,Rival,2,2,0,1
118,rival_stochastic_self_play,Rival,Nexto,Nexto,Rival,2,2,0,1
119,rival_stochastic_self_play,Rival,Nexto,Nexto,Rival,2,2,0,1
120,rival_stochastic_self_play,Nexto,Rival,Rival,Nexto,2,2,0,1
121,rival_stochastic_self_play,Nexto,Rival,Rival,Nexto,2,2,0,1
122,rival_stochastic_self_play,Nexto,Rival,Nexto,Rival,2,2,0,1
123,rival_stochastic_self_play,Nexto,Rival,Rival,Nexto,2,2,0,1
124,rival_stochastic_self_play,Nexto,Rival,Rival,Nexto,2,2,0,1
125,rival_stochastic_self_play,Rival,Rival,Draw,Rival,3,0,1,0
126,rival_stochastic_self_play,Nexto,Rival,Rival,Rival,3,1,0,1
127,rival_stochastic_self_play,Rival,Nexto,Nexto,Rival,2,2,0,1
128,rival_stochastic_self_play,Rival,Nexto,Nexto,Rival,2,2,0,1
129,rival_stochastic_self_play,Nexto,Rival,Rival,Nexto,2,2,0,1
130,rival_stochastic_self_play,Nexto,Nexto,Rival,Nexto,1,3,0,1
131,rival_stochastic_self_play,Nexto,Rival,Nexto,Nexto,1,3,0,1
132,rival_stochastic_self_play,Nexto,Rival,Rival,Nexto,2,2,0,1
133,rival_stochastic_self_play,Rival,Rival,Rival,Draw,3,0,1,0
134,rival_stochastic_self_play,Nexto,Rival,Nexto,Nexto,1,3,0,1
135,rival_stochastic_self_play,Nexto,Rival,Rival,Nexto,2,2,0,1
136,rival_stochastic_self_play,Nexto,Rival,Rival,Nexto,2,2,0,1
137,rival_stochastic_self_play,Nexto,Rival,Rival,Rival,3,1,0,1
138,rival_stochastic_self_play,Nexto,Rival,Nexto,Nexto,1,3,0,1
139,rival_stochastic_self_play,Rival,Rival,Rival,Nexto,3,1,0,1
140,rival_stochastic_self_play,Nexto,Rival,Rival,Nexto,2,2,0,1
141,rival_stochastic_self_play,Rival,Nexto,Nexto,Rival,2,2,0,1
142,rival_stochastic_self_play,Nexto,Nexto,Nexto,Rival,1,3,0,1
143,rival_stochastic_self_play,Rival,Rival,Draw,Rival,3,0,1,0
144,rival_stochastic_self_play,Rival,Nexto,Nexto,Rival,2,2,0,1
145,rival_stochastic_self_play,Nexto,Rival,Rival,Nexto,2,2,0,1
146,rival_stochastic_self_play,Rival,Nexto,Nexto,Rival,2,2,0,1
147,rival_stochastic_self_play,Nexto,Nexto,Nexto,Rival,1,3,0,1
148,rival_stochastic_self_play,Nexto,Rival,Rival,Nexto,2,2,0,1
149,rival_stochastic_self_play,Nexto,Rival,Rival,Nexto,2,2,0,1
150,rival_stochastic_self_play,Nexto,Nexto,Nexto,Rival,1,3,0,1
151,rival_stochastic_self_play,Nexto,Nexto,Nexto,Nexto,0,4,0,1
152,rival_stochastic_self_play,Nexto,Rival,Rival,Rival,3,1,0,1
153,rival_stochastic_self_play,Rival,Rival,Nexto,Rival,3,1,0,1
154,rival_stochastic_self_play,Nexto,Nexto,Nexto,Nexto,0,4,0,1
155,rival_stochastic_self_play,Nexto,Nexto,Nexto,Rival,1,3,0,1
156,rival_stochastic_self_play,Nexto,Rival,Rival,Nexto,2,2,0,1
157,rival_stochastic_self_play,Nexto,Nexto,Nexto,Draw,0,3,1,0
158,rival_stochastic_self_play,Nexto,Rival,Rival,Nexto,2,2,0,1
159,rival_stochastic_self_play,Draw,Rival,Rival,Rival,3,0,1,0
160,rival_stochastic_self_play,Nexto,Nexto,Nexto,Nexto,0,4,0,1
161,rival_stochastic_self_play,Nexto,Rival,Nexto,Nexto,1,3,0,1
162,rival_stochastic_self_play,Nexto,Rival,Draw,Nexto,1,2,1,0
163,rival_stochastic_self_play,Rival,Nexto,Nexto,Rival,2,2,0,1
164,rival_stochastic_self_play,Rival,Rival,Nexto,Rival,3,1,0,1
165,rival_stochastic_self_play,Rival,Nexto,Rival,Nexto,2,2,0,1
166,rival_stochastic_self_play,Nexto,Rival,Rival,Nexto,2,2,0,1
167,rival_stochastic_self_play,Rival,Rival,Nexto,Rival,3,1,0,1
168,rival_stochastic_self_play,Rival,Rival,Nexto,Rival,3,1,0,1
169,rival_stochastic_self_play,Rival,Nexto,Rival,Nexto,2,2,0,1
170,rival_stochastic_self_play,Nexto,Nexto,Nexto,Rival,1,3,0,1
171,rival_stochastic_self_play,Rival,Nexto,Nexto,Rival,2,2,0,1
172,rival_stochastic_self_play,Draw,Rival,Nexto,Rival,2,1,1,0
173,rival_stochastic_self_play,Rival,Rival,Rival,Rival,4,0,0,1
174,rival_stochastic_self_play,Nexto,Rival,Rival,Rival,3,1,0,1
175,rival_stochastic_self_play,Rival,Rival,Nexto,Rival,3,1,0,1
176,rival_stochastic_self_play,Nexto,Nexto,Nexto,Rival,1,3,0,1
177,rival_stochastic_self_play,Nexto,Nexto,Nexto,Nexto,0,4,0,1
178,rival_stochastic_self_play,Rival,Nexto,Rival,Rival,3,1,0,1
179,rival_stochastic_self_play,Nexto,Nexto,Nexto,Rival,1,3,0,1
180,rival_stochastic_self_play,Nexto,Rival,Rival,Rival,3,1,0,1
181,rival_stochastic_self_play,Rival,Rival,Rival,Rival,4,0,0,1
182,rival_stochastic_self_play,Nexto,Rival,Nexto,Rival,2,2,0,1
183,rival_stochastic_self_play,Nexto,Rival,Rival,Nexto,2,2,0,1
184,rival_stochastic_self_play,Rival,Rival,Rival,Rival,4,0,0,1
185,rival_stochastic_self_play,Nexto,Rival,Rival,Nexto,2,2,0,1
186,rival_stochastic_self_play,Nexto,Rival,Rival,Nexto,2,2,0,1
187,rival_stochastic_self_play,Rival,Nexto,Nexto,Nexto,1,3,0,1
188,rival_stochastic_self_play,Nexto,Rival,Nexto,Rival,2,2,0,1
189,rival_stochastic_self_play,Rival,Rival,Rival,Nexto,3,1,0,1
190,rival_stochastic_self_play,Rival,Rival,Rival,Rival,4,0,0,1
191,rival_stochastic_self_play,Nexto,Rival,Rival,Nexto,2,2,0,1
192,rival_stochastic_self_play,Nexto,Rival,Rival,Nexto,2,2,0,1
193,rival_stochastic_self_play,Rival,Rival,Nexto,Rival,3,1,0,1
194,rival_stochastic_self_play,Nexto,Rival,Nexto,Rival,2,2,0,1
195,rival_stochastic_self_play,Rival,Nexto,Nexto,Rival,2,2,0,1
196,rival_stochastic_self_play,Nexto,Rival,Rival,Nexto,2,2,0,1
197,rival_stochastic_self_play,Nexto,Rival,Rival,Nexto,2,2,0,1
198,rival_stochastic_self_play,Nexto,Nexto,Nexto,Nexto,0,4,0,1
199,rival_stochastic_self_play,Nexto,Nexto,Nexto,Rival,1,3,0,1
200,rival_stochastic_self_play,Nexto,Nexto,Rival,Nexto,1,3,0,1
201,rival_stochastic_self_play,Nexto,Rival,Nexto,Rival,2,2,0,1
202,rival_stochastic_self_play,Nexto,Nexto,Nexto,Nexto,0,4,0,1
203,rival_stochastic_self_play,Rival,Rival,Rival,Rival,4,0,0,1
204,rival_stochastic_self_play,Rival,Nexto,Rival,Rival,3,1,0,1
205,rival_stochastic_self_play,Nexto,Rival,Rival,Nexto,2,2,0,1
206,rival_stochastic_self_play,Nexto,Rival,Nexto,Rival,2,2,0,1
207,rival_stochastic_self_play,Nexto,Nexto,Nexto,Rival,1,3,0,1
208,rival_stochastic_self_play,Nexto,Rival,Rival,Rival,3,1,0,1
209,rival_stochastic_self_play,Rival,Rival,Nexto,Draw,2,1,1,0
210,rival_stochastic_self_play,Nexto,Rival,Nexto,Rival,2,2,0,1
211,rival_stochastic_self_play,Nexto,Rival,Rival,Rival,3,1,0,1
212,rival_stochastic_self_play,Nexto,Rival,Rival,Rival,3,1,0,1
213,rival_stochastic_self_play,Rival,Nexto,Nexto,Rival,2,2,0,1
214,rival_stochastic_self_play,Nexto,Rival,Rival,Rival,3,1,0,1
215,rival_stochastic_self_play,Nexto,Rival,Rival,Rival,3,1,0,1
216,rival_stochastic_self_play,Draw,Rival,Nexto,Nexto,1,2,1,0
217,rival_stochastic_self_play,Draw,Rival,Rival,Draw,2,0,2,0
218,rival_stochastic_self_play,Nexto,Nexto,Nexto,Nexto,0,4,0,1
219,rival_stochastic_self_play,Rival,Rival,Nexto,Rival,3,1,0,1
220,rival_stochastic_self_play,Nexto,Nexto,Nexto,Nexto,0,4,0,1
221,rival_stochastic_self_play,Rival,Rival,Rival,Rival,4,0,0,1
222,rival_stochastic_self_play,Nexto,Rival,Nexto,Nexto,1,3,0,1
223,rival_stochastic_self_play,Nexto,Nexto,Nexto,Nexto,0,4,0,1
224,rival_stochastic_self_play,Nexto,Rival,Rival,Nexto,2,2,0,1
225,rival_stochastic_self_play,Nexto,Rival,Rival,Draw,2,1,1,0
226,rival_stochastic_self_play,Rival,Rival,Nexto,Rival,3,1,0,1
227,rival_stochastic_self_play,Nexto,Rival,Rival,Rival,3,1,0,1
228,rival_stochastic_self_play,Nexto,Rival,Rival,Nexto,2,2,0,1
229,rival_stochastic_self_play,Rival,Rival,Rival,Nexto,3,1,0,1
230,rival_stochastic_self_play,Nexto,Rival,Rival,Rival,3,1,0,1
231,rival_stochastic_self_play,Nexto,Rival,Nexto,Nexto,1,3,0,1
232,rival_stochastic_self_play,Nexto,Nexto,Nexto,Rival,1,3,0,1
233,rival_stochastic_self_play,Rival,Nexto,Nexto,Rival,2,2,0,1
234,rival_stochastic_self_play,Nexto,Rival,Rival,Rival,3,1,0,1
235,rival_stochastic_self_play,Nexto,Rival,Nexto,Nexto,1,3,0,1
236,rival_stochastic_self_play,Rival,Nexto,Rival,Rival,3,1,0,1
237,rival_stochastic_self_play,Nexto,Rival,Nexto,Nexto,1,3,0,1
238,rival_stochastic_self_play,Rival,Rival,Nexto,Rival,3,1,0,1
239,rival_stochastic_self_play,Nexto,Rival,Rival,Nexto,2,2,0,1
240,rival_stochastic_self_play,Rival,Nexto,Nexto,Rival,2,2,0,1
241,rival_stochastic_self_play,Rival,Nexto,Nexto,Rival,2,2,0,1
242,rival_stochastic_self_play,Rival,Rival,Rival,Rival,4,0,0,1
243,rival_stochastic_self_play,Rival,Rival,Nexto,Rival,3,1,0,1
244,rival_stochastic_self_play,Nexto,Rival,Nexto,Rival,2,2,0,1
245,rival_stochastic_self_play,Rival,Nexto,Nexto,Rival,2,2,0,1
246,rival_stochastic_self_play,Rival,Nexto,Nexto,Rival,2,2,0,1
247,rival_stochastic_self_play,Nexto,Rival,Rival,Nexto,2,2,0,1
248,rival_stochastic_self_play,Nexto,Rival,Nexto,Nexto,1,3,0,1
249,rival_stochastic_self_play,Nexto,Nexto,Nexto,Rival,1,3,0,1
250,rival_stochastic_self_play,Nexto,Nexto,Nexto,Rival,1,3,0,1
251,rival_stochastic_self_play,Nexto,Nexto,Rival,Nexto,1,3,0,1
252,rival_stochastic_self_play,Nexto,Rival,Nexto,Rival,2,2,0,1
253,rival_stochastic_self_play,Nexto,Nexto,Rival,Rival,2,2,0,1
254,rival_stochastic_self_play,Rival,Draw,Rival,Rival,3,0,1,0
255,rival_stochastic_self_play,Nexto,Rival,Nexto,Nexto,1,3,0,1
256,rival_stochastic_self_play,Nexto,Rival,Rival,Nexto,2,2,0,1
257,rival_stochastic_self_play,Nexto,Nexto,Draw,Rival,1,2,1,0
258,rival_stochastic_self_play,Nexto,Draw,Nexto,Rival,1,2,1,0
259,rival_stochastic_self_play,Rival,Nexto,Rival,Rival,3,1,0,1
260,rival_stochastic_self_play,Nexto,Rival,Nexto,Rival,2,2,0,1
261,rival_stochastic_self_play,Nexto,Rival,Nexto,Nexto,1,3,0,1
262,rival_stochastic_self_play,Rival,Nexto,Nexto,Rival,2,2,0,1
263,rival_stochastic_self_play,Rival,Rival,Nexto,Rival,3,1,0,1
264,rival_stochastic_self_play,Nexto,Rival,Rival,Nexto,2,2,0,1
265,rival_stochastic_self_play,Nexto,Rival,Nexto,Nexto,1,3,0,1
266,rival_stochastic_self_play,Nexto,Rival,Nexto,Nexto,1,3,0,1
267,rival_stochastic_self_play,Rival,Rival,Rival,Nexto,3,1,0,1
268,rival_stochastic_self_play,Rival,Nexto,Nexto,Rival,2,2,0,1
269,rival_stochastic_self_play,Nexto,Nexto,Nexto,Nexto,0,4,0,1
270,rival_stochastic_self_play,Nexto,Nexto,Nexto,Nexto,0,4,0,1
271,rival_stochastic_self_play,Nexto,Rival,Rival,Rival,3,1,0,1
272,rival_stochastic_self_play,Rival,Nexto,Nexto,Nexto,1,3,0,1
273,rival_stochastic_self_play,Rival,Nexto,Nexto,Rival,2,2,0,1
274,rival_stochastic_self_play,Nexto,Rival,Rival,Nexto,2,2,0,1
275,rival_stochastic_self_play,Nexto,Nexto,Nexto,Nexto,0,4,0,1
276,rival_stochastic_self_play,Rival,Rival,Rival,Rival,4,0,0,1
277,rival_stochastic_self_play,Rival,Nexto,Nexto,Rival,2,2,0,1
278,rival_stochastic_self_play,Rival,Rival,Rival,Rival,4,0,0,1
279,rival_stochastic_self_play,Rival,Nexto,Nexto,Rival,2,2,0,1
280,rival_stochastic_self_play,Rival,Rival,Rival,Rival,4,0,0,1
281,rival_stochastic_self_play,Rival,Nexto,Rival,Nexto,2,2,0,1
282,rival_stochastic_self_play,Nexto,Nexto,Nexto,Rival,1,3,0,1
283,rival_stochastic_self_play,Rival,Rival,Rival,Rival,4,0,0,1
284,rival_stochastic_self_play,Nexto,Nexto,Rival,Rival,2,2,0,1
285,rival_stochastic_self_play,Rival,Nexto,Nexto,Rival,2,2,0,1
286,rival_stochastic_self_play,Nexto,Rival,Nexto,Rival,2,2,0,1
287,rival_stochastic_self_play,Nexto,Rival,Rival,Nexto,2,2,0,1
288,rival_stochastic_self_play,Nexto,Nexto,Rival,Nexto,1,3,0,1
289,rival_stochastic_self_play,Nexto,Rival,Rival,Nexto,2,2,0,1
290,rival_stochastic_self_play,Nexto,Rival,Rival,Nexto,2,2,0,1
291,rival_stochastic_self_play,Rival,Nexto,Nexto,Rival,2,2,0,1
292,rival_stochastic_self_play,Rival,Rival,Nexto,Rival,3,1,0,1
293,rival_stochastic_self_play,Rival,Nexto,Nexto,Nexto,1,3,0,1
294,rival_stochastic_self_play,Rival,Nexto,Nexto,Rival,2,2,0,1
295,rival_stochastic_self_play,Rival,Nexto,Nexto,Rival,2,2,0,1
296,rival_stochastic_self_play,Rival,Nexto,Nexto,Nexto,1,3,0,1
297,rival_stochastic_self_play,Nexto,Rival,Rival,Nexto,2,2,0,1
298,rival_stochastic_self_play,Nexto,Rival,Rival,Rival,3,1,0,1
299,rival_stochastic_self_play,Nexto,Rival,Rival,Nexto,2,2,0,1
300,rival_stochastic_self_play,Nexto,Nexto,Nexto,Rival,1,3,0,1
301,rival_stochastic_self_play,Nexto,Rival,Rival,Rival,3,1,0,1
302,rival_stochastic_self_play,Nexto,Rival,Rival,Nexto,2,2,0,1
303,rival_stochastic_self_play,Rival,Nexto,Nexto,Rival,2,2,0,1
304,rival_stochastic_self_play,Rival,Nexto,Nexto,Rival,2,2,0,1
305,rival_stochastic_self_play,Rival,Nexto,Nexto,Rival,2,2,0,1
306,rival_stochastic_self_play,Rival,Rival,Rival,Rival,4,0,0,1
307,rival_stochastic_self_play,Nexto,Rival,Nexto,Nexto,1,3,0,1
308,rival_stochastic_self_play,Nexto,Nexto,Nexto,Rival,1,3,0,1
309,rival_stochastic_self_play,Nexto,Nexto,Rival,Rival,2,2,0,1
310,rival_stochastic_self_play,Nexto,Rival,Rival,Nexto,2,2,0,1
311,rival_stochastic_self_play,Nexto,Rival,Nexto,Nexto,1,3,0,1
312,rival_stochastic_self_play,Nexto,Nexto,Nexto,Nexto,0,4,0,1
313,rival_stochastic_self_play,Rival,Nexto,Rival,Rival,3,1,0,1
314,rival_stochastic_self_play,Rival,Rival,Rival,Nexto,3,1,0,1
315,rival_stochastic_self_play,Nexto,Rival,Nexto,Nexto,1,3,0,1
316,rival_stochastic_self_play,Nexto,Nexto,Nexto,Nexto,0,4,0,1
317,rival_stochastic_self_play,Nexto,Rival,Rival,Rival,3,1,0,1
318,rival_stochastic_self_play,Nexto,Nexto,Nexto,Nexto,0,4,0,1
319,rival_stochastic_self_play,Rival,Nexto,Nexto,Rival,2,2,0,1
320,rival_stochastic_self_play,Rival,Nexto,Nexto,Rival,2,2,0,1
321,rival_stochastic_self_play,Rival,Nexto,Nexto,Rival,2,2,0,1
322,rival_stochastic_self_play,Nexto,Rival,Rival,Nexto,2,2,0,1
323,rival_stochastic_self_play,Nexto,Nexto,Nexto,Nexto,0,4,0,1
324,rival_stochastic_self_play,Nexto,Rival,Rival,Nexto,2,2,0,1
325,rival_stochastic_self_play,Rival,Rival,Rival,Rival,4,0,0,1
326,rival_stochastic_self_play,Nexto,Rival,Rival,Rival,3,1,0,1
327,rival_stochastic_self_play,Nexto,Rival,Nexto,Nexto,1,3,0,1
328,rival_stochastic_self_play,Rival,Rival,Rival,Rival,4,0,0,1
329,rival_stochastic_self_play,Rival,Rival,Nexto,Nexto,2,2,0,1
330,rival_stochastic_self_play,Nexto,Nexto,Nexto,Rival,1,3,0,1
331,rival_stochastic_self_play,Nexto,Nexto,Nexto,Nexto,0,4,0,1
332,rival_stochastic_self_play,Nexto,Nexto,Nexto,Nexto,0,4,0,1
333,rival_stochastic_self_play,Rival,Nexto,Nexto,Rival,2,2,0,1
334,rival_stochastic_self_play,Draw,Rival,Rival,Rival,3,0,1,0
335,rival_stochastic_self_play,Rival,Rival,Nexto,Rival,3,1,0,1
336,rival_stochastic_self_play,Nexto,Nexto,Nexto,Nexto,0,4,0,1
337,rival_stochastic_self_play,Nexto,Rival,Nexto,Nexto,1,3,0,1
338,rival_stochastic_self_play,Nexto,Nexto,Nexto,Rival,1,3,0,1
339,rival_stochastic_self_play,Nexto,Nexto,Nexto,Rival,1,3,0,1
340,rival_stochastic_self_play,Nexto,Rival,Nexto,Nexto,1,3,0,1
341,rival_stochastic_self_play,Nexto,Rival,Rival,Nexto,2,2,0,1
342,rival_stochastic_self_play,Nexto,Nexto,Nexto,Nexto,0,4,0,1
343,rival_stochastic_self_play,Nexto,Rival,Rival,Nexto,2,2,0,1
344,rival_stochastic_self_play,Rival,Nexto,Nexto,Rival,2,2,0,1
345,rival_stochastic_self_play,Nexto,Rival,Rival,Nexto,2,2,0,1
346,rival_stochastic_self_play,Rival,Rival,Nexto,Rival,3,1,0,1
347,rival_stochastic_self_play,Rival,Nexto,Rival,Rival,3,1,0,1
348,rival_stochastic_self_play,Nexto,Rival,Nexto,Nexto,1,3,0,1
349,rival_stochastic_self_play,Rival,Nexto,Nexto,Rival,2,2,0,1
350,rival_stochastic_self_play,Nexto,Nexto,Rival,Rival,2,2,0,1
351,rival_stochastic_self_play,Rival,Nexto,Rival,Rival,3,1,0,1
352,rival_stochastic_self_play,Nexto,Rival,Rival,Nexto,2,2,0,1
353,rival_stochastic_self_play,Nexto,Nexto,Draw,Rival,1,2,1,0
354,rival_stochastic_self_play,Rival,Rival,Rival,Rival,4,0,0,1
355,rival_stochastic_self_play,Rival,Rival,Nexto,Nexto,2,2,0,1
356,rival_stochastic_self_play,Nexto,Rival,Rival,Rival,3,1,0,1
357,rival_stochastic_self_play,Nexto,Rival,Rival,Nexto,2,2,0,1
358,rival_stochastic_self_play,Rival,Nexto,Nexto,Rival,2,2,0,1
359,rival_stochastic_self_play,Nexto,Nexto,Nexto,Rival,1,3,0,1
360,rival_stochastic_self_play,Nexto,Nexto,Nexto,Nexto,0,4,0,1
361,rival_stochastic_self_play,Rival,Nexto,Rival,Nexto,2,2,0,1
362,rival_stochastic_self_play,Nexto,Rival,Nexto,Nexto,1,3,0,1
363,rival_stochastic_self_play,Nexto,Rival,Rival,Rival,3,1,0,1
364,rival_stochastic_self_play,Nexto,Rival,Draw,Nexto,1,2,1,0
365,rival_stochastic_self_play,Rival,Rival,Rival,Nexto,3,1,0,1
366,rival_stochastic_self_play,Nexto,Rival,Nexto,Rival,2,2,0,1
367,rival_stochastic_self_play,Rival,Nexto,Nexto,Rival,2,2,0,1
368,rival_stochastic_self_play,Nexto,Nexto,Nexto,Rival,1,3,0,1
369,rival_stochastic_self_play,Nexto,Rival,Rival,Nexto,2,2,0,1
370,rival_stochastic_self_play,Nexto,Rival,Nexto,Nexto,1,3,0,1
371,rival_stochastic_self_play,Rival,Rival,Nexto,Rival,3,1,0,1
372,rival_stochastic_self_play,Rival,Nexto,Rival,Rival,3,1,0,1
373,rival_stochastic_self_play,Nexto,Rival,Rival,Nexto,2,2,0,1
374,rival_stochastic_self_play,Rival,Rival,Draw,Nexto,2,1,1,0
375,rival_stochastic_self_play,Nexto,Nexto,Rival,Rival,2,2,0,1
376,rival_stochastic_self_play,Nexto,Rival,Nexto,Nexto,1,3,0,1
377,rival_stochastic_self_play,Nexto,Nexto,Nexto,Nexto,0,4,0,1
378,rival_stochastic_self_play,Rival,Nexto,Rival,Nexto,2,2,0,1
379,rival_stochastic_self_play,Rival,Nexto,Nexto,Rival,2,2,0,1
380,rival_stochastic_self_play,Nexto,Rival,Nexto,Rival,2,2,0,1
381,rival_stochastic_self_play,Draw,Rival,Rival,Rival,3,0,1,0
382,rival_stochastic_self_play,Nexto,Nexto,Nexto,Rival,1,3,0,1
383,rival_stochastic_self_play,Rival,Rival,Rival,Rival,4,0,0,1
384,rival_stochastic_self_play,Rival,Rival,Rival,Rival,4,0,0,1
385,rival_stochastic_self_play,Rival,Nexto,Rival,Rival,3,1,0,1
386,rival_stochastic_self_play,Nexto,Nexto,Nexto,Rival,1,3,0,1
387,rival_stochastic_self_play,Nexto,Rival,Rival,Rival,3,1,0,1
388,rival_stochastic_self_play,Nexto,Nexto,Nexto,Rival,1,3,0,1
389,rival_stochastic_self_play,Nexto,Rival,Rival,Nexto,2,2,0,1
390,rival_stochastic_self_play,Nexto,Rival,Rival,Nexto,2,2,0,1
391,rival_stochastic_self_play,Nexto,Rival,Rival,Nexto,2,2,0,1
392,rival_stochastic_self_play,Nexto,Rival,Rival,Nexto,2,2,0,1
393,rival_stochastic_self_play,Nexto,Rival,Nexto,Nexto,1,3,0,1
394,rival_stochastic_self_play,Rival,Nexto,Nexto,Rival,2,2,0,1
395,rival_stochastic_self_play,Nexto,Rival,Rival,Rival,3,1,0,1
396,rival_stochastic_self_play,Nexto,Rival,Rival,Nexto,2,2,0,1
397,rival_stochastic_self_play,Nexto,Rival,Rival,Rival,3,1,0,1
398,rival_stochastic_self_play,Nexto,Rival,Rival,Nexto,2,2,0,1
399,rival_stochastic_self_play,Nexto,Nexto,Nexto,Nexto,0,4,0,1
400,rival_stochastic_self_play,Nexto,Rival,Rival,Nexto,2,2,0,1
401,rival_stochastic_self_play,Rival,Rival,Nexto,Rival,3,1,0,1
402,rival_stochastic_self_play,Rival,Rival,Nexto,Rival,3,1,0,1
403,rival_stochastic_self_play,Rival,Nexto,Nexto,Rival,2,2,0,1
404,rival_stochastic_self_play,Nexto,Rival,Rival,Rival,3,1,0,1
405,rival_stochastic_self_play,Rival,Nexto,Nexto,Rival,2,2,0,1
406,rival_stochastic_self_play,Rival,Rival,Rival,Rival,4,0,0,1
407,rival_stochastic_self_play,Nexto,Rival,Rival,Nexto,2,2,0,1
408,rival_stochastic_self_play,Nexto,Rival,Nexto,Rival,2,2,0,1
409,rival_stochastic_self_play,Nexto,Rival,Nexto,Nexto,1,3,0,1
410,rival_stochastic_self_play,Nexto,Rival,Rival,Nexto,2,2,0,1
411,rival_stochastic_self_play,Nexto,Rival,Rival,Nexto,2,2,0,1
412,rival_stochastic_self_play,Rival,Rival,Draw,Rival,3,0,1,0
413,rival_stochastic_self_play,Rival,Nexto,Rival,Rival,3,1,0,1
414,rival_stochastic_self_play,Rival,Rival,Rival,Rival,4,0,0,1
415,rival_stochastic_self_play,Rival,Rival,Rival,Rival,4,0,0,1
416,rival_stochastic_self_play,Rival,Rival,Rival,Nexto,3,1,0,1
417,rival_stochastic_self_play,Rival,Nexto,Nexto,Rival,2,2,0,1
418,rival_stochastic_self_play,Rival,Nexto,Rival,Nexto,2,2,0,1
419,rival_stochastic_self_play,Rival,Nexto,Nexto,Rival,2,2,0,1
420,rival_stochastic_self_play,Draw,Rival,Rival,Nexto,2,1,1,0
421,rival_stochastic_self_play,Nexto,Nexto,Nexto,Rival,1,3,0,1
422,rival_stochastic_self_play,Nexto,Rival,Rival,Nexto,2,2,0,1
423,rival_stochastic_self_play,Draw,Rival,Rival,Rival,3,0,1,0
424,rival_stochastic_self_play,Draw,Draw,Draw,Nexto,0,1,3,0
425,rival_stochastic_self_play,Nexto,Rival,Nexto,Rival,2,2,0,1
426,rival_stochastic_self_play,Rival,Nexto,Nexto,Rival,2,2,0,1
427,rival_stochastic_self_play,Nexto,Nexto,Nexto,Nexto,0,4,0,1
428,rival_stochastic_self_play,Rival,Nexto,Nexto,Nexto,1,3,0,1
429,rival_stochastic_self_play,Nexto,Rival,Nexto,Rival,2,2,0,1
430,rival_stochastic_self_play,Rival,Nexto,Rival,Rival,3,1,0,1
431,rival_stochastic_self_play,Rival,Rival,Rival,Nexto,3,1,0,1
432,rival_stochastic_self_play,Nexto,Nexto,Nexto,Nexto,0,4,0,1
433,rival_stochastic_self_play,Nexto,Rival,Rival,Nexto,2,2,0,1
434,rival_stochastic_self_play,Nexto,Rival,Rival,Nexto,2,2,0,1
435,rival_stochastic_self_play,Nexto,Nexto,Nexto,Nexto,0,4,0,1
436,rival_stochastic_self_play,Nexto,Rival,Rival,Nexto,2,2,0,1
437,rival_stochastic_self_play,Nexto,Rival,Nexto,Rival,2,2,0,1
438,rival_stochastic_self_play,Nexto,Rival,Rival,Nexto,2,2,0,1
439,rival_stochastic_self_play,Rival,Rival,Rival,Rival,4,0,0,1
440,rival_stochastic_self_play,Rival,Nexto,Nexto,Rival,2,2,0,1
441,rival_stochastic_self_play,Nexto,Rival,Rival,Nexto,2,2,0,1
442,rival_stochastic_self_play,Nexto,Rival,Rival,Nexto,2,2,0,1
443,rival_stochastic_self_play,Nexto,Rival,Rival,Rival,3,1,0,1
444,rival_stochastic_self_play,Nexto,Rival,Rival,Rival,3,1,0,1
445,rival_stochastic_self_play,Rival,Rival,Nexto,Rival,3,1,0,1
446,rival_stochastic_self_play,Nexto,Nexto,Nexto,Rival,1,3,0,1
447,rival_stochastic_self_play,Nexto,Rival,Nexto,Nexto,1,3,0,1
448,rival_stochastic_self_play,Rival,Rival,Nexto,Nexto,2,2,0,1
449,rival_stochastic_self_play,Rival,Nexto,Nexto,Rival,2,2,0,1
450,rival_stochastic_self_play,Nexto,Rival,Nexto,Rival,2,2,0,1
451,rival_stochastic_self_play,Rival,Rival,Rival,Rival,4,0,0,1
452,rival_stochastic_self_play,Rival,Nexto,Nexto,Nexto,1,3,0,1
453,rival_stochastic_self_play,Nexto,Rival,Nexto,Nexto,1,3,0,1
454,rival_stochastic_self_play,Rival,Rival,Nexto,Rival,3,1,0,1
455,rival_stochastic_self_play,Nexto,Rival,Rival,Rival,3,1,0,1
456,rival_stochastic_self_play,Rival,Rival,Rival,Nexto,3,1,0,1
457,rival_stochastic_self_play,Nexto,Nexto,Nexto,Nexto,0,4,0,1
458,rival_stochastic_self_play,Nexto,Rival,Rival,Nexto,2,2,0,1
459,rival_stochastic_self_play,Rival,Nexto,Rival,Rival,3,1,0,1
460,rival_stochastic_self_play,Rival,Rival,Rival,Rival,4,0,0,1
461,rival_stochastic_self_play,Rival,Draw,Nexto,Rival,2,1,1,0
462,rival_stochastic_self_play,Nexto,Rival,Nexto,Rival,2,2,0,1
463,rival_stochastic_self_play,Nexto,Nexto,Rival,Nexto,1,3,0,1
464,rival_stochastic_self_play,Nexto,Rival,Rival,Nexto,2,2,0,1
465,rival_stochastic_self_play,Nexto,Rival,Rival,Rival,3,1,0,1
466,rival_stochastic_self_play,Nexto,Rival,Rival,Nexto,2,2,0,1
467,rival_stochastic_self_play,Nexto,Rival,Rival,Nexto,2,2,0,1
468,rival_stochastic_self_play,Nexto,Rival,Rival,Nexto,2,2,0,1
469,rival_stochastic_self_play,Nexto,Nexto,Nexto,Rival,1,3,0,1
470,rival_stochastic_self_play,Rival,Nexto,Nexto,Rival,2,2,0,1
471,rival_stochastic_self_play,Nexto,Rival,Rival,Nexto,2,2,0,1
472,rival_stochastic_self_play,Nexto,Rival,Nexto,Rival,2,2,0,1
473,rival_stochastic_self_play,Rival,Rival,Rival,Nexto,3,1,0,1
474,rival_stochastic_self_play,Rival,Nexto,Nexto,Nexto,1,3,0,1
475,rival_stochastic_self_play,Nexto,Rival,Rival,Nexto,2,2,0,1
476,rival_stochastic_self_play,Rival,Nexto,Nexto,Rival,2,2,0,1
477,rival_stochastic_self_play,Nexto,Rival,Rival,Rival,3,1,0,1
478,rival_stochastic_self_play,Rival,Rival,Rival,Rival,4,0,0,1
479,rival_stochastic_self_play,Rival,Nexto,Rival,Rival,3,1,0,1
480,rival_stochastic_self_play,Nexto,Nexto,Nexto,Rival,1,3,0,1
481,rival_stochastic_self_play,Rival,Nexto,Nexto,Rival,2,2,0,1
482,rival_stochastic_self_play,Nexto,Rival,Nexto,Rival,2,2,0,1
483,rival_stochastic_self_play,Rival,Rival,Nexto,Nexto,2,2,0,1
484,rival_stochastic_self_play,Nexto,Rival,Rival,Nexto,2,2,0,1
485,rival_stochastic_self_play,Rival,Nexto,Rival,Rival,3,1,0,1
486,rival_stochastic_self_play,Rival,Rival,Rival,Rival,4,0,0,1
487,rival_stochastic_self_play,Rival,Nexto,Nexto,Nexto,1,3,0,1
488,rival_stochastic_self_play,Nexto,Rival,Rival,Rival,3,1,0,1
489,rival_stochastic_self_play,Nexto,Rival,Rival,Nexto,2,2,0,1
490,rival_stochastic_self_play,Rival,Rival,Rival,Nexto,3,1,0,1
491,rival_stochastic_self_play,Rival,Rival,Nexto,Nexto,2,2,0,1
492,rival_stochastic_self_play,Nexto,Rival,Nexto,Rival,2,2,0,1
493,rival_stochastic_self_play,Nexto,Nexto,Nexto,Nexto,0,4,0,1
494,rival_stochastic_self_play,Rival,Rival,Rival,Nexto,3,1,0,1
495,rival_stochastic_self_play,Nexto,Rival,Rival,Rival,3,1,0,1
496,rival_stochastic_self_play,Nexto,Rival,Nexto,Rival,2,2,0,1
497,rival_stochastic_self_play,Nexto,Nexto,Nexto,Nexto,0,4,0,1
498,rival_stochastic_self_play,Rival,Rival,Nexto,Rival,3,1,0,1
499,rival_stochastic_self_play,Nexto,Rival,Rival,Nexto,2,2,0,1
500,rival_stochastic_self_play,Nexto,Nexto,Nexto,Nexto,0,4,0,1
501,rival_stochastic_self_play,Rival,Nexto,Rival,Rival,3,1,0,1
502,rival_stochastic_self_play,Nexto,Rival,Rival,Nexto,2,2,0,1
503,rival_stochastic_self_play,Nexto,Nexto,Nexto,Rival,1,3,0,1
504,rival_stochastic_self_play,Nexto,Rival,Rival,Nexto,2,2,0,1
505,rival_stochastic_self_play,Rival,Nexto,Nexto,Rival,2,2,0,1
506,rival_stochastic_self_play,Nexto,Nexto,Nexto,Nexto,0,4,0,1
507,rival_stochastic_self_play,Nexto,Rival,Nexto,Nexto,1,3,0,1
508,rival_stochastic_self_play,Nexto,Rival,Rival,Nexto,2,2,0,1
509,rival_stochastic_self_play,Nexto,Nexto,Nexto,Rival,1,3,0,1
510,rival_stochastic_self_play,Nexto,Rival,Nexto,Rival,2,2,0,1
511,rival_stochastic_self_play,Nexto,Rival,Rival,Rival,3,1,0,1
512,rival_stochastic_self_play,Nexto,Nexto,Nexto,Rival,1,3,0,1
513,rival_stochastic_self_play,Rival,Rival,Nexto,Nexto,2,2,0,1
514,rival_stochastic_self_play,Rival,Rival,Rival,Rival,4,0,0,1
515,rival_stochastic_self_play,Nexto,Nexto,Nexto,Rival,1,3,0,1
516,rival_stochastic_self_play,Rival,Rival,Rival,Rival,4,0,0,1
517,rival_stochastic_self_play,Nexto,Nexto,Nexto,Nexto,0,4,0,1
518,rival_stochastic_self_play,Rival,Rival,Rival,Nexto,3,1,0,1
519,rival_stochastic_self_play,Nexto,Rival,Rival,Rival,3,1,0,1
520,rival_stochastic_self_play,Draw,Rival,Rival,Draw,2,0,2,0
521,rival_stochastic_self_play,Nexto,Rival,Rival,Nexto,2,2,0,1
522,rival_stochastic_self_play,Nexto,Rival,Nexto,Nexto,1,3,0,1
523,rival_stochastic_self_play,Nexto,Rival,Rival,Nexto,2,2,0,1
524,rival_stochastic_self_play,Nexto,Rival,Rival,Rival,3,1,0,1
525,rival_stochastic_self_play,Rival,Rival,Nexto,Rival,3,1,0,1
526,rival_stochastic_self_play,Nexto,Nexto,Nexto,Nexto,0,4,0,1
527,rival_stochastic_self_play,Rival,Nexto,Nexto,Nexto,1,3,0,1
528,rival_stochastic_self_play,Rival,Nexto,Nexto,Rival,2,2,0,1
529,rival_stochastic_self_play,Nexto,Nexto,Nexto,Draw,0,3,1,0
530,rival_stochastic_self_play,Nexto,Rival,Rival,Rival,3,1,0,1
531,rival_stochastic_self_play,Rival,Rival,Nexto,Rival,3,1,0,1
532,rival_stochastic_self_play,Nexto,Rival,Nexto,Nexto,1,3,0,1
533,rival_stochastic_self_play,Nexto,Nexto,Nexto,Nexto,0,4,0,1
534,rival_stochastic_self_play,Nexto,Rival,Rival,Nexto,2,2,0,1
535,rival_stochastic_self_play,Nexto,Nexto,Nexto,Nexto,0,4,0,1
536,rival_stochastic_self_play,Nexto,Rival,Rival,Rival,3,1,0,1
537,rival_stochastic_self_play,Rival,Nexto,Nexto,Rival,2,2,0,1
538,rival_stochastic_self_play,Nexto,Rival,Rival,Nexto,2,2,0,1
539,rival_stochastic_self_play,Nexto,Rival,Rival,Nexto,2,2,0,1
540,rival_stochastic_self_play,Rival,Rival,Nexto,Rival,3,1,0,1
541,rival_stochastic_self_play,Nexto,Rival,Nexto,Nexto,1,3,0,1
542,rival_stochastic_self_play,Nexto,Rival,Rival,Nexto,2,2,0,1
543,rival_stochastic_self_play,Nexto,Rival,Rival,Rival,3,1,0,1
544,rival_stochastic_self_play,Nexto,Rival,Nexto,Rival,2,2,0,1
545,rival_stochastic_self_play,Rival,Nexto,Rival,Rival,3,1,0,1
546,rival_stochastic_self_play,Rival,Rival,Nexto,Rival,3,1,0,1
547,rival_stochastic_self_play,Rival,Rival,Rival,Nexto,3,1,0,1
548,rival_stochastic_self_play,Rival,Nexto,Rival,Nexto,2,2,0,1
549,rival_stochastic_self_play,Draw,Rival,Rival,Nexto,2,1,1,0
550,rival_stochastic_self_play,Rival,Rival,Rival,Rival,4,0,0,1
551,rival_stochastic_self_play,Rival,Rival,Nexto,Rival,3,1,0,1
552,rival_stochastic_self_play,Nexto,Nexto,Nexto,Rival,1,3,0,1
553,rival_stochastic_self_play,Nexto,Nexto,Nexto,Nexto,0,4,0,1
554,rival_stochastic_self_play,Nexto,Nexto,Nexto,Rival,1,3,0,1
555,rival_stochastic_self_play,Nexto,Rival,Rival,Nexto,2,2,0,1
556,rival_stochastic_self_play,Nexto,Rival,Nexto,Rival,2,2,0,1
557,rival_stochastic_self_play,Rival,Rival,Nexto,Nexto,2,2,0,1
558,rival_stochastic_self_play,Rival,Rival,Nexto,Nexto,2,2,0,1
559,rival_stochastic_self_play,Nexto,Rival,Rival,Rival,3,1,0,1
560,rival_stochastic_self_play,Nexto,Nexto,Nexto,Nexto,0,4,0,1
561,rival_stochastic_self_play,Nexto,Rival,Nexto,Nexto,1,3,0,1
562,rival_stochastic_self_play,Nexto,Rival,Rival,Nexto,2,2,0,1
563,rival_stochastic_self_play,Rival,Rival,Nexto,Rival,3,1,0,1
564,rival_stochastic_self_play,Rival,Nexto,Nexto,Rival,2,2,0,1
565,rival_stochastic_self_play,Rival,Rival,Rival,Rival,4,0,0,1
566,rival_stochastic_self_play,Nexto,Rival,Rival,Nexto,2,2,0,1
567,rival_stochastic_self_play,Nexto,Rival,Rival,Rival,3,1,0,1
568,rival_stochastic_self_play,Nexto,Nexto,Nexto,Rival,1,3,0,1
569,rival_stochastic_self_play,Nexto,Rival,Rival,Rival,3,1,0,1
570,rival_stochastic_self_play,Nexto,Rival,Draw,Rival,2,1,1,0
571,rival_stochastic_self_play,Nexto,Nexto,Nexto,Nexto,0,4,0,1
572,rival_stochastic_self_play,Nexto,Nexto,Nexto,Nexto,0,4,0,1
573,rival_stochastic_self_play,Nexto,Rival,Rival,Nexto,2,2,0,1
574,rival_stochastic_self_play,Nexto,Rival,Nexto,Rival,2,2,0,1
575,rival_stochastic_self_play,Nexto,Rival,Nexto,Nexto,1,3,0,1
576,rival_stochastic_self_play,Nexto,Draw,Nexto,Rival,1,2,1,0
577,rival_stochastic_self_play,Nexto,Nexto,Nexto,Rival,1,3,0,1
578,rival_stochastic_self_play,Nexto,Nexto,Nexto,Nexto,0,4,0,1
579,rival_stochastic_self_play,Rival,Rival,Rival,Nexto,3,1,0,1
580,rival_stochastic_self_play,Nexto,Rival,Rival,Nexto,2,2,0,1
581,rival_stochastic_self_play,Nexto,Nexto,Nexto,Nexto,0,4,0,1
582,rival_stochastic_self_play,Nexto,Rival,Rival,Nexto,2,2,0,1
583,rival_stochastic_self_play,Nexto,Rival,Nexto,Nexto,1,3,0,1
584,rival_stochastic_self_play,Nexto,Nexto,Draw,Rival,1,2,1,0
585,rival_stochastic_self_play,Nexto,Rival,Rival,Nexto,2,2,0,1
586,rival_stochastic_self_play,Rival,Rival,Nexto,Rival,3,1,0,1
587,rival_stochastic_self_play,Nexto,Nexto,Nexto,Nexto,0,4,0,1
588,rival_stochastic_self_play,Nexto,Nexto,Nexto,Nexto,0,4,0,1
589,rival_stochastic_self_play,Rival,Nexto,Nexto,Rival,2,2,0,1
590,rival_stochastic_self_play,Nexto,Rival,Nexto,Rival,2,2,0,1
591,rival_stochastic_self_play,Nexto,Rival,Rival,Rival,3,1,0,1
592,rival_stochastic_self_play,Rival,Rival,Nexto,Nexto,2,2,0,1
593,rival_stochastic_self_play,Draw,Nexto,Rival,Nexto,1,2,1,0
594,rival_stochastic_self_play,Nexto,Rival,Rival,Rival,3,1,0,1
595,rival_stochastic_self_play,Nexto,Rival,Nexto,Nexto,1,3,0,1
596,rival_stochastic_self_play,Rival,Rival,Nexto,Nexto,2,2,0,1
597,rival_stochastic_self_play,Rival,Rival,Nexto,Rival,3,1,0,1
598,rival_stochastic_self_play,Nexto,Rival,Rival,Nexto,2,2,0,1
599,rival_stochastic_self_play,Rival,Rival,Rival,Nexto,3,1,0,1
600,rival_stochastic_self_play,Nexto,Rival,Nexto,Nexto,1,3,0,1
601,rival_stochastic_self_play,Nexto,Rival,Nexto,Rival,2,2,0,1
602,rival_stochastic_self_play,Rival,Nexto,Nexto,Rival,2,2,0,1
603,rival_stochastic_self_play,Nexto,Nexto,Nexto,Nexto,0,4,0,1
604,rival_stochastic_self_play,Nexto,Rival,Rival,Nexto,2,2,0,1
605,rival_stochastic_self_play,Rival,Nexto,Nexto,Rival,2,2,0,1
606,rival_stochastic_self_play,Rival,Rival,Nexto,Rival,3,1,0,1
607,rival_stochastic_self_play,Rival,Nexto,Nexto,Rival,2,2,0,1
608,rival_stochastic_self_play,Nexto,Rival,Rival,Nexto,2,2,0,1
609,rival_stochastic_self_play,Rival,Rival,Rival,Rival,4,0,0,1
610,rival_stochastic_self_play,Rival,Rival,Rival,Rival,4,0,0,1
611,rival_stochastic_self_play,Rival,Rival,Rival,Rival,4,0,0,1
612,rival_stochastic_self_play,Draw,Rival,Rival,Rival,3,0,1,0
613,rival_stochastic_self_play,Nexto,Draw,Rival,Rival,2,1,1,0
614,rival_stochastic_self_play,Rival,Nexto,Nexto,Nexto,1,3,0,1
615,rival_stochastic_self_play,Nexto,Rival,Nexto,Rival,2,2,0,1
616,rival_stochastic_self_play,Rival,Rival,Nexto,Rival,3,1,0,1
617,rival_stochastic_self_play,Nexto,Rival,Rival,Rival,3,1,0,1
618,rival_stochastic_self_play,Nexto,Rival,Rival,Rival,3,1,0,1
619,rival_stochastic_self_play,Rival,Nexto,Nexto,Nexto,1,3,0,1
620,rival_stochastic_self_play,Rival,Nexto,Nexto,Rival,2,2,0,1
621,rival_stochastic_self_play,Nexto,Rival,Rival,Nexto,2,2,0,1
622,rival_stochastic_self_play,Rival,Nexto,Nexto,Rival,2,2,0,1
623,rival_stochastic_self_play,Nexto,Nexto,Rival,Nexto,1,3,0,1
624,rival_stochastic_self_play,Nexto,Nexto,Rival,Rival,2,2,0,1
625,rival_stochastic_self_play,Rival,Rival,Nexto,Rival,3,1,0,1
626,rival_stochastic_self_play,Nexto,Rival,Nexto,Draw,1,2,1,0
627,rival_stochastic_self_play,Rival,Rival,Nexto,Rival,3,1,0,1
628,rival_stochastic_self_play,Rival,Draw,Rival,Rival,3,0,1,0
629,rival_stochastic_self_play,Nexto,Rival,Rival,Rival,3,1,0,1
630,rival_stochastic_self_play,Nexto,Rival,Rival,Nexto,2,2,0,1
631,rival_stochastic_self_play,Rival,Nexto,Nexto,Rival,2,2,0,1
632,rival_stochastic_self_play,Rival,Nexto,Nexto,Rival,2,2,0,1
633,rival_stochastic_self_play,Nexto,Rival,Rival,Nexto,2,2,0,1
634,rival_stochastic_self_play,Rival,Nexto,Nexto,Rival,2,2,0,1
635,rival_stochastic_self_play,Nexto,Rival,Rival,Nexto,2,2,0,1
636,rival_stochastic_self_play,Nexto,Rival,Rival,Rival,3,1,0,1
637,rival_stochastic_self_play,Nexto,Rival,Rival,Nexto,2,2,0,1
638,rival_stochastic_self_play,Rival,Rival,Nexto,Nexto,2,2,0,1
639,rival_stochastic_self_play,Nexto,Rival,Rival,Rival,3,1,0,1
640,rival_stochastic_self_play,Rival,Rival,Nexto,Rival,3,1,0,1
641,rival_stochastic_self_play,Rival,Nexto,Nexto,Rival,2,2,0,1
642,rival_stochastic_self_play,Nexto,Nexto,Nexto,Nexto,0,4,0,1
643,rival_stochastic_self_play,Rival,Nexto,Nexto,Rival,2,2,0,1
644,rival_stochastic_self_play,Nexto,Rival,Rival,Rival,3,1,0,1
645,rival_stochastic_self_play,Rival,Rival,Rival,Rival,4,0,0,1
646,rival_stochastic_self_play,Rival,Rival,Rival,Nexto,3,1,0,1
647,rival_stochastic_self_play,Nexto,Nexto,Nexto,Nexto,0,4,0,1
648,rival_stochastic_self_play,Nexto,Rival,Nexto,Rival,2,2,0,1
649,rival_stochastic_self_play,Nexto,Rival,Rival,Rival,3,1,0,1
650,rival_stochastic_self_play,Rival,Nexto,Nexto,Rival,2,2,0,1
651,rival_stochastic_self_play,Nexto,Rival,Rival,Nexto,2,2,0,1
652,rival_stochastic_self_play,Rival,Nexto,Nexto,Nexto,1,3,0,1
653,rival_stochastic_self_play,Rival,Rival,Nexto,Rival,3,1,0,1
654,rival_stochastic_self_play,Rival,Rival,Nexto,Rival,3,1,0,1
655,rival_stochastic_self_play,Nexto,Rival,Nexto,Nexto,1,3,0,1
656,rival_stochastic_self_play,Rival,Rival,Rival,Rival,4,0,0,1
657,rival_stochastic_self_play,Rival,Rival,Nexto,Nexto,2,2,0,1
658,rival_stochastic_self_play,Nexto,Rival,Draw,Rival,2,1,1,0
659,rival_stochastic_self_play,Nexto,Rival,Rival,Nexto,2,2,0,1
660,rival_stochastic_self_play,Nexto,Rival,Nexto,Rival,2,2,0,1
661,rival_stochastic_self_play,Rival,Rival,Rival,Rival,4,0,0,1
662,rival_stochastic_self_play,Nexto,Rival,Rival,Nexto,2,2,0,1
663,rival_stochastic_self_play,Rival,Rival,Nexto,Rival,3,1,0,1
664,rival_stochastic_self_play,Rival,Rival,Rival,Rival,4,0,0,1
665,rival_stochastic_self_play,Nexto,Rival,Nexto,Nexto,1,3,0,1
666,rival_stochastic_self_play,Rival,Nexto,Nexto,Nexto,1,3,0,1
667,rival_stochastic_self_play,Rival,Nexto,Rival,Rival,3,1,0,1
668,rival_stochastic_self_play,Rival,Nexto,Nexto,Rival,2,2,0,1
669,rival_stochastic_self_play,Rival,Rival,Rival,Rival,4,0,0,1
670,rival_stochastic_self_play,Rival,Nexto,Nexto,Rival,2,2,0,1
671,rival_stochastic_self_play,Rival,Rival,Rival,Rival,4,0,0,1
672,rival_stochastic_self_play,Rival,Nexto,Rival,Rival,3,1,0,1
673,rival_stochastic_self_play,Nexto,Rival,Nexto,Nexto,1,3,0,1
674,rival_stochastic_self_play,Nexto,Nexto,Nexto,Nexto,0,4,0,1
675,rival_stochastic_self_play,Rival,Rival,Rival,Rival,4,0,0,1
676,rival_stochastic_self_play,Nexto,Nexto,Rival,Nexto,1,3,0,1
677,rival_stochastic_self_play,Nexto,Rival,Rival,Nexto,2,2,0,1
678,rival_stochastic_self_play,Rival,Rival,Nexto,Rival,3,1,0,1
679,rival_stochastic_self_play,Rival,Rival,Rival,Nexto,3,1,0,1
680,rival_stochastic_self_play,Nexto,Rival,Nexto,Nexto,1,3,0,1
681,rival_stochastic_self_play,Rival,Nexto,Nexto,Rival,2,2,0,1
682,rival_stochastic_self_play,Nexto,Rival,Nexto,Rival,2,2,0,1
683,rival_stochastic_self_play,Rival,Rival,Nexto,Rival,3,1,0,1
684,rival_stochastic_self_play,Rival,Nexto,Nexto,Rival,2,2,0,1
685,rival_stochastic_self_play,Nexto,Nexto,Nexto,Rival,1,3,0,1
686,rival_stochastic_self_play,Nexto,Rival,Rival,Nexto,2,2,0,1
687,rival_stochastic_self_play,Rival,Nexto,Rival,Rival,3,1,0,1
688,rival_stochastic_self_play,Rival,Nexto,Nexto,Rival,2,2,0,1
689,rival_stochastic_self_play,Rival,Rival,Nexto,Rival,3,1,0,1
690,rival_stochastic_self_play,Nexto,Rival,Nexto,Rival,2,2,0,1
691,rival_stochastic_self_play,Nexto,Nexto,Rival,Nexto,1,3,0,1
692,rival_stochastic_self_play,Nexto,Rival,Rival,Nexto,2,2,0,1
693,rival_stochastic_self_play,Rival,Nexto,Nexto,Rival,2,2,0,1
694,rival_stochastic_self_play,Draw,Rival,Nexto,Nexto,1,2,1,0
695,rival_stochastic_self_play,Nexto,Nexto,Nexto,Rival,1,3,0,1
696,rival_stochastic_self_play,Rival,Nexto,Nexto,Rival,2,2,0,1
697,rival_stochastic_self_play,Rival,Nexto,Rival,Rival,3,1,0,1
698,rival_stochastic_self_play,Nexto,Nexto,Nexto,Rival,1,3,0,1
699,rival_stochastic_self_play,Rival,Rival,Rival,Rival,4,0,0,1
700,rival_stochastic_self_play,Nexto,Rival,Nexto,Rival,2,2,0,1
701,rival_stochastic_self_play,Rival,Rival,Rival,Nexto,3,1,0,1
702,rival_stochastic_self_play,Rival,Rival,Nexto,Nexto,2,2,0,1
703,rival_stochastic_self_play,Nexto,Rival,Nexto,Nexto,1,3,0,1
704,rival_stochastic_self_play,Nexto,Rival,Nexto,Nexto,1,3,0,1
705,rival_stochastic_self_play,Rival,Rival,Rival,Rival,4,0,0,1
706,rival_stochastic_self_play,Rival,Nexto,Rival,Nexto,2,2,0,1
707,rival_stochastic_self_play,Nexto,Nexto,Nexto,Nexto,0,4,0,1
708,rival_stochastic_self_play,Rival,Rival,Rival,Rival,4,0,0,1
709,rival_stochastic_self_play,Nexto,Rival,Rival,Nexto,2,2,0,1
710,rival_stochastic_self_play,Rival,Nexto,Nexto,Rival,2,2,0,1
711,rival_stochastic_self_play,Nexto,Rival,Rival,Nexto,2,2,0,1
712,rival_stochastic_self_play,Nexto,Nexto,Rival,Nexto,1,3,0,1
713,rival_stochastic_self_play,Nexto,Nexto,Nexto,Rival,1,3,0,1
714,rival_stochastic_self_play,Nexto,Nexto,Rival,Nexto,1,3,0,1
715,rival_stochastic_self_play,Rival,Nexto,Rival,Rival,3,1,0,1
716,rival_stochastic_self_play,Rival,Rival,Nexto,Rival,3,1,0,1
717,rival_stochastic_self_play,Nexto,Rival,Rival,Rival,3,1,0,1
718,rival_stochastic_self_play,Nexto,Nexto,Draw,Nexto,0,3,1,0
719,rival_stochastic_self_play,Nexto,Rival,Rival,Rival,3,1,0,1
720,rival_stochastic_self_play,Nexto,Rival,Rival,Rival,3,1,0,1
721,rival_stochastic_self_play,Rival,Nexto,Nexto,Rival,2,2,0,1
722,rival_stochastic_self_play,Rival,Nexto,Nexto,Rival,2,2,0,1
723,rival_stochastic_self_play,Rival,Nexto,Nexto,Nexto,1,3,0,1
724,rival_stochastic_self_play,Nexto,Rival,Rival,Rival,3,1,0,1
725,rival_stochastic_self_play,Nexto,Nexto,Nexto,Nexto,0,4,0,1
726,rival_stochastic_self_play,Nexto,Rival,Nexto,Draw,1,2,1,0
727,rival_stochastic_self_play,Nexto,Rival,Rival,Nexto,2,2,0,1
728,rival_stochastic_self_play,Nexto,Rival,Rival,Nexto,2,2,0,1
729,rival_stochastic_self_play,Rival,Rival,Rival,Rival,4,0,0,1
730,rival_stochastic_self_play,Nexto,Nexto,Nexto,Nexto,0,4,0,1
731,rival_stochastic_self_play,Rival,Nexto,Rival,Nexto,2,2,0,1
732,rival_stochastic_self_play,Nexto,Rival,Rival,Nexto,2,2,0,1
733,rival_stochastic_self_play,Rival,Rival,Rival,Nexto,3,1,0,1
734,rival_stochastic_self_play,Rival,Rival,Rival,Rival,4,0,0,1
735,rival_stochastic_self_play,Nexto,Rival,Rival,Nexto,2,2,0,1
736,rival_stochastic_self_play,Nexto,Rival,Rival,Draw,2,1,1,0
737,rival_stochastic_self_play,Nexto,Rival,Rival,Nexto,2,2,0,1
738,rival_stochastic_self_play,Nexto,Rival,Rival,Nexto,2,2,0,1
739,rival_stochastic_self_play,Nexto,Rival,Rival,Nexto,2,2,0,1
740,rival_stochastic_self_play,Rival,Rival,Rival,Rival,4,0,0,1
741,rival_stochastic_self_play,Nexto,Nexto,Nexto,Nexto,0,4,0,1
742,rival_stochastic_self_play,Nexto,Rival,Rival,Nexto,2,2,0,1
743,rival_stochastic_self_play,Rival,Rival,Nexto,Rival,3,1,0,1
744,rival_stochastic_self_play,Rival,Nexto,Rival,Rival,3,1,0,1
745,rival_stochastic_self_play,Nexto,Rival,Nexto,Nexto,1,3,0,1
746,rival_stochastic_self_play,Nexto,Nexto,Nexto,Nexto,0,4,0,1
747,rival_stochastic_self_play,Nexto,Rival,Rival,Nexto,2,2,0,1
748,rival_stochastic_self_play,Nexto,Rival,Nexto,Nexto,1,3,0,1
749,rival_stochastic_self_play,Rival,Rival,Rival,Rival,4,0,0,1
750,rival_stochastic_self_play,Nexto,Rival,Nexto,Rival,2,2,0,1
751,rival_stochastic_self_play,Draw,Rival,Rival,Rival,3,0,1,0
752,rival_stochastic_self_play,Rival,Rival,Nexto,Rival,3,1,0,1
753,rival_stochastic_self_play,Nexto,Rival,Rival,Nexto,2,2,0,1
754,rival_stochastic_self_play,Rival,Nexto,Nexto,Rival,2,2,0,1
755,rival_stochastic_self_play,Rival,Rival,Nexto,Rival,3,1,0,1
756,rival_stochastic_self_play,Nexto,Rival,Rival,Nexto,2,2,0,1
757,rival_stochastic_self_play,Rival,Nexto,Nexto,Nexto,1,3,0,1
758,rival_stochastic_self_play,Rival,Rival,Rival,Rival,4,0,0,1
759,rival_stochastic_self_play,Rival,Nexto,Rival,Nexto,2,2,0,1
760,rival_stochastic_self_play,Rival,Rival,Rival,Rival,4,0,0,1
761,rival_stochastic_self_play,Rival,Rival,Nexto,Rival,3,1,0,1
762,rival_stochastic_self_play,Nexto,Rival,Rival,Nexto,2,2,0,1
763,rival_stochastic_self_play,Rival,Nexto,Rival,Nexto,2,2,0,1
764,rival_stochastic_self_play,Draw,Nexto,Nexto,Draw,0,2,2,0
765,rival_stochastic_self_play,Nexto,Nexto,Nexto,Nexto,0,4,0,1
766,rival_stochastic_self_play,Nexto,Rival,Rival,Rival,3,1,0,1
767,rival_stochastic_self_play,Nexto,Rival,Rival,Nexto,2,2,0,1
768,rival_stochastic_self_play,Nexto,Nexto,Nexto,Rival,1,3,0,1
769,rival_stochastic_self_play,Rival,Rival,Rival,Rival,4,0,0,1
770,rival_stochastic_self_play,Nexto,Rival,Rival,Nexto,2,2,0,1
771,rival_stochastic_self_play,Nexto,Rival,Nexto,Nexto,1,3,0,1
772,rival_stochastic_self_play,Rival,Nexto,Nexto,Rival,2,2,0,1
773,rival_stochastic_self_play,Rival,Nexto,Nexto,Rival,2,2,0,1
774,rival_stochastic_self_play,Rival,Rival,Nexto,Rival,3,1,0,1
775,rival_stochastic_self_play,Nexto,Rival,Nexto,Rival,2,2,0,1
776,rival_stochastic_self_play,Rival,Nexto,Nexto,Rival,2,2,0,1
777,rival_stochastic_self_play,Nexto,Nexto,Rival,Nexto,1,3,0,1
778,rival_stochastic_self_play,Nexto,Rival,Rival,Nexto,2,2,0,1
779,rival_stochastic_self_play,Nexto,Nexto,Nexto,Rival,1,3,0,1
780,rival_stochastic_self_play,Nexto,Rival,Draw,Rival,2,1,1,0
781,rival_stochastic_self_play,Rival,Rival,Nexto,Nexto,2,2,0,1
782,rival_stochastic_self_play,Nexto,Nexto,Rival,Nexto,1,3,0,1
783,rival_stochastic_self_play,Nexto,Nexto,Nexto,Nexto,0,4,0,1
784,rival_stochastic_self_play,Nexto,Rival,Rival,Nexto,2,2,0,1
785,rival_stochastic_self_play,Rival,Nexto,Rival,Rival,3,1,0,1
786,rival_stochastic_self_play,Nexto,Rival,Rival,Nexto,2,2,0,1
787,rival_stochastic_self_play,Nexto,Rival,Nexto,Rival,2,2,0,1
788,rival_stochastic_self_play,Rival,Nexto,Nexto,Rival,2,2,0,1
789,rival_stochastic_self_play,Nexto,Rival,Nexto,Nexto,1,3,0,1
790,rival_stochastic_self_play,Nexto,Rival,Rival,Nexto,2,2,0,1
791,rival_stochastic_self_play,Rival,Nexto,Nexto,Rival,2,2,0,1
792,rival_stochastic_self_play,Nexto,Rival,Rival,Nexto,2,2,0,1
793,rival_stochastic_self_play,Rival,Nexto,Nexto,Nexto,1,3,0,1
794,rival_stochastic_self_play,Rival,Rival,Nexto,Rival,3,1,0,1
795,rival_stochastic_self_play,Nexto,Nexto,Rival,Rival,2,2,0,1
796,rival_stochastic_self_play,Nexto,Rival,Rival,Rival,3,1,0,1
797,rival_stochastic_self_play,Nexto,Rival,Rival,Nexto,2,2,0,1
798,rival_stochastic_self_play,Rival,Nexto,Nexto,Nexto,1,3,0,1
799,rival_stochastic_self_play,Rival,Rival,Nexto,Rival,3,1,0,1
800,rival_stochastic_self_play,Nexto,Nexto,Nexto,Nexto,0,4,0,1
801,rival_stochastic_self_play,Rival,Rival,Rival,Nexto,3,1,0,1
802,rival_stochastic_self_play,Nexto,Nexto,Nexto,Rival,1,3,0,1
803,rival_stochastic_self_play,Nexto,Rival,Rival,Nexto,2,2,0,1
804,rival_stochastic_self_play,Rival,Nexto,Rival,Nexto,2,2,0,1
805,rival_stochastic_self_play,Nexto,Nexto,Nexto,Rival,1,3,0,1
806,rival_stochastic_self_play,Nexto,Nexto,Nexto,Rival,1,3,0,1
807,rival_stochastic_self_play,Draw,Rival,Nexto,Nexto,1,2,1,0
808,rival_stochastic_self_play,Rival,Nexto,Nexto,Nexto,1,3,0,1
809,rival_stochastic_self_play,Nexto,Rival,Nexto,Rival,2,2,0,1
810,rival_stochastic_self_play,Rival,Nexto,Nexto,Rival,2,2,0,1
811,rival_stochastic_self_play,Rival,Rival,Rival,Rival,4,0,0,1
812,rival_stochastic_self_play,Rival,Nexto,Nexto,Rival,2,2,0,1
813,rival_stochastic_self_play,Rival,Nexto,Rival,Nexto,2,2,0,1
814,rival_stochastic_self_play,Nexto,Rival,Nexto,Rival,2,2,0,1
815,rival_stochastic_self_play,Rival,Rival,Rival,Nexto,3,1,0,1
816,rival_stochastic_self_play,Nexto,Rival,Rival,Nexto,2,2,0,1
817,rival_stochastic_self_play,Nexto,Rival,Nexto,Rival,2,2,0,1
818,rival_stochastic_self_play,Nexto,Rival,Rival,Nexto,2,2,0,1
819,rival_stochastic_self_play,Nexto,Rival,Rival,Rival,3,1,0,1
820,rival_stochastic_self_play,Rival,Rival,Nexto,Nexto,2,2,0,1
821,rival_stochastic_self_play,Nexto,Rival,Rival,Rival,3,1,0,1
822,rival_stochastic_self_play,Nexto,Rival,Rival,Nexto,2,2,0,1
823,rival_stochastic_self_play,Draw,Draw,Nexto,Nexto,0,2,2,0
824,rival_stochastic_self_play,Rival,Nexto,Nexto,Rival,2,2,0,1
825,rival_stochastic_self_play,Nexto,Rival,Rival,Nexto,2,2,0,1
826,rival_stochastic_self_play,Rival,Rival,Rival,Rival,4,0,0,1
827,rival_stochastic_self_play,Nexto,Rival,Rival,Rival,3,1,0,1
828,rival_stochastic_self_play,Nexto,Nexto,Nexto,Rival,1,3,0,1
829,rival_stochastic_self_play,Nexto,Rival,Nexto,Rival,2,2,0,1
830,rival_stochastic_self_play,Rival,Nexto,Nexto,Rival,2,2,0,1
831,rival_stochastic_self_play,Rival,Rival,Nexto,Rival,3,1,0,1
832,rival_stochastic_self_play,Nexto,Nexto,Nexto,Nexto,0,4,0,1
833,rival_stochastic_self_play,Nexto,Rival,Nexto,Nexto,1,3,0,1
834,rival_stochastic_self_play,Rival,Rival,Nexto,Rival,3,1,0,1
835,rival_stochastic_self_play,Rival,Nexto,Nexto,Rival,2,2,0,1
836,rival_stochastic_self_play,Rival,Rival,Rival,Nexto,3,1,0,1
837,rival_stochastic_self_play,Nexto,Rival,Rival,Nexto,2,2,0,1
838,rival_stochastic_self_play,Nexto,Rival,Nexto,Nexto,1,3,0,1
839,rival_stochastic_self_play,Nexto,Rival,Rival,Nexto,2,2,0,1
840,rival_stochastic_self_play,Nexto,Rival,Nexto,Rival,2,2,0,1
841,rival_stochastic_self_play,Rival,Nexto,Nexto,Rival,2,2,0,1
842,rival_stochastic_self_play,Nexto,Nexto,Nexto,Nexto,0,4,0,1
843,rival_stochastic_self_play,Rival,Nexto,Nexto,Rival,2,2,0,1
844,rival_stochastic_self_play,Rival,Rival,Rival,Rival,4,0,0,1
845,rival_stochastic_self_play,Nexto,Nexto,Nexto,Rival,1,3,0,1
846,rival_stochastic_self_play,Rival,Rival,Nexto,Rival,3,1,0,1
847,rival_stochastic_self_play,Nexto,Rival,Nexto,Nexto,1,3,0,1
848,rival_stochastic_self_play,Nexto,Nexto,Nexto,Rival,1,3,0,1
849,rival_stochastic_self_play,Rival,Nexto,Nexto,Rival,2,2,0,1
850,rival_stochastic_self_play,Rival,Rival,Rival,Nexto,3,1,0,1
851,rival_stochastic_self_play,Rival,Rival,Rival,Rival,4,0,0,1
852,rival_stochastic_self_play,Rival,Rival,Nexto,Rival,3,1,0,1
853,rival_stochastic_self_play,Rival,Rival,Nexto,Nexto,2,2,0,1
854,rival_stochastic_self_play,Rival,Nexto,Nexto,Rival,2,2,0,1
855,rival_stochastic_self_play,Nexto,Draw,Nexto,Nexto,0,3,1,0
856,rival_stochastic_self_play,Nexto,Rival,Nexto,Rival,2,2,0,1
857,rival_stochastic_self_play,Nexto,Nexto,Nexto,Rival,1,3,0,1
858,rival_stochastic_self_play,Nexto,Rival,Rival,Rival,3,1,0,1
859,rival_stochastic_self_play,Nexto,Rival,Rival,Rival,3,1,0,1
860,rival_stochastic_self_play,Rival,Nexto,Nexto,Rival,2,2,0,1
861,rival_stochastic_self_play,Rival,Rival,Draw,Rival,3,0,1,0
862,rival_stochastic_self_play,Rival,Nexto,Nexto,Nexto,1,3,0,1
863,rival_stochastic_self_play,Nexto,Rival,Nexto,Nexto,1,3,0,1
864,rival_stochastic_self_play,Nexto,Nexto,Draw,Rival,1,2,1,0
865,rival_stochastic_self_play,Nexto,Rival,Rival,Nexto,2,2,0,1
866,rival_stochastic_self_play,Nexto,Nexto,Draw,Nexto,0,3,1,0
867,rival_stochastic_self_play,Nexto,Nexto,Nexto,Rival,1,3,0,1
868,rival_stochastic_self_play,Rival,Rival,Rival,Rival,4,0,0,1
869,rival_stochastic_self_play,Nexto,Nexto,Nexto,Rival,1,3,0,1
870,rival_stochastic_self_play,Nexto,Nexto,Nexto,Rival,1,3,0,1
871,rival_stochastic_self_play,Nexto,Rival,Rival,Rival,3,1,0,1
872,rival_stochastic_self_play,Nexto,Nexto,Nexto,Rival,1,3,0,1
873,rival_stochastic_self_play,Draw,Rival,Nexto,Nexto,1,2,1,0
874,rival_stochastic_self_play,Nexto,Nexto,Nexto,Nexto,0,4,0,1
875,rival_stochastic_self_play,Nexto,Rival,Rival,Nexto,2,2,0,1
876,rival_stochastic_self_play,Nexto,Rival,Rival,Nexto,2,2,0,1
877,rival_stochastic_self_play,Nexto,Rival,Nexto,Draw,1,2,1,0
878,rival_stochastic_self_play,Rival,Rival,Nexto,Rival,3,1,0,1
879,rival_stochastic_self_play,Rival,Nexto,Rival,Rival,3,1,0,1
880,rival_stochastic_self_play,Rival,Nexto,Nexto,Nexto,1,3,0,1
881,rival_stochastic_self_play,Nexto,Rival,Rival,Rival,3,1,0,1
882,rival_stochastic_self_play,Nexto,Rival,Nexto,Nexto,1,3,0,1
883,rival_stochastic_self_play,Nexto,Rival,Rival,Nexto,2,2,0,1
884,rival_stochastic_self_play,Rival,Nexto,Nexto,Rival,2,2,0,1
885,rival_stochastic_self_play,Nexto,Rival,Rival,Nexto,2,2,0,1
886,rival_stochastic_self_play,Rival,Rival,Rival,Rival,4,0,0,1
887,rival_stochastic_self_play,Nexto,Rival,Rival,Rival,3,1,0,1
888,rival_stochastic_self_play,Draw,Nexto,Nexto,Nexto,0,3,1,0
889,rival_stochastic_self_play,Nexto,Rival,Nexto,Nexto,1,3,0,1
890,rival_stochastic_self_play,Nexto,Rival,Nexto,Nexto,1,3,0,1
891,rival_stochastic_self_play,Rival,Rival,Nexto,Rival,3,1,0,1
892,rival_stochastic_self_play,Draw,Rival,Nexto,Nexto,1,2,1,0
893,rival_stochastic_self_play,Rival,Rival,Nexto,Rival,3,1,0,1
894,rival_stochastic_self_play,Nexto,Rival,Rival,Nexto,2,2,0,1
895,rival_stochastic_self_play,Nexto,Draw,Nexto,Nexto,0,3,1,0
896,rival_stochastic_self_play,Nexto,Rival,Nexto,Rival,2,2,0,1
897,rival_stochastic_self_play,Nexto,Rival,Nexto,Nexto,1,3,0,1
898,rival_stochastic_self_play,Draw,Rival,Rival,Rival,3,0,1,0
899,rival_stochastic_self_play,Rival,Rival,Nexto,Rival,3,1,0,1
900,rival_stochastic_self_play,Nexto,Nexto,Nexto,Nexto,0,4,0,1
901,rival_stochastic_self_play,Rival,Nexto,Rival,Rival,3,1,0,1
902,rival_stochastic_self_play,Draw,Nexto,Nexto,Rival,1,2,1,0
903,rival_stochastic_self_play,Nexto,Nexto,Nexto,Rival,1,3,0,1
904,rival_stochastic_self_play,Nexto,Nexto,Nexto,Rival,1,3,0,1
905,rival_stochastic_self_play,Nexto,Rival,Rival,Nexto,2,2,0,1
906,rival_stochastic_self_play,Rival,Nexto,Nexto,Rival,2,2,0,1
907,rival_stochastic_self_play,Nexto,Rival,Rival,Nexto,2,2,0,1
908,rival_stochastic_self_play,Rival,Nexto,Nexto,Rival,2,2,0,1
909,rival_stochastic_self_play,Nexto,Nexto,Nexto,Rival,1,3,0,1
910,rival_stochastic_self_play,Draw,Rival,Rival,Nexto,2,1,1,0
911,rival_stochastic_self_play,Nexto,Nexto,Nexto,Nexto,0,4,0,1
912,rival_stochastic_self_play,Nexto,Nexto,Nexto,Nexto,0,4,0,1
913,rival_stochastic_self_play,Nexto,Rival,Nexto,Rival,2,2,0,1
914,rival_stochastic_self_play,Rival,Rival,Rival,Nexto,3,1,0,1
915,rival_stochastic_self_play,Rival,Rival,Rival,Rival,4,0,0,1
916,rival_stochastic_self_play,Nexto,Rival,Rival,Nexto,2,2,0,1
917,rival_stochastic_self_play,Rival,Rival,Nexto,Nexto,2,2,0,1
918,rival_stochastic_self_play,Rival,Rival,Nexto,Rival,3,1,0,1
919,rival_stochastic_self_play,Nexto,Rival,Rival,Rival,3,1,0,1
920,rival_stochastic_self_play,Nexto,Nexto,Nexto,Nexto,0,4,0,1
921,rival_stochastic_self_play,Rival,Nexto,Nexto,Rival,2,2,0,1
922,rival_stochastic_self_play,Nexto,Rival,Rival,Nexto,2,2,0,1
923,rival_stochastic_self_play,Nexto,Rival,Draw,Nexto,1,2,1,0
924,rival_stochastic_self_play,Rival,Rival,Nexto,Rival,3,1,0,1
925,rival_stochastic_self_play,Rival,Rival,Rival,Rival,4,0,0,1
926,rival_stochastic_self_play,Nexto,Rival,Nexto,Rival,2,2,0,1
927,rival_stochastic_self_play,Nexto,Rival,Nexto,Rival,2,2,0,1
928,rival_stochastic_self_play,Rival,Nexto,Nexto,Rival,2,2,0,1
929,rival_stochastic_self_play,Nexto,Rival,Rival,Nexto,2,2,0,1
930,rival_stochastic_self_play,Rival,Nexto,Nexto,Rival,2,2,0,1
931,rival_stochastic_self_play,Rival,Nexto,Nexto,Rival,2,2,0,1
932,rival_stochastic_self_play,Nexto,Rival,Rival,Rival,3,1,0,1
933,rival_stochastic_self_play,Rival,Nexto,Rival,Rival,3,1,0,1
934,rival_stochastic_self_play,Nexto,Nexto,Nexto,Rival,1,3,0,1
935,rival_stochastic_self_play,Rival,Nexto,Nexto,Rival,2,2,0,1
936,rival_stochastic_self_play,Nexto,Rival,Nexto,Rival,2,2,0,1
937,rival_stochastic_self_play,Nexto,Rival,Rival,Nexto,2,2,0,1
938,rival_stochastic_self_play,Nexto,Rival,Nexto,Nexto,1,3,0,1
939,rival_stochastic_self_play,Rival,Nexto,Nexto,Rival,2,2,0,1
940,rival_stochastic_self_play,Nexto,Rival,Nexto,Nexto,1,3,0,1
941,rival_stochastic_self_play,Nexto,Rival,Rival,Nexto,2,2,0,1
942,rival_stochastic_self_play,Nexto,Rival,Rival,Nexto,2,2,0,1
943,rival_stochastic_self_play,Nexto,Rival,Nexto,Rival,2,2,0,1
944,rival_stochastic_self_play,Nexto,Rival,Rival,Rival,3,1,0,1
945,rival_stochastic_self_play,Rival,Rival,Nexto,Rival,3,1,0,1
946,rival_stochastic_self_play,Nexto,Rival,Rival,Nexto,2,2,0,1
947,rival_stochastic_self_play,Nexto,Nexto,Nexto,Rival,1,3,0,1
948,rival_stochastic_self_play,Nexto,Draw,Nexto,Rival,1,2,1,0
949,rival_stochastic_self_play,Nexto,Rival,Rival,Nexto,2,2,0,1
950,rival_stochastic_self_play,Nexto,Rival,Nexto,Nexto,1,3,0,1
951,rival_stochastic_self_play,Nexto,Rival,Rival,Rival,3,1,0,1
952,rival_stochastic_self_play,Rival,Rival,Rival,Rival,4,0,0,1
953,rival_stochastic_self_play,Nexto,Nexto,Nexto,Nexto,0,4,0,1
954,rival_stochastic_self_play,Nexto,Rival,Nexto,Nexto,1,3,0,1
955,rival_stochastic_self_play,Rival,Rival,Nexto,Rival,3,1,0,1
956,rival_stochastic_self_play,Nexto,Rival,Nexto,Rival,2,2,0,1
957,rival_stochastic_self_play,Rival,Nexto,Nexto,Rival,2,2,0,1
958,rival_stochastic_self_play,Nexto,Rival,Rival,Rival,3,1,0,1
959,rival_stochastic_self_play,Nexto,Rival,Rival,Nexto,2,2,0,1
960,rival_stochastic_self_play,Nexto,Nexto,Nexto,Nexto,0,4,0,1
961,rival_stochastic_self_play,Nexto,Rival,Nexto,Nexto,1,3,0,1
962,rival_stochastic_self_play,Rival,Nexto,Nexto,Nexto,1,3,0,1
963,rival_stochastic_self_play,Nexto,Nexto,Nexto,Draw,0,3,1,0
964,rival_stochastic_self_play,Nexto,Rival,Nexto,Rival,2,2,0,1
965,rival_stochastic_self_play,Rival,Rival,Nexto,Nexto,2,2,0,1
966,rival_stochastic_self_play,Nexto,Nexto,Nexto,Rival,1,3,0,1
967,rival_stochastic_self_play,Rival,Rival,Nexto,Nexto,2,2,0,1
968,rival_stochastic_self_play,Rival,Rival,Rival,Nexto,3,1,0,1
969,rival_stochastic_self_play,Rival,Nexto,Nexto,Rival,2,2,0,1
970,rival_stochastic_self_play,Rival,Nexto,Nexto,Rival,2,2,0,1
971,rival_stochastic_self_play,Nexto,Rival,Nexto,Nexto,1,3,0,1
972,rival_stochastic_self_play,Nexto,Rival,Rival,Nexto,2,2,0,1
973,rival_stochastic_self_play,Nexto,Rival,Nexto,Rival,2,2,0,1
974,rival_stochastic_self_play,Nexto,Nexto,Nexto,Rival,1,3,0,1
975,rival_stochastic_self_play,Nexto,Rival,Nexto,Rival,2,2,0,1
976,rival_stochastic_self_play,Rival,Rival,Nexto,Nexto,2,2,0,1
977,rival_stochastic_self_play,Rival,Nexto,Nexto,Rival,2,2,0,1
978,rival_stochastic_self_play,Nexto,Rival,Rival,Nexto,2,2,0,1
979,rival_stochastic_self_play,Nexto,Nexto,Nexto,Nexto,0,4,0,1
980,rival_stochastic_self_play,Nexto,Rival,Rival,Rival,3,1,0,1
981,rival_stochastic_self_play,Nexto,Nexto,Nexto,Nexto,0,4,0,1
982,rival_stochastic_self_play,Nexto,Rival,Rival,Rival,3,1,0,1
983,rival_stochastic_self_play,Nexto,Rival,Rival,Nexto,2,2,0,1
984,rival_stochastic_self_play,Nexto,Rival,Rival,Nexto,2,2,0,1
985,rival_stochastic_self_play,Rival,Nexto,Nexto,Draw,1,2,1,0
986,rival_stochastic_self_play,Rival,Rival,Rival,Rival,4,0,0,1
987,rival_stochastic_self_play,Nexto,Rival,Draw,Nexto,1,2,1,0
988,rival_stochastic_self_play,Nexto,Rival,Rival,Nexto,2,2,0,1
989,rival_stochastic_self_play,Nexto,Rival,Nexto,Rival,2,2,0,1
990,rival_stochastic_self_play,Rival,Rival,Rival,Nexto,3,1,0,1
991,rival_stochastic_self_play,Nexto,Rival,Rival,Nexto,2,2,0,1
992,rival_stochastic_self_play,Nexto,Rival,Rival,Rival,3,1,0,1
993,rival_stochastic_self_play,Nexto,Rival,Nexto,Rival,2,2,0,1
994,rival_stochastic_self_play,Nexto,Nexto,Nexto,Nexto,0,4,0,1
995,rival_stochastic_self_play,Nexto,Rival,Nexto,Nexto,1,3,0,1
996,rival_stochastic_self_play,Nexto,Draw,Nexto,Nexto,0,3,1,0
997,rival_stochastic_self_play,Rival,Nexto,Nexto,Rival,2,2,0,1
998,rival_stochastic_self_play,Nexto,Rival,Nexto,Rival,2,2,0,1
999,rival_stochastic_self_play,Rival,Rival,Rival,Rival,4,0,0,1
1000,rival_stochastic_self_play,Rival,Nexto,Nexto,Rival,2,2,0,1
1001,rival_stochastic_self_play,Rival,Rival,Nexto,Rival,3,1,0,1
1002,rival_stochastic_self_play,Nexto,Rival,Rival,Nexto,2,2,0,1
1003,rival_stochastic_self_play,Rival,Nexto,Nexto,Rival,2,2,0,1
1004,rival_stochastic_self_play,Nexto,Rival,Rival,Nexto,2,2,0,1
1005,rival_stochastic_self_play,Nexto,Nexto,Nexto,Rival,1,3,0,1
1006,rival_stochastic_self_play,Nexto,Rival,Rival,Nexto,2,2,0,1
1007,rival_stochastic_self_play,Nexto,Rival,Nexto,Rival,2,2,0,1
1008,rival_stochastic_self_play,Nexto,Nexto,Nexto,Rival,1,3,0,1
1009,rival_stochastic_self_play,Nexto,Nexto,Nexto,Nexto,0,4,0,1
1010,rival_stochastic_self_play,Nexto,Rival,Nexto,Nexto,1,3,0,1
1011,rival_stochastic_self_play,Rival,Nexto,Nexto,Rival,2,2,0,1
1012,rival_stochastic_self_play,Nexto,Rival,Rival,Rival,3,1,0,1
1013,rival_stochastic_self_play,Nexto,Nexto,Nexto,Nexto,0,4,0,1
1014,rival_stochastic_self_play,Nexto,Rival,Nexto,Rival,2,2,0,1
1015,rival_stochastic_self_play,Nexto,Rival,Nexto,Nexto,1,3,0,1
1016,rival_stochastic_self_play,Nexto,Draw,Rival,Nexto,1,2,1,0
1017,rival_stochastic_self_play,Rival,Nexto,Nexto,Rival,2,2,0,1
1018,rival_stochastic_self_play,Draw,Rival,Rival,Nexto,2,1,1,0
1019,rival_stochastic_self_play,Rival,Rival,Rival,Nexto,3,1,0,1
1020,rival_stochastic_self_play,Rival,Rival,Rival,Rival,4,0,0,1
1021,rival_stochastic_self_play,Nexto,Rival,Rival,Nexto,2,2,0,1
1022,rival_stochastic_self_play,Nexto,Nexto,Nexto,Nexto,0,4,0,1
1023,rival_stochastic_self_play,Nexto,Rival,Rival,Nexto,2,2,0,1
1024,rival_stochastic_self_play,Nexto,Rival,Rival,Nexto,2,2,0,1
1025,rival_stochastic_self_play,Nexto,Rival,Rival,Nexto,2,2,0,1
1026,rival_stochastic_self_play,Rival,Nexto,Nexto,Rival,2,2,0,1
1027,rival_stochastic_self_play,Nexto,Nexto,Rival,Nexto,1,3,0,1
1028,rival_stochastic_self_play,Nexto,Nexto,Rival,Rival,2,2,0,1
1029,rival_stochastic_self_play,Rival,Nexto,Nexto,Rival,2,2,0,1
1030,rival_stochastic_self_play,Rival,Nexto,Nexto,Rival,2,2,0,1
1031,rival_stochastic_self_play,Rival,Rival,Rival,Rival,4,0,0,1
1032,rival_stochastic_self_play,Nexto,Nexto,Rival,Rival,2,2,0,1
1033,rival_stochastic_self_play,Rival,Rival,Rival,Rival,4,0,0,1
1034,rival_stochastic_self_play,Draw,Nexto,Rival,Nexto,1,2,1,0
1035,rival_stochastic_self_play,Nexto,Rival,Nexto,Nexto,1,3,0,1
1036,rival_stochastic_self_play,Rival,Nexto,Nexto,Rival,2,2,0,1
1037,rival_stochastic_self_play,Rival,Rival,Nexto,Rival,3,1,0,1
1038,rival_stochastic_self_play,Rival,Rival,Rival,Rival,4,0,0,1
1039,rival_stochastic_self_play,Nexto,Rival,Rival,Nexto,2,2,0,1
1040,rival_stochastic_self_play,Nexto,Rival,Nexto,Rival,2,2,0,1
1041,rival_stochastic_self_play,Nexto,Nexto,Rival,Nexto,1,3,0,1
1042,rival_stochastic_self_play,Nexto,Nexto,Rival,Rival,2,2,0,1
1043,rival_stochastic_self_play,Nexto,Rival,Rival,Nexto,2,2,0,1
1044,rival_stochastic_self_play,Nexto,Rival,Rival,Nexto,2,2,0,1
1045,rival_stochastic_self_play,Nexto,Nexto,Nexto,Nexto,0,4,0,1
1046,rival_stochastic_self_play,Nexto,Nexto,Nexto,Nexto,0,4,0,1
1047,rival_stochastic_self_play,Draw,Rival,Rival,Rival,3,0,1,0
1048,rival_stochastic_self_play,Nexto,Nexto,Nexto,Rival,1,3,0,1
1049,rival_stochastic_self_play,Nexto,Rival,Rival,Nexto,2,2,0,1
1050,rival_stochastic_self_play,Draw,Rival,Nexto,Rival,2,1,1,0
1051,rival_stochastic_self_play,Nexto,Rival,Rival,Rival,3,1,0,1
1052,rival_stochastic_self_play,Rival,Rival,Rival,Rival,4,0,0,1
1053,rival_stochastic_self_play,Nexto,Rival,Nexto,Nexto,1,3,0,1
1054,rival_stochastic_self_play,Rival,Rival,Rival,Rival,4,0,0,1
1055,rival_stochastic_self_play,Rival,Nexto,Draw,Rival,2,1,1,0
1056,rival_stochastic_self_play,Nexto,Rival,Rival,Rival,3,1,0,1
1057,rival_stochastic_self_play,Nexto,Nexto,Nexto,Nexto,0,4,0,1
1058,rival_stochastic_self_play,Nexto,Nexto,Nexto,Nexto,0,4,0,1
1059,rival_stochastic_self_play,Rival,Rival,Rival,Nexto,3,1,0,1
1060,rival_stochastic_self_play,Rival,Rival,Rival,Nexto,3,1,0,1
1061,rival_stochastic_self_play,Nexto,Rival,Rival,Nexto,2,2,0,1
1062,rival_stochastic_self_play,Nexto,Rival,Nexto,Nexto,1,3,0,1
1063,rival_stochastic_self_play,Nexto,Rival,Rival,Nexto,2,2,0,1
1064,rival_stochastic_self_play,Nexto,Rival,Rival,Nexto,2,2,0,1
1065,rival_stochastic_self_play,Rival,Rival,Nexto,Rival,3,1,0,1
1066,rival_stochastic_self_play,Nexto,Rival,Rival,Nexto,2,2,0,1
1067,rival_stochastic_self_play,Rival,Nexto,Nexto,Rival,2,2,0,1
1068,rival_stochastic_self_play,Nexto,Nexto,Nexto,Draw,0,3,1,0
1069,rival_stochastic_self_play,Nexto,Rival,Rival,Nexto,2,2,0,1
1070,rival_stochastic_self_play,Nexto,Rival,Rival,Nexto,2,2,0,1
1071,rival_stochastic_self_play,Nexto,Nexto,Draw,Nexto,0,3,1,0
1072,rival_stochastic_self_play,Rival,Nexto,Nexto,Rival,2,2,0,1
1073,rival_stochastic_self_play,Rival,Nexto,Nexto,Rival,2,2,0,1
1074,rival_stochastic_self_play,Nexto,Rival,Rival,Nexto,2,2,0,1
1075,rival_stochastic_self_play,Rival,Nexto,Nexto,Rival,2,2,0,1
1076,rival_stochastic_self_play,Rival,Rival,Rival,Nexto,3,1,0,1
1077,rival_stochastic_self_play,Nexto,Rival,Draw,Nexto,1,2,1,0
1078,rival_stochastic_self_play,Draw,Nexto,Nexto,Nexto,0,3,1,0
1079,rival_stochastic_self_play,Nexto,Nexto,Nexto,Nexto,0,4,0,1
1080,rival_stochastic_self_play,Nexto,Rival,Rival,Nexto,2,2,0,1
1081,rival_stochastic_self_play,Rival,Nexto,Nexto,Rival,2,2,0,1
1082,rival_stochastic_self_play,Nexto,Rival,Rival,Nexto,2,2,0,1
1083,rival_stochastic_self_play,Rival,Rival,Rival,Rival,4,0,0,1
1084,rival_stochastic_self_play,Nexto,Nexto,Rival,Nexto,1,3,0,1
1085,rival_stochastic_self_play,Draw,Rival,Rival,Rival,3,0,1,0
1086,rival_stochastic_self_play,Nexto,Nexto,Nexto,Nexto,0,4,0,1
1087,rival_stochastic_self_play,Rival,Nexto,Nexto,Rival,2,2,0,1
1088,rival_stochastic_self_play,Nexto,Rival,Rival,Nexto,2,2,0,1
1089,rival_stochastic_self_play,Rival,Rival,Nexto,Rival,3,1,0,1
1090,rival_stochastic_self_play,Nexto,Rival,Rival,Nexto,2,2,0,1
1091,rival_stochastic_self_play,Rival,Rival,Nexto,Nexto,2,2,0,1
1092,rival_stochastic_self_play,Nexto,Nexto,Nexto,Nexto,0,4,0,1
1093,rival_stochastic_self_play,Rival,Nexto,Nexto,Rival,2,2,0,1
1094,rival_stochastic_self_play,Rival,Rival,Nexto,Rival,3,1,0,1
1095,rival_stochastic_self_play,Nexto,Rival,Rival,Nexto,2,2,0,1
1096,rival_stochastic_self_play,Nexto,Nexto,Nexto,Rival,1,3,0,1
1097,rival_stochastic_self_play,Nexto,Nexto,Nexto,Nexto,0,4,0,1
1098,rival_stochastic_self_play,Nexto,Rival,Nexto,Nexto,1,3,0,1
1099,rival_stochastic_self_play,Rival,Nexto,Nexto,Rival,2,2,0,1
1100,rival_stochastic_self_play,Draw,Rival,Rival,Rival,3,0,1,0
1101,rival_stochastic_self_play,Nexto,Rival,Rival,Rival,3,1,0,1
1102,rival_stochastic_self_play,Nexto,Rival,Draw,Draw,1,1,2,0
1103,rival_stochastic_self_play,Rival,Nexto,Rival,Rival,3,1,0,1
1104,rival_stochastic_self_play,Rival,Nexto,Nexto,Nexto,1,3,0,1
1105,rival_stochastic_self_play,Nexto,Rival,Rival,Nexto,2,2,0,1
1106,rival_stochastic_self_play,Draw,Rival,Rival,Draw,2,0,2,0
1107,rival_stochastic_self_play,Rival,Rival,Rival,Rival,4,0,0,1
1108,rival_stochastic_self_play,Nexto,Rival,Rival,Rival,3,1,0,1
1109,rival_stochastic_self_play,Nexto,Rival,Nexto,Nexto,1,3,0,1
1110,rival_stochastic_self_play,Rival,Nexto,Rival,Nexto,2,2,0,1
1111,rival_stochastic_self_play,Rival,Rival,Nexto,Rival,3,1,0,1
1112,rival_stochastic_self_play,Nexto,Rival,Rival,Nexto,2,2,0,1
1113,rival_stochastic_self_play,Nexto,Rival,Nexto,Rival,2,2,0,1
1114,rival_stochastic_self_play,Nexto,Rival,Rival,Nexto,2,2,0,1
1115,rival_stochastic_self_play,Rival,Nexto,Nexto,Rival,2,2,0,1
1116,rival_stochastic_self_play,Nexto,Rival,Nexto,Nexto,1,3,0,1
1117,rival_stochastic_self_play,Rival,Rival,Rival,Nexto,3,1,0,1
1118,rival_stochastic_self_play,Rival,Nexto,Nexto,Rival,2,2,0,1
1119,rival_stochastic_self_play,Rival,Nexto,Rival,Rival,3,1,0,1
1120,rival_stochastic_self_play,Nexto,Nexto,Nexto,Rival,1,3,0,1
1121,rival_stochastic_self_play,Rival,Rival,Rival,Nexto,3,1,0,1
1122,rival_stochastic_self_play,Nexto,Rival,Rival,Rival,3,1,0,1
1123,rival_stochastic_self_play,Nexto,Rival,Rival,Nexto,2,2,0,1
1124,rival_stochastic_self_play,Rival,Rival,Rival,Rival,4,0,0,1
1125,rival_stochastic_self_play,Nexto,Nexto,Nexto,Nexto,0,4,0,1
1126,rival_stochastic_self_play,Rival,Nexto,Nexto,Rival,2,2,0,1
1127,rival_stochastic_self_play,Rival,Rival,Nexto,Rival,3,1,0,1
1128,rival_stochastic_self_play,Nexto,Nexto,Nexto,Rival,1,3,0,1
1129,rival_stochastic_self_play,Nexto,Rival,Rival,Rival,3,1,0,1
1130,rival_stochastic_self_play,Nexto,Rival,Rival,Nexto,2,2,0,1
1131,rival_stochastic_self_play,Rival,Rival,Rival,Nexto,3,1,0,1
1132,rival_stochastic_self_play,Rival,Rival,Nexto,Rival,3,1,0,1
1133,rival_stochastic_self_play,Nexto,Rival,Nexto,Rival,2,2,0,1
1134,rival_stochastic_self_play,Nexto,Rival,Nexto,Nexto,1,3,0,1
1135,rival_stochastic_self_play,Rival,Rival,Rival,Rival,4,0,0,1
1136,rival_stochastic_self_play,Nexto,Rival,Nexto,Rival,2,2,0,1
1137,rival_stochastic_self_play,Nexto,Rival,Rival,Rival,3,1,0,1
1138,rival_stochastic_self_play,Nexto,Rival,Nexto,Rival,2,2,0,1
1139,rival_stochastic_self_play,Nexto,Nexto,Nexto,Rival,1,3,0,1
1140,rival_stochastic_self_play,Rival,Rival,Nexto,Rival,3,1,0,1
1141,rival_stochastic_self_play,Draw,Nexto,Nexto,Rival,1,2,1,0
1142,rival_stochastic_self_play,Rival,Nexto,Rival,Rival,3,1,0,1
1143,rival_stochastic_self_play,Nexto,Rival,Rival,Nexto,2,2,0,1
1144,rival_stochastic_self_play,Rival,Nexto,Nexto,Rival,2,2,0,1
1145,rival_stochastic_self_play,Nexto,Nexto,Nexto,Rival,1,3,0,1
1146,rival_stochastic_self_play,Rival,Nexto,Rival,Rival,3,1,0,1
1147,rival_stochastic_self_play,Rival,Nexto,Nexto,Rival,2,2,0,1
1148,rival_stochastic_self_play,Nexto,Rival,Rival,Nexto,2,2,0,1
1149,rival_stochastic_self_play,Nexto,Rival,Nexto,Nexto,1,3,0,1
1150,rival_stochastic_self_play,Rival,Rival,Rival,Nexto,3,1,0,1
1151,rival_stochastic_self_play,Rival,Rival,Rival,Rival,4,0,0,1
1152,rival_stochastic_self_play,Nexto,Nexto,Nexto,Draw,0,3,1,0
1153,rival_stochastic_self_play,Rival,Rival,Nexto,Rival,3,1,0,1
1154,rival_stochastic_self_play,Nexto,Nexto,Nexto,Rival,1,3,0,1
1155,rival_stochastic_self_play,Rival,Nexto,Nexto,Rival,2,2,0,1
1156,rival_stochastic_self_play,Nexto,Rival,Rival,Nexto,2,2,0,1
1157,rival_stochastic_self_play,Rival,Rival,Rival,Rival,4,0,0,1
1158,rival_stochastic_self_play,Nexto,Rival,Nexto,Rival,2,2,0,1
1159,rival_stochastic_self_play,Nexto,Nexto,Nexto,Nexto,0,4,0,1
1160,rival_stochastic_self_play,Rival,Nexto,Nexto,Rival,2,2,0,1
1161,rival_stochastic_self_play,Nexto,Draw,Nexto,Nexto,0,3,1,0
1162,rival_stochastic_self_play,Rival,Rival,Nexto,Rival,3,1,0,1
1163,rival_stochastic_self_play,Nexto,Rival,Nexto,Nexto,1,3,0,1
1164,rival_stochastic_self_play,Nexto,Rival,Nexto,Nexto,1,3,0,1
1165,rival_stochastic_self_play,Nexto,Nexto,Nexto,Rival,1,3,0,1
1166,rival_stochastic_self_play,Nexto,Rival,Rival,Rival,3,1,0,1
1167,rival_stochastic_self_play,Rival,Nexto,Rival,Rival,3,1,0,1
1168,rival_stochastic_self_play,Nexto,Rival,Rival,Nexto,2,2,0,1
1169,rival_stochastic_self_play,Nexto,Rival,Rival,Nexto,2,2,0,1
1170,rival_stochastic_self_play,Rival,Nexto,Nexto,Nexto,1,3,0,1
1171,rival_stochastic_self_play,Rival,Rival,Rival,Nexto,3,1,0,1
1172,rival_stochastic_self_play,Nexto,Rival,Draw,Rival,2,1,1,0
1173,rival_stochastic_self_play,Rival,Rival,Rival,Nexto,3,1,0,1
1174,rival_stochastic_self_play,Rival,Rival,Nexto,Rival,3,1,0,1
1175,rival_stochastic_self_play,Rival,Rival,Rival,Rival,4,0,0,1
1176,rival_stochastic_self_play,Draw,Rival,Nexto,Nexto,1,2,1,0
1177,rival_stochastic_self_play,Nexto,Rival,Rival,Rival,3,1,0,1
1178,rival_stochastic_self_play,Rival,Nexto,Nexto,Rival,2,2,0,1
1179,rival_stochastic_self_play,Nexto,Rival,Rival,Nexto,2,2,0,1
1180,rival_stochastic_self_play,Nexto,Rival,Rival,Nexto,2,2,0,1
1181,rival_stochastic_self_play,Nexto,Rival,Rival,Nexto,2,2,0,1
1182,rival_stochastic_self_play,Rival,Nexto,Nexto,Rival,2,2,0,1
1183,rival_stochastic_self_play,Nexto,Rival,Nexto,Nexto,1,3,0,1
1184,rival_stochastic_self_play,Rival,Nexto,Nexto,Rival,2,2,0,1
1185,rival_stochastic_self_play,Rival,Rival,Nexto,Nexto,2,2,0,1
1186,rival_stochastic_self_play,Rival,Rival,Rival,Nexto,3,1,0,1
1187,rival_stochastic_self_play,Nexto,Rival,Rival,Rival,3,1,0,1
1188,rival_stochastic_self_play,Nexto,Rival,Nexto,Rival,2,2,0,1
1189,rival_stochastic_self_play,Rival,Rival,Nexto,Nexto,2,2,0,1
1190,rival_stochastic_self_play,Rival,Rival,Nexto,Draw,2,1,1,0
1191,rival_stochastic_self_play,Nexto,Rival,Nexto,Nexto,1,3,0,1
1192,rival_stochastic_self_play,Rival,Nexto,Nexto,Draw,1,2,1,0
1193,rival_stochastic_self_play,Nexto,Rival,Nexto,Nexto,1,3,0,1
1194,rival_stochastic_self_play,Nexto,Nexto,Nexto,Rival,1,3,0,1
1195,rival_stochastic_self_play,Rival,Rival,Rival,Rival,4,0,0,1
1196,rival_stochastic_self_play,Rival,Nexto,Nexto,Rival,2,2,0,1
1197,rival_stochastic_self_play,Nexto,Nexto,Rival,Nexto,1,3,0,1
1198,rival_stochastic_self_play,Rival,Nexto,Nexto,Rival,2,2,0,1
1199,rival_stochastic_self_play,Nexto,Rival,Rival,Nexto,2,2,0,1
1200,rival_stochastic_self_play,Nexto,Rival,Nexto,Draw,1,2,1,0
1201,rival_stochastic_self_play,Rival,Nexto,Nexto,Nexto,1,3,0,1
1202,rival_stochastic_self_play,Rival,Nexto,Draw,Rival,2,1,1,0
1203,rival_stochastic_self_play,Rival,Rival,Rival,Nexto,3,1,0,1
1204,rival_stochastic_self_play,Rival,Nexto,Nexto,Nexto,1,3,0,1
1205,rival_stochastic_self_play,Nexto,Rival,Rival,Nexto,2,2,0,1
1206,rival_stochastic_self_play,Rival,Rival,Nexto,Nexto,2,2,0,1
1207,rival_stochastic_self_play,Rival,Rival,Rival,Nexto,3,1,0,1
1208,rival_stochastic_self_play,Rival,Rival,Nexto,Rival,3,1,0,1
1209,rival_stochastic_self_play,Rival,Rival,Rival,Rival,4,0,0,1
1210,rival_stochastic_self_play,Nexto,Rival,Rival,Rival,3,1,0,1
1211,rival_stochastic_self_play,Rival,Nexto,Nexto,Rival,2,2,0,1
1212,rival_stochastic_self_play,Nexto,Rival,Rival,Nexto,2,2,0,1
1213,rival_stochastic_self_play,Rival,Nexto,Nexto,Rival,2,2,0,1
1214,rival_stochastic_self_play,Nexto,Nexto,Nexto,Rival,1,3,0,1
1215,rival_stochastic_self_play,Nexto,Nexto,Nexto,Nexto,0,4,0,1
1216,rival_stochastic_self_play,Nexto,Rival,Rival,Rival,3,1,0,1
1217,rival_stochastic_self_play,Draw,Nexto,Rival,Nexto,1,2,1,0
1218,rival_stochastic_self_play,Rival,Nexto,Nexto,Rival,2,2,0,1
1219,rival_stochastic_self_play,Rival,Rival,Rival,Rival,4,0,0,1
1220,rival_stochastic_self_play,Nexto,Rival,Rival,Rival,3,1,0,1
1221,rival_stochastic_self_play,Rival,Draw,Nexto,Nexto,1,2,1,0
1222,rival_stochastic_self_play,Nexto,Rival,Rival,Nexto,2,2,0,1
1223,rival_stochastic_self_play,Nexto,Nexto,Nexto,Rival,1,3,0,1
1224,rival_stochastic_self_play,Rival,Rival,Rival,Rival,4,0,0,1
1225,rival_stochastic_self_play,Nexto,Nexto,Nexto,Nexto,0,4,0,1
1226,rival_stochastic_self_play,Nexto,Nexto,Nexto,Nexto,0,4,0,1
1227,rival_stochastic_self_play,Rival,Nexto,Rival,Rival,3,1,0,1
1228,rival_stochastic_self_play,Nexto,Draw,Nexto,Rival,1,2,1,0
1229,rival_stochastic_self_play,Nexto,Rival,Rival,Nexto,2,2,0,1
1230,rival_stochastic_self_play,Nexto,Rival,Rival,Nexto,2,2,0,1
1231,rival_stochastic_self_play,Nexto,Rival,Nexto,Rival,2,2,0,1
1232,rival_stochastic_self_play,Nexto,Rival,Rival,Rival,3,1,0,1
1233,rival_stochastic_self_play,Nexto,Rival,Rival,Rival,3,1,0,1
1234,rival_stochastic_self_play,Rival,Rival,Rival,Rival,4,0,0,1
1235,rival_stochastic_self_play,Nexto,Rival,Nexto,Nexto,1,3,0,1
1236,rival_stochastic_self_play,Nexto,Draw,Nexto,Rival,1,2,1,0
1237,rival_stochastic_self_play,Nexto,Rival,Nexto,Nexto,1,3,0,1
1238,rival_stochastic_self_play,Rival,Nexto,Nexto,Rival,2,2,0,1
1239,rival_stochastic_self_play,Rival,Rival,Nexto,Rival,3,1,0,1
1240,rival_stochastic_self_play,Rival,Nexto,Rival,Rival,3,1,0,1
1241,rival_stochastic_self_play,Nexto,Rival,Rival,Nexto,2,2,0,1
1242,rival_stochastic_self_play,Rival,Rival,Nexto,Nexto,2,2,0,1
1243,rival_stochastic_self_play,Nexto,Rival,Rival,Rival,3,1,0,1
1244,rival_stochastic_self_play,Rival,Rival,Rival,Nexto,3,1,0,1
1245,rival_stochastic_self_play,Nexto,Nexto,Nexto,Nexto,0,4,0,1
1246,rival_stochastic_self_play,Nexto,Rival,Nexto,Rival,2,2,0,1
1247,rival_stochastic_self_play,Rival,Rival,Rival,Rival,4,0,0,1
1248,rival_stochastic_self_play,Rival,Nexto,Nexto,Rival,2,2,0,1
1249,rival_stochastic_self_play,Nexto,Rival,Rival,Nexto,2,2,0,1
1250,rival_stochastic_self_play,Nexto,Rival,Rival,Nexto,2,2,0,1
1251,rival_stochastic_self_play,Rival,Rival,Rival,Rival,4,0,0,1
1252,rival_stochastic_self_play,Draw,Rival,Nexto,Nexto,1,2,1,0
1253,rival_stochastic_self_play,Rival,Nexto,Nexto,Rival,2,2,0,1
1254,rival_stochastic_self_play,Nexto,Rival,Rival,Nexto,2,2,0,1
1255,rival_stochastic_self_play,Nexto,Nexto,Rival,Rival,2,2,0,1
1256,rival_stochastic_self_play,Nexto,Nexto,Nexto,Rival,1,3,0,1
1257,rival_stochastic_self_play,Nexto,Nexto,Draw,Nexto,0,3,1,0
1258,rival_stochastic_self_play,Nexto,Nexto,Draw,Nexto,0,3,1,0
1259,rival_stochastic_self_play,Nexto,Rival,Rival,Nexto,2,2,0,1
1260,rival_stochastic_self_play,Nexto,Nexto,Rival,Nexto,1,3,0,1
1261,rival_stochastic_self_play,Rival,Rival,Rival,Rival,4,0,0,1
1262,rival_stochastic_self_play,Nexto,Rival,Rival,Rival,3,1,0,1
1263,rival_stochastic_self_play,Nexto,Nexto,Nexto,Nexto,0,4,0,1
1264,rival_stochastic_self_play,Rival,Rival,Nexto,Rival,3,1,0,1
1265,rival_stochastic_self_play,Nexto,Rival,Nexto,Nexto,1,3,0,1
1266,rival_stochastic_self_play,Rival,Nexto,Nexto,Rival,2,2,0,1
1267,rival_stochastic_self_play,Nexto,Nexto,Nexto,Rival,1,3,0,1
1268,rival_stochastic_self_play,Rival,Rival,Rival,Rival,4,0,0,1
1269,rival_stochastic_self_play,Rival,Rival,Rival,Nexto,3,1,0,1
1270,rival_stochastic_self_play,Nexto,Rival,Rival,Nexto,2,2,0,1
1271,rival_stochastic_self_play,Nexto,Nexto,Nexto,Nexto,0,4,0,1
1272,rival_stochastic_self_play,Nexto,Rival,Rival,Rival,3,1,0,1
1273,rival_stochastic_self_play,Nexto,Rival,Rival,Nexto,2,2,0,1
1274,rival_stochastic_self_play,Rival,Nexto,Nexto,Rival,2,2,0,1
1275,rival_stochastic_self_play,Rival,Nexto,Nexto,Rival,2,2,0,1
1276,rival_stochastic_self_play,Nexto,Nexto,Nexto,Nexto,0,4,0,1
1277,rival_stochastic_self_play,Rival,Rival,Rival,Rival,4,0,0,1
1278,rival_stochastic_self_play,Rival,Rival,Rival,Rival,4,0,0,1
1279,rival_stochastic_self_play,Rival,Nexto,Nexto,Rival,2,2,0,1
1280,rival_stochastic_self_play,Nexto,Nexto,Nexto,Rival,1,3,0,1
1281,rival_stochastic_self_play,Nexto,Rival,Nexto,Nexto,1,3,0,1
1282,rival_stochastic_self_play,Rival,Rival,Nexto,Rival,3,1,0,1
1283,rival_stochastic_self_play,Nexto,Rival,Rival,Nexto,2,2,0,1
1284,rival_stochastic_self_play,Rival,Rival,Nexto,Draw,2,1,1,0
1285,rival_stochastic_self_play,Nexto,Nexto,Rival,Nexto,1,3,0,1
1286,rival_stochastic_self_play,Nexto,Rival,Rival,Nexto,2,2,0,1
1287,rival_stochastic_self_play,Rival,Nexto,Nexto,Rival,2,2,0,1
1288,rival_stochastic_self_play,Draw,Nexto,Draw,Rival,1,1,2,0
1289,rival_stochastic_self_play,Nexto,Rival,Rival,Nexto,2,2,0,1
1290,rival_stochastic_self_play,Nexto,Rival,Rival,Rival,3,1,0,1
1291,rival_stochastic_self_play,Nexto,Rival,Nexto,Nexto,1,3,0,1
1292,rival_stochastic_self_play,Nexto,Nexto,Nexto,Rival,1,3,0,1
1293,rival_stochastic_self_play,Nexto,Rival,Rival,Nexto,2,2,0,1
1294,rival_stochastic_self_play,Nexto,Nexto,Rival,Nexto,1,3,0,1
1295,rival_stochastic_self_play,Nexto,Nexto,Nexto,Rival,1,3,0,1
1296,rival_stochastic_self_play,Nexto,Nexto,Nexto,Rival,1,3,0,1
1297,rival_stochastic_self_play,Rival,Rival,Rival,Rival,4,0,0,1
1298,rival_stochastic_self_play,Rival,Nexto,Nexto,Rival,2,2,0,1
1299,rival_stochastic_self_play,Nexto,Rival,Nexto,Rival,2,2,0,1
1300,rival_stochastic_self_play,Rival,Nexto,Nexto,Rival,2,2,0,1
1301,rival_stochastic_self_play,Nexto,Rival,Rival,Nexto,2,2,0,1
1302,rival_stochastic_self_play,Nexto,Rival,Rival,Rival,3,1,0,1
1303,rival_stochastic_self_play,Nexto,Nexto,Nexto,Nexto,0,4,0,1
1304,rival_stochastic_self_play,Rival,Nexto,Nexto,Rival,2,2,0,1
1305,rival_stochastic_self_play,Nexto,Rival,Nexto,Nexto,1,3,0,1
1306,rival_stochastic_self_play,Rival,Nexto,Nexto,Rival,2,2,0,1
1307,rival_stochastic_self_play,Nexto,Rival,Nexto,Rival,2,2,0,1
1308,rival_stochastic_self_play,Nexto,Nexto,Nexto,Rival,1,3,0,1
1309,rival_stochastic_self_play,Rival,Rival,Nexto,Rival,3,1,0,1
1310,rival_stochastic_self_play,Nexto,Nexto,Nexto,Nexto,0,4,0,1
1311,rival_stochastic_self_play,Rival,Nexto,Nexto,Rival,2,2,0,1
1312,rival_stochastic_self_play,Nexto,Rival,Rival,Nexto,2,2,0,1
1313,rival_stochastic_self_play,Nexto,Nexto,Rival,Nexto,1,3,0,1
1314,rival_stochastic_self_play,Nexto,Rival,Rival,Rival,3,1,0,1
1315,rival_stochastic_self_play,Rival,Rival,Rival,Rival,4,0,0,1
1316,rival_stochastic_self_play,Nexto,Nexto,Rival,Nexto,1,3,0,1
1317,rival_stochastic_self_play,Nexto,Nexto,Nexto,Nexto,0,4,0,1
1318,rival_stochastic_self_play,Rival,Nexto,Nexto,Rival,2,2,0,1
1319,rival_stochastic_self_play,Nexto,Nexto,Nexto,Nexto,0,4,0,1
1320,rival_stochastic_self_play,Nexto,Rival,Rival,Rival,3,1,0,1
1321,rival_stochastic_self_play,Rival,Nexto,Nexto,Rival,2,2,0,1
1322,rival_stochastic_self_play,Nexto,Nexto,Nexto,Nexto,0,4,0,1
1323,rival_stochastic_self_play,Nexto,Rival,Rival,Rival,3,1,0,1
1324,rival_stochastic_self_play,Rival,Rival,Nexto,Rival,3,1,0,1
1325,rival_stochastic_self_play,Nexto,Draw,Nexto,Nexto,0,3,1,0
1326,rival_stochastic_self_play,Nexto,Rival,Nexto,Rival,2,2,0,1
1327,rival_stochastic_self_play,Nexto,Rival,Nexto,Rival,2,2,0,1
1328,rival_stochastic_self_play,Nexto,Nexto,Rival,Nexto,1,3,0,1
1329,rival_stochastic_self_play,Rival,Rival,Nexto,Rival,3,1,0,1
1330,rival_stochastic_self_play,Rival,Rival,Nexto,Rival,3,1,0,1
1331,rival_stochastic_self_play,Rival,Rival,Rival,Rival,4,0,0,1
1332,rival_stochastic_self_play,Nexto,Rival,Nexto,Rival,2,2,0,1
1333,rival_stochastic_self_play,Rival,Nexto,Nexto,Rival,2,2,0,1
1334,rival_stochastic_self_play,Rival,Rival,Rival,Nexto,3,1,0,1
1335,rival_stochastic_self_play,Nexto,Nexto,Nexto,Rival,1,3,0,1
1336,rival_stochastic_self_play,Nexto,Rival,Rival,Rival,3,1,0,1
1337,rival_stochastic_self_play,Rival,Nexto,Rival,Rival,3,1,0,1
1338,rival_stochastic_self_play,Nexto,Rival,Rival,Rival,3,1,0,1
1339,rival_stochastic_self_play,Rival,Nexto,Nexto,Rival,2,2,0,1
1340,rival_stochastic_self_play,Nexto,Nexto,Nexto,Rival,1,3,0,1
1341,rival_stochastic_self_play,Nexto,Nexto,Nexto,Rival,1,3,0,1
1342,rival_stochastic_self_play,Rival,Nexto,Nexto,Rival,2,2,0,1
1343,rival_stochastic_self_play,Rival,Nexto,Nexto,Rival,2,2,0,1
1344,rival_stochastic_self_play,Rival,Rival,Rival,Rival,4,0,0,1
1345,rival_stochastic_self_play,Rival,Rival,Rival,Rival,4,0,0,1
1346,rival_stochastic_self_play,Rival,Nexto,Rival,Rival,3,1,0,1
1347,rival_stochastic_self_play,Nexto,Rival,Rival,Rival,3,1,0,1
1348,rival_stochastic_self_play,Rival,Rival,Nexto,Rival,3,1,0,1
1349,rival_stochastic_self_play,Rival,Nexto,Nexto,Nexto,1,3,0,1
1350,rival_stochastic_self_play,Nexto,Nexto,Rival,Rival,2,2,0,1
1351,rival_stochastic_self_play,Nexto,Rival,Nexto,Draw,1,2,1,0
1352,rival_stochastic_self_play,Nexto,Rival,Rival,Rival,3,1,0,1
1353,rival_stochastic_self_play,Rival,Rival,Rival,Rival,4,0,0,1
1354,rival_stochastic_self_play,Nexto,Rival,Rival,Rival,3,1,0,1
1355,rival_stochastic_self_play,Nexto,Nexto,Nexto,Nexto,0,4,0,1
1356,rival_stochastic_self_play,Nexto,Rival,Rival,Nexto,2,2,0,1
1357,rival_stochastic_self_play,Nexto,Rival,Nexto,Rival,2,2,0,1
1358,rival_stochastic_self_play,Nexto,Nexto,Nexto,Rival,1,3,0,1
1359,rival_stochastic_self_play,Nexto,Rival,Nexto,Nexto,1,3,0,1
1360,rival_stochastic_self_play,Draw,Rival,Nexto,Nexto,1,2,1,0
1361,rival_stochastic_self_play,Nexto,Rival,Rival,Nexto,2,2,0,1
1362,rival_stochastic_self_play,Rival,Rival,Nexto,Nexto,2,2,0,1
1363,rival_stochastic_self_play,Nexto,Nexto,Nexto,Rival,1,3,0,1
1364,rival_stochastic_self_play,Nexto,Rival,Rival,Nexto,2,2,0,1
1365,rival_stochastic_self_play,Nexto,Rival,Rival,Rival,3,1,0,1
1366,rival_stochastic_self_play,Rival,Rival,Rival,Nexto,3,1,0,1
1367,rival_stochastic_self_play,Nexto,Rival,Nexto,Nexto,1,3,0,1
1368,rival_stochastic_self_play,Nexto,Rival,Rival,Rival,3,1,0,1
1369,rival_stochastic_self_play,Rival,Nexto,Nexto,Nexto,1,3,0,1
1370,rival_stochastic_self_play,Nexto,Nexto,Rival,Nexto,1,3,0,1
1371,rival_stochastic_self_play,Rival,Rival,Rival,Nexto,3,1,0,1
1372,rival_stochastic_self_play,Nexto,Rival,Rival,Rival,3,1,0,1
1373,rival_stochastic_self_play,Nexto,Rival,Rival,Rival,3,1,0,1
1374,rival_stochastic_self_play,Rival,Draw,Nexto,Rival,2,1,1,0
1375,rival_stochastic_self_play,Nexto,Rival,Rival,Rival,3,1,0,1
1376,rival_stochastic_self_play,Rival,Nexto,Nexto,Rival,2,2,0,1
1377,rival_stochastic_self_play,Nexto,Rival,Rival,Nexto,2,2,0,1
1378,rival_stochastic_self_play,Rival,Nexto,Rival,Rival,3,1,0,1
1379,rival_stochastic_self_play,Rival,Rival,Nexto,Nexto,2,2,0,1
1380,rival_stochastic_self_play,Nexto,Rival,Nexto,Nexto,1,3,0,1
1381,rival_stochastic_self_play,Nexto,Rival,Nexto,Rival,2,2,0,1
1382,rival_stochastic_self_play,Rival,Nexto,Nexto,Nexto,1,3,0,1
1383,rival_stochastic_self_play,Nexto,Rival,Rival,Rival,3,1,0,1
1384,rival_stochastic_self_play,Nexto,Nexto,Nexto,Rival,1,3,0,1
1385,rival_stochastic_self_play,Nexto,Nexto,Rival,Nexto,1,3,0,1
1386,rival_stochastic_self_play,Nexto,Nexto,Draw,Nexto,0,3,1,0
1387,rival_stochastic_self_play,Rival,Nexto,Nexto,Rival,2,2,0,1
1388,rival_stochastic_self_play,Rival,Nexto,Nexto,Rival,2,2,0,1
1389,rival_stochastic_self_play,Nexto,Rival,Rival,Nexto,2,2,0,1
1390,rival_stochastic_self_play,Rival,Nexto,Nexto,Nexto,1,3,0,1
1391,rival_stochastic_self_play,Rival,Nexto,Rival,Rival,3,1,0,1
1392,rival_stochastic_self_play,Rival,Rival,Rival,Rival,4,0,0,1
1393,rival_stochastic_self_play,Nexto,Rival,Rival,Nexto,2,2,0,1
1394,rival_stochastic_self_play,Rival,Rival,Rival,Rival,4,0,0,1
1395,rival_stochastic_self_play,Rival,Nexto,Nexto,Rival,2,2,0,1
1396,rival_stochastic_self_play,Rival,Nexto,Rival,Rival,3,1,0,1
1397,rival_stochastic_self_play,Nexto,Rival,Nexto,Nexto,1,3,0,1
1398,rival_stochastic_self_play,Nexto,Nexto,Nexto,Rival,1,3,0,1
1399,rival_stochastic_self_play,Rival,Rival,Nexto,Nexto,2,2,0,1
1400,rival_stochastic_self_play,Rival,Rival,Nexto,Rival,3,1,0,1
1401,rival_stochastic_self_play,Rival,Nexto,Rival,Rival,3,1,0,1
1402,rival_stochastic_self_play,Rival,Nexto,Nexto,Rival,2,2,0,1
1403,rival_stochastic_self_play,Nexto,Nexto,Nexto,Nexto,0,4,0,1
1404,rival_stochastic_self_play,Nexto,Nexto,Rival,Rival,2,2,0,1
1405,rival_stochastic_self_play,Rival,Nexto,Rival,Rival,3,1,0,1
1406,rival_stochastic_self_play,Nexto,Nexto,Nexto,Rival,1,3,0,1
1407,rival_stochastic_self_play,Rival,Nexto,Rival,Rival,3,1,0,1
1408,rival_stochastic_self_play,Nexto,Rival,Rival,Nexto,2,2,0,1
1409,rival_stochastic_self_play,Rival,Nexto,Rival,Rival,3,1,0,1
1410,rival_stochastic_self_play,Rival,Rival,Rival,Rival,4,0,0,1
1411,rival_stochastic_self_play,Rival,Rival,Nexto,Nexto,2,2,0,1
1412,rival_stochastic_self_play,Nexto,Rival,Nexto,Rival,2,2,0,1
1413,rival_stochastic_self_play,Nexto,Nexto,Nexto,Nexto,0,4,0,1
1414,rival_stochastic_self_play,Nexto,Rival,Rival,Nexto,2,2,0,1
1415,rival_stochastic_self_play,Nexto,Rival,Rival,Nexto,2,2,0,1
1416,rival_stochastic_self_play,Nexto,Nexto,Nexto,Nexto,0,4,0,1
1417,rival_stochastic_self_play,Rival,Rival,Draw,Rival,3,0,1,0
1418,rival_stochastic_self_play,Nexto,Rival,Nexto,Rival,2,2,0,1
1419,rival_stochastic_self_play,Nexto,Rival,Rival,Nexto,2,2,0,1
1420,rival_stochastic_self_play,Nexto,Nexto,Nexto,Nexto,0,4,0,1
1421,rival_stochastic_self_play,Nexto,Rival,Nexto,Nexto,1,3,0,1
1422,rival_stochastic_self_play,Rival,Nexto,Nexto,Rival,2,2,0,1
1423,rival_stochastic_self_play,Rival,Draw,Nexto,Rival,2,1,1,0
1424,rival_stochastic_self_play,Nexto,Rival,Nexto,Rival,2,2,0,1
1425,rival_stochastic_self_play,Rival,Rival,Rival,Rival,4,0,0,1
1426,rival_stochastic_self_play,Rival,Nexto,Rival,Nexto,2,2,0,1
1427,rival_stochastic_self_play,Nexto,Rival,Rival,Rival,3,1,0,1
1428,rival_stochastic_self_play,Nexto,Nexto,Nexto,Nexto,0,4,0,1
1429,rival_stochastic_self_play,Nexto,Rival,Nexto,Rival,2,2,0,1
1430,rival_stochastic_self_play,Rival,Nexto,Rival,Rival,3,1,0,1
1431,rival_stochastic_self_play,Rival,Rival,Rival,Draw,3,0,1,0
1432,rival_stochastic_self_play,Nexto,Rival,Rival,Rival,3,1,0,1
1433,rival_stochastic_self_play,Nexto,Nexto,Rival,Rival,2,2,0,1
1434,rival_stochastic_self_play,Rival,Rival,Nexto,Rival,3,1,0,1
1435,rival_stochastic_self_play,Nexto,Rival,Rival,Nexto,2,2,0,1
1436,rival_stochastic_self_play,Rival,Rival,Rival,Rival,4,0,0,1
1437,rival_stochastic_self_play,Nexto,Rival,Rival,Nexto,2,2,0,1
1438,rival_stochastic_self_play,Rival,Nexto,Nexto,Rival,2,2,0,1
1439,rival_stochastic_self_play,Nexto,Rival,Nexto,Nexto,1,3,0,1
1440,rival_stochastic_self_play,Nexto,Rival,Rival,Rival,3,1,0,1
1441,rival_stochastic_self_play,Rival,Rival,Rival,Rival,4,0,0,1
1442,rival_stochastic_self_play,Rival,Nexto,Nexto,Nexto,1,3,0,1
1443,rival_stochastic_self_play,Nexto,Nexto,Nexto,Nexto,0,4,0,1
1444,rival_stochastic_self_play,Rival,Nexto,Rival,Rival,3,1,0,1
1445,rival_stochastic_self_play,Rival,Rival,Draw,Rival,3,0,1,0
1446,rival_stochastic_self_play,Nexto,Nexto,Rival,Nexto,1,3,0,1
1447,rival_stochastic_self_play,Rival,Nexto,Nexto,Rival,2,2,0,1
1448,rival_stochastic_self_play,Rival,Rival,Rival,Rival,4,0,0,1
1449,rival_stochastic_self_play,Nexto,Rival,Rival,Nexto,2,2,0,1
1450,rival_stochastic_self_play,Nexto,Nexto,Nexto,Rival,1,3,0,1
1451,rival_stochastic_self_play,Nexto,Rival,Rival,Nexto,2,2,0,1
1452,rival_stochastic_self_play,Rival,Rival,Nexto,Rival,3,1,0,1
1453,rival_stochastic_self_play,Rival,Rival,Rival,Nexto,3,1,0,1
1454,rival_stochastic_self_play,Rival,Rival,Nexto,Rival,3,1,0,1
1455,rival_stochastic_self_play,Nexto,Rival,Nexto,Rival,2,2,0,1
1456,rival_stochastic_self_play,Rival,Rival,Rival,Rival,4,0,0,1
1457,rival_stochastic_self_play,Nexto,Rival,Rival,Nexto,2,2,0,1
1458,rival_stochastic_self_play,Rival,Rival,Nexto,Rival,3,1,0,1
1459,rival_stochastic_self_play,Nexto,Rival,Rival,Nexto,2,2,0,1
1460,rival_stochastic_self_play,Rival,Nexto,Nexto,Rival,2,2,0,1
1461,rival_stochastic_self_play,Nexto,Nexto,Nexto,Nexto,0,4,0,1
1462,rival_stochastic_self_play,Nexto,Nexto,Nexto,Nexto,0,4,0,1
1463,rival_stochastic_self_play,Rival,Nexto,Nexto,Nexto,1,3,0,1
1464,rival_stochastic_self_play,Nexto,Rival,Nexto,Nexto,1,3,0,1
1465,rival_stochastic_self_play,Rival,Nexto,Nexto,Rival,2,2,0,1
1466,rival_stochastic_self_play,Rival,Nexto,Nexto,Rival,2,2,0,1
1467,rival_stochastic_self_play,Nexto,Rival,Draw,Nexto,1,2,1,0
1468,rival_stochastic_self_play,Nexto,Rival,Rival,Nexto,2,2,0,1
1469,rival_stochastic_self_play,Nexto,Nexto,Nexto,Rival,1,3,0,1
1470,rival_stochastic_self_play,Rival,Nexto,Nexto,Rival,2,2,0,1
1471,rival_stochastic_self_play,Rival,Rival,Rival,Rival,4,0,0,1
1472,rival_stochastic_self_play,Rival,Nexto,Rival,Rival,3,1,0,1
1473,rival_stochastic_self_play,Rival,Rival,Rival,Nexto,3,1,0,1
1474,rival_stochastic_self_play,Rival,Rival,Rival,Nexto,3,1,0,1
1475,rival_stochastic_self_play,Rival,Rival,Nexto,Rival,3,1,0,1
1476,rival_stochastic_self_play,Rival,Nexto,Nexto,Rival,2,2,0,1
1477,rival_stochastic_self_play,Rival,Rival,Rival,Nexto,3,1,0,1
1478,rival_stochastic_self_play,Nexto,Rival,Rival,Nexto,2,2,0,1
1479,rival_stochastic_self_play,Nexto,Nexto,Rival,Nexto,1,3,0,1
1480,rival_stochastic_self_play,Nexto,Rival,Rival,Nexto,2,2,0,1
1481,rival_stochastic_self_play,Rival,Nexto,Nexto,Rival,2,2,0,1
1482,rival_stochastic_self_play,Nexto,Rival,Rival,Nexto,2,2,0,1
1483,rival_stochastic_self_play,Rival,Nexto,Rival,Nexto,2,2,0,1
1484,rival_stochastic_self_play,Nexto,Nexto,Nexto,Nexto,0,4,0,1
1485,rival_stochastic_self_play,Rival,Nexto,Nexto,Nexto,1,3,0,1
1486,rival_stochastic_self_play,Rival,Nexto,Draw,Rival,2,1,1,0
1487,rival_stochastic_self_play,Draw,Rival,Rival,Rival,3,0,1,0
1488,rival_stochastic_self_play,Nexto,Rival,Rival,Nexto,2,2,0,1
1489,rival_stochastic_self_play,Nexto,Rival,Rival,Nexto,2,2,0,1
1490,rival_stochastic_self_play,Nexto,Rival,Nexto,Rival,2,2,0,1
1491,rival_stochastic_self_play,Nexto,Rival,Nexto,Nexto,1,3,0,1
1492,rival_stochastic_self_play,Rival,Nexto,Nexto,Rival,2,2,0,1
1493,rival_stochastic_self_play,Nexto,Nexto,Rival,Nexto,1,3,0,1
1494,rival_stochastic_self_play,Rival,Rival,Nexto,Rival,3,1,0,1
1495,rival_stochastic_self_play,Rival,Nexto,Nexto,Nexto,1,3,0,1
1496,rival_stochastic_self_play,Rival,Nexto,Rival,Rival,3,1,0,1
1497,rival_stochastic_self_play,Nexto,Rival,Rival,Rival,3,1,0,1
1498,rival_stochastic_self_play,Nexto,Rival,Rival,Nexto,2,2,0,1
1499,rival_stochastic_self_play,Rival,Nexto,Rival,Nexto,2,2,0,1
1500,rival_stochastic_self_play,Nexto,Nexto,Nexto,Rival,1,3,0,1
1501,rival_stochastic_self_play,Nexto,Nexto,Nexto,Rival,1,3,0,1
1502,rival_stochastic_self_play,Rival,Rival,Nexto,Rival,3,1,0,1
1503,rival_stochastic_self_play,Nexto,Rival,Rival,Nexto,2,2,0,1
1504,rival_stochastic_self_play,Rival,Rival,Rival,Nexto,3,1,0,1
1505,rival_stochastic_self_play,Nexto,Rival,Nexto,Rival,2,2,0,1
1506,rival_stochastic_self_play,Rival,Nexto,Rival,Nexto,2,2,0,1
1507,rival_stochastic_self_play,Rival,Rival,Nexto,Rival,3,1,0,1
1508,rival_stochastic_self_play,Rival,Rival,Nexto,Rival,3,1,0,1
1509,rival_stochastic_self_play,Rival,Rival,Nexto,Rival,3,1,0,1
1510,rival_stochastic_self_play,Nexto,Nexto,Nexto,Nexto,0,4,0,1
1511,rival_stochastic_self_play,Nexto,Rival,Rival,Nexto,2,2,0,1
1512,rival_stochastic_self_play,Nexto,Nexto,Nexto,Rival,1,3,0,1
1513,rival_stochastic_self_play,Rival,Rival,Draw,Rival,3,0,1,0
1514,rival_stochastic_self_play,Rival,Rival,Nexto,Rival,3,1,0,1
1515,rival_stochastic_self_play,Nexto,Rival,Rival,Draw,2,1,1,0
1516,rival_stochastic_self_play,Nexto,Rival,Rival,Nexto,2,2,0,1
1517,rival_stochastic_self_play,Rival,Rival,Rival,Rival,4,0,0,1
1518,rival_stochastic_self_play,Nexto,Nexto,Nexto,Rival,1,3,0,1
1519,rival_stochastic_self_play,Nexto,Rival,Rival,Nexto,2,2,0,1
1520,rival_stochastic_self_play,Nexto,Rival,Rival,Nexto,2,2,0,1
1521,rival_stochastic_self_play,Rival,Rival,Rival,Rival,4,0,0,1
1522,rival_stochastic_self_play,Nexto,Rival,Rival,Rival,3,1,0,1
1523,rival_stochastic_self_play,Rival,Rival,Draw,Rival,3,0,1,0
1524,rival_stochastic_self_play,Rival,Nexto,Rival,Rival,3,1,0,1
1525,rival_stochastic_self_play,Rival,Nexto,Nexto,Rival,2,2,0,1
1526,rival_stochastic_self_play,Rival,Nexto,Nexto,Rival,2,2,0,1
1527,rival_stochastic_self_play,Rival,Nexto,Rival,Rival,3,1,0,1
1528,rival_stochastic_self_play,Rival,Nexto,Nexto,Rival,2,2,0,1
1529,rival_stochastic_self_play,Nexto,Rival,Draw,Nexto,1,2,1,0
1530,rival_stochastic_self_play,Rival,Nexto,Nexto,Rival,2,2,0,1
1531,rival_stochastic_self_play,Rival,Rival,Rival,Rival,4,0,0,1
1532,rival_stochastic_self_play,Rival,Nexto,Nexto,Rival,2,2,0,1
1533,rival_stochastic_self_play,Nexto,Rival,Rival,Nexto,2,2,0,1
1534,rival_stochastic_self_play,Nexto,Rival,Rival,Nexto,2,2,0,1
1535,rival_stochastic_self_play,Nexto,Rival,Rival,Nexto,2,2,0,1
1536,rival_stochastic_self_play,Rival,Rival,Nexto,Rival,3,1,0,1
1537,rival_stochastic_self_play,Nexto,Nexto,Rival,Rival,2,2,0,1
1538,rival_stochastic_self_play,Rival,Nexto,Nexto,Rival,2,2,0,1
1539,rival_stochastic_self_play,Nexto,Rival,Nexto,Rival,2,2,0,1
1540,rival_stochastic_self_play,Nexto,Rival,Rival,Nexto,2,2,0,1
1541,rival_stochastic_self_play,Rival,Rival,Nexto,Rival,3,1,0,1
1542,rival_stochastic_self_play,Nexto,Rival,Rival,Nexto,2,2,0,1
1543,rival_stochastic_self_play,Rival,Nexto,Draw,Rival,2,1,1,0
1544,rival_stochastic_self_play,Nexto,Rival,Nexto,Rival,2,2,0,1
1545,rival_stochastic_self_play,Nexto,Rival,Nexto,Draw,1,2,1,0
1546,rival_stochastic_self_play,Rival,Nexto,Rival,Rival,3,1,0,1
1547,rival_stochastic_self_play,Nexto,Nexto,Nexto,Rival,1,3,0,1
1548,rival_stochastic_self_play,Nexto,Rival,Rival,Rival,3,1,0,1
1549,rival_stochastic_self_play,Nexto,Nexto,Nexto,Nexto,0,4,0,1
1550,rival_stochastic_self_play,Nexto,Rival,Rival,Nexto,2,2,0,1
1551,rival_stochastic_self_play,Rival,Rival,Rival,Rival,4,0,0,1
1552,rival_stochastic_self_play,Nexto,Rival,Rival,Rival,3,1,0,1
1553,rival_stochastic_self_play,Rival,Nexto,Nexto,Rival,2,2,0,1
1554,rival_stochastic_self_play,Nexto,Nexto,Rival,Rival,2,2,0,1
1555,rival_stochastic_self_play,Rival,Rival,Rival,Rival,4,0,0,1
1556,rival_stochastic_self_play,Nexto,Rival,Nexto,Rival,2,2,0,1
1557,rival_stochastic_self_play,Rival,Rival,Rival,Rival,4,0,0,1
1558,rival_stochastic_self_play,Nexto,Rival,Rival,Nexto,2,2,0,1
1559,rival_stochastic_self_play,Rival,Nexto,Nexto,Rival,2,2,0,1
1560,rival_stochastic_self_play,Nexto,Nexto,Rival,Nexto,1,3,0,1
1561,rival_stochastic_self_play,Rival,Rival,Rival,Rival,4,0,0,1
1562,rival_stochastic_self_play,Rival,Rival,Rival,Rival,4,0,0,1
1563,rival_stochastic_self_play,Nexto,Nexto,Nexto,Nexto,0,4,0,1
1564,rival_stochastic_self_play,Rival,Nexto,Nexto,Rival,2,2,0,1
1565,rival_stochastic_self_play,Rival,Nexto,Nexto,Rival,2,2,0,1
1566,rival_stochastic_self_play,Nexto,Rival,Rival,Rival,3,1,0,1
1567,rival_stochastic_self_play,Nexto,Nexto,Nexto,Rival,1,3,0,1
1568,rival_stochastic_self_play,Nexto,Rival,Rival,Rival,3,1,0,1
1569,rival_stochastic_self_play,Nexto,Rival,Nexto,Nexto,1,3,0,1
1570,rival_stochastic_self_play,Nexto,Nexto,Nexto,Nexto,0,4,0,1
1571,rival_stochastic_self_play,Rival,Nexto,Nexto,Rival,2,2,0,1
1572,rival_stochastic_self_play,Rival,Rival,Nexto,Rival,3,1,0,1
1573,rival_stochastic_self_play,Rival,Rival,Nexto,Rival,3,1,0,1
1574,rival_stochastic_self_play,Nexto,Nexto,Nexto,Nexto,0,4,0,1
1575,rival_stochastic_self_play,Nexto,Rival,Rival,Nexto,2,2,0,1
1576,rival_stochastic_self_play,Nexto,Nexto,Nexto,Rival,1,3,0,1
1577,rival_stochastic_self_play,Draw,Rival,Nexto,Rival,2,1,1,0
1578,rival_stochastic_self_play,Rival,Nexto,Nexto,Rival,2,2,0,1
1579,rival_stochastic_self_play,Rival,Draw,Nexto,Rival,2,1,1,0
1580,rival_stochastic_self_play,Rival,Rival,Nexto,Rival,3,1,0,1
1581,rival_stochastic_self_play,Nexto,Rival,Nexto,Rival,2,2,0,1
1582,rival_stochastic_self_play,Nexto,Rival,Rival,Rival,3,1,0,1
1583,rival_stochastic_self_play,Nexto,Rival,Rival,Rival,3,1,0,1
1584,rival_stochastic_self_play,Nexto,Rival,Rival,Nexto,2,2,0,1
1585,rival_stochastic_self_play,Nexto,Nexto,Nexto,Nexto,0,4,0,1
1586,rival_stochastic_self_play,Nexto,Nexto,Nexto,Nexto,0,4,0,1
1587,rival_stochastic_self_play,Nexto,Rival,Rival,Rival,3,1,0,1
1588,rival_stochastic_self_play,Nexto,Nexto,Nexto,Rival,1,3,0,1
1589,rival_stochastic_self_play,Rival,Nexto,Nexto,Rival,2,2,0,1
1590,rival_stochastic_self_play,Nexto,Nexto,Nexto,Rival,1,3,0,1
1591,rival_stochastic_self_play,Rival,Rival,Rival,Rival,4,0,0,1
1592,rival_stochastic_self_play,Rival,Nexto,Rival,Rival,3,1,0,1
1593,rival_stochastic_self_play,Rival,Rival,Nexto,Nexto,2,2,0,1
1594,rival_stochastic_self_play,Rival,Nexto,Nexto,Rival,2,2,0,1
1595,rival_stochastic_self_play,Nexto,Nexto,Draw,Rival,1,2,1,0
1596,rival_stochastic_self_play,Draw,Rival,Nexto,Rival,2,1,1,0
1597,rival_stochastic_self_play,Nexto,Rival,Rival,Nexto,2,2,0,1
1598,rival_stochastic_self_play,Nexto,Rival,Rival,Rival,3,1,0,1
1599,rival_stochastic_self_play,Nexto,Rival,Rival,Nexto,2,2,0,1
1600,rival_stochastic_self_play,Rival,Nexto,Nexto,Rival,2,2,0,1
1601,rival_stochastic_self_play,Rival,Rival,Nexto,Rival,3,1,0,1
1602,rival_stochastic_self_play,Nexto,Nexto,Nexto,Nexto,0,4,0,1
1603,rival_stochastic_self_play,Nexto,Nexto,Nexto,Rival,1,3,0,1
1604,rival_stochastic_self_play,Rival,Rival,Rival,Nexto,3,1,0,1
1605,rival_stochastic_self_play,Nexto,Rival,Nexto,Rival,2,2,0,1
1606,rival_stochastic_self_play,Nexto,Nexto,Nexto,Rival,1,3,0,1
1607,rival_stochastic_self_play,Rival,Nexto,Rival,Rival,3,1,0,1
1608,rival_stochastic_self_play,Rival,Nexto,Nexto,Nexto,1,3,0,1
1609,rival_stochastic_self_play,Rival,Nexto,Nexto,Rival,2,2,0,1
1610,rival_stochastic_self_play,Rival,Nexto,Rival,Nexto,2,2,0,1
1611,rival_stochastic_self_play,Nexto,Rival,Rival,Rival,3,1,0,1
1612,rival_stochastic_self_play,Rival,Nexto,Nexto,Rival,2,2,0,1
1613,rival_stochastic_self_play,Nexto,Rival,Rival,Nexto,2,2,0,1
1614,rival_stochastic_self_play,Rival,Rival,Nexto,Rival,3,1,0,1
1615,rival_stochastic_self_play,Nexto,Rival,Rival,Nexto,2,2,0,1
1616,rival_stochastic_self_play,Rival,Nexto,Rival,Rival,3,1,0,1
1617,rival_stochastic_self_play,Nexto,Rival,Nexto,Rival,2,2,0,1
1618,rival_stochastic_self_play,Rival,Rival,Nexto,Rival,3,1,0,1
1619,rival_stochastic_self_play,Nexto,Rival,Rival,Nexto,2,2,0,1
1620,rival_stochastic_self_play,Rival,Nexto,Nexto,Rival,2,2,0,1
1621,rival_stochastic_self_play,Nexto,Nexto,Rival,Nexto,1,3,0,1
1622,rival_stochastic_self_play,Nexto,Nexto,Rival,Rival,2,2,0,1
1623,rival_stochastic_self_play,Nexto,Nexto,Rival,Nexto,1,3,0,1
1624,rival_stochastic_self_play,Nexto,Nexto,Rival,Rival,2,2,0,1
1625,rival_stochastic_self_play,Nexto,Rival,Nexto,Rival,2,2,0,1
1626,rival_stochastic_self_play,Nexto,Rival,Nexto,Nexto,1,3,0,1
1627,rival_stochastic_self_play,Nexto,Nexto,Nexto,Nexto,0,4,0,1
1628,rival_stochastic_self_play,Nexto,Rival,Nexto,Rival,2,2,0,1
1629,rival_stochastic_self_play,Rival,Rival,Nexto,Nexto,2,2,0,1
1630,rival_stochastic_self_play,Rival,Draw,Nexto,Rival,2,1,1,0
1631,rival_stochastic_self_play,Nexto,Rival,Nexto,Nexto,1,3,0,1
1632,rival_stochastic_self_play,Rival,Rival,Nexto,Rival,3,1,0,1
1633,rival_stochastic_self_play,Rival,Rival,Rival,Rival,4,0,0,1
1634,rival_stochastic_self_play,Nexto,Rival,Rival,Nexto,2,2,0,1
1635,rival_stochastic_self_play,Draw,Rival,Rival,Nexto,2,1,1,0
1636,rival_stochastic_self_play,Nexto,Rival,Rival,Rival,3,1,0,1
1637,rival_stochastic_self_play,Nexto,Nexto,Nexto,Rival,1,3,0,1
1638,rival_stochastic_self_play,Rival,Rival,Nexto,Rival,3,1,0,1
1639,rival_stochastic_self_play,Nexto,Nexto,Nexto,Rival,1,3,0,1
1640,rival_stochastic_self_play,Rival,Nexto,Rival,Rival,3,1,0,1
1641,rival_stochastic_self_play,Nexto,Rival,Rival,Nexto,2,2,0,1
1642,rival_stochastic_self_play,Rival,Nexto,Rival,Rival,3,1,0,1
1643,rival_stochastic_self_play,Rival,Rival,Nexto,Rival,3,1,0,1
1644,rival_stochastic_self_play,Rival,Nexto,Rival,Rival,3,1,0,1
1645,rival_stochastic_self_play,Nexto,Nexto,Nexto,Rival,1,3,0,1
1646,rival_stochastic_self_play,Rival,Nexto,Nexto,Rival,2,2,0,1
1647,rival_stochastic_self_play,Rival,Rival,Nexto,Rival,3,1,0,1
1648,rival_stochastic_self_play,Nexto,Rival,Rival,Rival,3,1,0,1
1649,rival_stochastic_self_play,Rival,Nexto,Nexto,Rival,2,2,0,1
1650,rival_stochastic_self_play,Nexto,Nexto,Rival,Nexto,1,3,0,1
1651,rival_stochastic_self_play,Nexto,Rival,Nexto,Nexto,1,3,0,1
1652,rival_stochastic_self_play,Nexto,Nexto,Nexto,Rival,1,3,0,1
1653,rival_stochastic_self_play,Rival,Rival,Nexto,Rival,3,1,0,1
1654,rival_stochastic_self_play,Rival,Nexto,Nexto,Rival,2,2,0,1
1655,rival_stochastic_self_play,Nexto,Nexto,Rival,Nexto,1,3,0,1
1656,rival_stochastic_self_play,Nexto,Rival,Rival,Rival,3,1,0,1
1657,rival_stochastic_self_play,Rival,Nexto,Nexto,Rival,2,2,0,1
1658,rival_stochastic_self_play,Rival,Nexto,Nexto,Rival,2,2,0,1
1659,rival_stochastic_self_play,Nexto,Rival,Rival,Nexto,2,2,0,1
1660,rival_stochastic_self_play,Rival,Rival,Rival,Rival,4,0,0,1
1661,rival_stochastic_self_play,Rival,Rival,Nexto,Rival,3,1,0,1
1662,rival_stochastic_self_play,Rival,Rival,Nexto,Rival,3,1,0,1
1663,rival_stochastic_self_play,Rival,Rival,Nexto,Rival,3,1,0,1
1664,rival_stochastic_self_play,Nexto,Rival,Nexto,Rival,2,2,0,1
1665,rival_stochastic_self_play,Nexto,Nexto,Rival,Nexto,1,3,0,1
1666,rival_stochastic_self_play,Nexto,Nexto,Nexto,Rival,1,3,0,1
1667,rival_stochastic_self_play,Nexto,Rival,Nexto,Nexto,1,3,0,1
1668,rival_stochastic_self_play,Nexto,Rival,Nexto,Nexto,1,3,0,1
1669,rival_stochastic_self_play,Nexto,Rival,Rival,Nexto,2,2,0,1
1670,rival_stochastic_self_play,Rival,Rival,Rival,Rival,4,0,0,1
1671,rival_stochastic_self_play,Nexto,Nexto,Rival,Nexto,1,3,0,1
1672,rival_stochastic_self_play,Nexto,Rival,Rival,Nexto,2,2,0,1
1673,rival_stochastic_self_play,Nexto,Rival,Rival,Rival,3,1,0,1
1674,rival_stochastic_self_play,Rival,Nexto,Nexto,Rival,2,2,0,1
1675,rival_stochastic_self_play,Rival,Rival,Nexto,Rival,3,1,0,1
1676,rival_stochastic_self_play,Nexto,Rival,Rival,Rival,3,1,0,1
1677,rival_stochastic_self_play,Nexto,Nexto,Nexto,Rival,1,3,0,1
1678,rival_stochastic_self_play,Rival,Rival,Nexto,Rival,3,1,0,1
1679,rival_stochastic_self_play,Nexto,Nexto,Nexto,Nexto,0,4,0,1
1680,rival_stochastic_self_play,Rival,Nexto,Nexto,Rival,2,2,0,1
1681,rival_stochastic_self_play,Rival,Nexto,Nexto,Nexto,1,3,0,1
1682,rival_stochastic_self_play,Nexto,Nexto,Nexto,Nexto,0,4,0,1
1683,rival_stochastic_self_play,Rival,Rival,Nexto,Rival,3,1,0,1
1684,rival_stochastic_self_play,Rival,Rival,Rival,Nexto,3,1,0,1
1685,rival_stochastic_self_play,Nexto,Rival,Nexto,Rival,2,2,0,1
1686,rival_stochastic_self_play,Rival,Nexto,Rival,Rival,3,1,0,1
1687,rival_stochastic_self_play,Rival,Rival,Rival,Rival,4,0,0,1
1688,rival_stochastic_self_play,Nexto,Nexto,Nexto,Rival,1,3,0,1
1689,rival_stochastic_self_play,Rival,Nexto,Nexto,Rival,2,2,0,1
1690,rival_stochastic_self_play,Nexto,Nexto,Rival,Nexto,1,3,0,1
1691,rival_stochastic_self_play,Nexto,Rival,Rival,Rival,3,1,0,1
1692,rival_stochastic_self_play,Rival,Rival,Rival,Rival,4,0,0,1
1693,rival_stochastic_self_play,Rival,Nexto,Nexto,Rival,2,2,0,1
1694,rival_stochastic_self_play,Nexto,Rival,Nexto,Rival,2,2,0,1
1695,rival_stochastic_self_play,Nexto,Rival,Rival,Nexto,2,2,0,1
1696,rival_stochastic_self_play,Nexto,Rival,Rival,Rival,3,1,0,1
1697,rival_stochastic_self_play,Nexto,Rival,Nexto,Nexto,1,3,0,1
1698,rival_stochastic_self_play,Nexto,Rival,Rival,Rival,3,1,0,1
1699,rival_stochastic_self_play,Nexto,Rival,Rival,Nexto,2,2,0,1
1700,rival_stochastic_self_play,Rival,Rival,Nexto,Nexto,2,2,0,1
1701,rival_stochastic_self_play,Nexto,Rival,Rival,Nexto,2,2,0,1
1702,rival_stochastic_self_play,Nexto,Rival,Rival,Rival,3,1,0,1
1703,rival_stochastic_self_play,Rival,Rival,Rival,Rival,4,0,0,1
1704,rival_stochastic_self_play,Rival,Rival,Rival,Nexto,3,1,0,1
1705,rival_stochastic_self_play,Nexto,Rival,Rival,Rival,3,1,0,1
1706,rival_stochastic_self_play,Nexto,Rival,Rival,Nexto,2,2,0,1
1707,rival_stochastic_self_play,Rival,Nexto,Nexto,Rival,2,2,0,1
1708,rival_stochastic_self_play,Rival,Rival,Rival,Rival,4,0,0,1
1709,rival_stochastic_self_play,Rival,Nexto,Nexto,Rival,2,2,0,1
1710,rival_stochastic_self_play,Rival,Rival,Nexto,Rival,3,1,0,1
1711,rival_stochastic_self_play,Nexto,Nexto,Nexto,Rival,1,3,0,1
1712,rival_stochastic_self_play,Nexto,Nexto,Rival,Nexto,1,3,0,1
1713,rival_stochastic_self_play,Nexto,Rival,Rival,Nexto,2,2,0,1
1714,rival_stochastic_self_play,Nexto,Rival,Rival,Nexto,2,2,0,1
1715,rival_stochastic_self_play,Nexto,Rival,Nexto,Nexto,1,3,0,1
1716,rival_stochastic_self_play,Nexto,Nexto,Nexto,Nexto,0,4,0,1
1717,rival_stochastic_self_play,Rival,Nexto,Nexto,Rival,2,2,0,1
1718,rival_stochastic_self_play,Rival,Rival,Rival,Rival,4,0,0,1
1719,rival_stochastic_self_play,Rival,Nexto,Nexto,Rival,2,2,0,1
1720,rival_stochastic_self_play,Nexto,Nexto,Nexto,Nexto,0,4,0,1
1721,rival_stochastic_self_play,Rival,Nexto,Nexto,Rival,2,2,0,1
1722,rival_stochastic_self_play,Rival,Rival,Rival,Nexto,3,1,0,1
1723,rival_stochastic_self_play,Nexto,Rival,Rival,Nexto,2,2,0,1
1724,rival_stochastic_self_play,Nexto,Nexto,Nexto,Nexto,0,4,0,1
1725,rival_stochastic_self_play,Nexto,Rival,Rival,Nexto,2,2,0,1
1726,rival_stochastic_self_play,Rival,Nexto,Rival,Rival,3,1,0,1
1727,rival_stochastic_self_play,Nexto,Rival,Rival,Nexto,2,2,0,1
1728,rival_stochastic_self_play,Nexto,Nexto,Rival,Rival,2,2,0,1
1729,rival_stochastic_self_play,Nexto,Rival,Nexto,Rival,2,2,0,1
1730,rival_stochastic_self_play,Nexto,Nexto,Nexto,Nexto,0,4,0,1
1731,rival_stochastic_self_play,Nexto,Rival,Nexto,Nexto,1,3,0,1
1732,rival_stochastic_self_play,Rival,Nexto,Draw,Rival,2,1,1,0
1733,rival_stochastic_self_play,Rival,Nexto,Nexto,Nexto,1,3,0,1
1734,rival_stochastic_self_play,Nexto,Rival,Nexto,Rival,2,2,0,1
1735,rival_stochastic_self_play,Nexto,Rival,Rival,Rival,3,1,0,1
1736,rival_stochastic_self_play,Nexto,Rival,Rival,Nexto,2,2,0,1
1737,rival_stochastic_self_play,Nexto,Rival,Nexto,Nexto,1,3,0,1
1738,rival_stochastic_self_play,Nexto,Rival,Draw,Nexto,1,2,1,0
1739,rival_stochastic_self_play,Rival,Nexto,Nexto,Rival,2,2,0,1
1740,rival_stochastic_self_play,Rival,Rival,Nexto,Rival,3,1,0,1
1741,rival_stochastic_self_play,Rival,Nexto,Nexto,Nexto,1,3,0,1
1742,rival_stochastic_self_play,Nexto,Rival,Nexto,Rival,2,2,0,1
1743,rival_stochastic_self_play,Nexto,Rival,Rival,Rival,3,1,0,1
1744,rival_stochastic_self_play,Nexto,Rival,Rival,Nexto,2,2,0,1
1745,rival_stochastic_self_play,Rival,Rival,Nexto,Rival,3,1,0,1
1746,rival_stochastic_self_play,Nexto,Rival,Rival,Nexto,2,2,0,1
1747,rival_stochastic_self_play,Rival,Rival,Rival,Nexto,3,1,0,1
1748,rival_stochastic_self_play,Rival,Nexto,Nexto,Rival,2,2,0,1
1749,rival_stochastic_self_play,Nexto,Rival,Nexto,Nexto,1,3,0,1
1750,rival_stochastic_self_play,Rival,Rival,Nexto,Rival,3,1,0,1
1751,rival_stochastic_self_play,Nexto,Rival,Nexto,Rival,2,2,0,1
1752,rival_stochastic_self_play,Nexto,Rival,Nexto,Nexto,1,3,0,1
1753,rival_stochastic_self_play,Nexto,Nexto,Nexto,Nexto,0,4,0,1
1754,rival_stochastic_self_play,Nexto,Rival,Rival,Rival,3,1,0,1
1755,rival_stochastic_self_play,Rival,Nexto,Nexto,Rival,2,2,0,1
1756,rival_stochastic_self_play,Rival,Rival,Rival,Rival,4,0,0,1
1757,rival_stochastic_self_play,Nexto,Nexto,Rival,Nexto,1,3,0,1
1758,rival_stochastic_self_play,Nexto,Nexto,Nexto,Rival,1,3,0,1
1759,rival_stochastic_self_play,Rival,Rival,Rival,Rival,4,0,0,1
1760,rival_stochastic_self_play,Nexto,Nexto,Nexto,Nexto,0,4,0,1
1761,rival_stochastic_self_play,Nexto,Rival,Rival,Nexto,2,2,0,1
1762,rival_stochastic_self_play,Nexto,Rival,Rival,Nexto,2,2,0,1
1763,rival_stochastic_self_play,Rival,Nexto,Rival,Rival,3,1,0,1
1764,rival_stochastic_self_play,Nexto,Rival,Rival,Nexto,2,2,0,1
1765,rival_stochastic_self_play,Nexto,Rival,Rival,Nexto,2,2,0,1
1766,rival_stochastic_self_play,Rival,Rival,Nexto,Rival,3,1,0,1
1767,rival_stochastic_self_play,Nexto,Rival,Rival,Rival,3,1,0,1
1768,rival_stochastic_self_play,Draw,Rival,Nexto,Nexto,1,2,1,0
1769,rival_stochastic_self_play,Nexto,Rival,Nexto,Nexto,1,3,0,1
1770,rival_stochastic_self_play,Nexto,Rival,Nexto,Rival,2,2,0,1
1771,rival_stochastic_self_play,Rival,Rival,Rival,Rival,4,0,0,1
1772,rival_stochastic_self_play,Rival,Nexto,Nexto,Rival,2,2,0,1
1773,rival_stochastic_self_play,Rival,Rival,Rival,Rival,4,0,0,1
1774,rival_stochastic_self_play,Draw,Nexto,Rival,Rival,2,1,1,0
1775,rival_stochastic_self_play,Rival,Rival,Rival,Nexto,3,1,0,1
1776,rival_stochastic_self_play,Rival,Nexto,Nexto,Rival,2,2,0,1
1777,rival_stochastic_self_play,Nexto,Rival,Rival,Nexto,2,2,0,1
1778,rival_stochastic_self_play,Rival,Rival,Nexto,Rival,3,1,0,1
1779,rival_stochastic_self_play,Nexto,Rival,Rival,Nexto,2,2,0,1
1780,rival_stochastic_self_play,Nexto,Nexto,Nexto,Nexto,0,4,0,1
1781,rival_stochastic_self_play,Nexto,Nexto,Nexto,Draw,0,3,1,0
1782,rival_stochastic_self_play,Draw,Rival,Nexto,Nexto,1,2,1,0
1783,rival_stochastic_self_play,Nexto,Rival,Rival,Nexto,2,2,0,1
1784,rival_stochastic_self_play,Nexto,Rival,Rival,Rival,3,1,0,1
1785,rival_stochastic_self_play,Draw,Rival,Nexto,Rival,2,1,1,0
1786,rival_stochastic_self_play,Rival,Rival,Rival,Rival,4,0,0,1
1787,rival_stochastic_self_play,Nexto,Rival,Rival,Nexto,2,2,0,1
1788,rival_stochastic_self_play,Nexto,Rival,Rival,Rival,3,1,0,1
1789,rival_stochastic_self_play,Nexto,Nexto,Nexto,Rival,1,3,0,1
1790,rival_stochastic_self_play,Nexto,Nexto,Nexto,Nexto,0,4,0,1
1791,rival_stochastic_self_play,Rival,Rival,Rival,Rival,4,0,0,1
1792,rival_stochastic_self_play,Nexto,Nexto,Nexto,Draw,0,3,1,0
1793,rival_stochastic_self_play,Nexto,Rival,Nexto,Rival,2,2,0,1
1794,rival_stochastic_self_play,Rival,Nexto,Nexto,Rival,2,2,0,1
1795,rival_stochastic_self_play,Rival,Rival,Rival,Rival,4,0,0,1
1796,rival_stochastic_self_play,Rival,Nexto,Rival,Rival,3,1,0,1
1797,rival_stochastic_self_play,Nexto,Rival,Nexto,Rival,2,2,0,1
1798,rival_stochastic_self_play,Draw,Rival,Rival,Rival,3,0,1,0
1799,rival_stochastic_self_play,Nexto,Rival,Rival,Rival,3,1,0,1
1800,rival_stochastic_self_play,Nexto,Nexto,Rival,Rival,2,2,0,1
1801,rival_stochastic_self_play,Nexto,Rival,Rival,Rival,3,1,0,1
1802,rival_stochastic_self_play,Rival,Nexto,Nexto,Rival,2,2,0,1
1803,rival_stochastic_self_play,Rival,Nexto,Nexto,Rival,2,2,0,1
1804,rival_stochastic_self_play,Nexto,Nexto,Nexto,Rival,1,3,0,1
1805,rival_stochastic_self_play,Rival,Rival,Rival,Draw,3,0,1,0
1806,rival_stochastic_self_play,Nexto,Rival,Nexto,Rival,2,2,0,1
1807,rival_stochastic_self_play,Nexto,Rival,Nexto,Nexto,1,3,0,1
1808,rival_stochastic_self_play,Rival,Rival,Rival,Nexto,3,1,0,1
1809,rival_stochastic_self_play,Nexto,Rival,Rival,Nexto,2,2,0,1
1810,rival_stochastic_self_play,Rival,Nexto,Draw,Rival,2,1,1,0
1811,rival_stochastic_self_play,Nexto,Nexto,Nexto,Nexto,0,4,0,1
1812,rival_stochastic_self_play,Nexto,Rival,Rival,Nexto,2,2,0,1
1813,rival_stochastic_self_play,Nexto,Nexto,Rival,Nexto,1,3,0,1
1814,rival_stochastic_self_play,Nexto,Rival,Nexto,Rival,2,2,0,1
1815,rival_stochastic_self_play,Nexto,Nexto,Nexto,Nexto,0,4,0,1
1816,rival_stochastic_self_play,Rival,Nexto,Nexto,Rival,2,2,0,1
1817,rival_stochastic_self_play,Nexto,Rival,Nexto,Nexto,1,3,0,1
1818,rival_stochastic_self_play,Draw,Rival,Rival,Nexto,2,1,1,0
1819,rival_stochastic_self_play,Nexto,Nexto,Rival,Rival,2,2,0,1
1820,rival_stochastic_self_play,Nexto,Nexto,Nexto,Rival,1,3,0,1
1821,rival_stochastic_self_play,Rival,Nexto,Nexto,Rival,2,2,0,1
1822,rival_stochastic_self_play,Rival,Nexto,Nexto,Nexto,1,3,0,1
1823,rival_stochastic_self_play,Rival,Nexto,Nexto,Nexto,1,3,0,1
1824,rival_stochastic_self_play,Nexto,Rival,Rival,Rival,3,1,0,1
1825,rival_stochastic_self_play,Nexto,Nexto,Rival,Nexto,1,3,0,1
1826,rival_stochastic_self_play,Rival,Nexto,Nexto,Nexto,1,3,0,1
1827,rival_stochastic_self_play,Nexto,Rival,Nexto,Rival,2,2,0,1
1828,rival_stochastic_self_play,Nexto,Rival,Rival,Nexto,2,2,0,1
1829,rival_stochastic_self_play,Rival,Rival,Rival,Rival,4,0,0,1
1830,rival_stochastic_self_play,Rival,Rival,Rival,Rival,4,0,0,1
1831,rival_stochastic_self_play,Nexto,Rival,Rival,Nexto,2,2,0,1
1832,rival_stochastic_self_play,Nexto,Rival,Nexto,Rival,2,2,0,1
1833,rival_stochastic_self_play,Nexto,Rival,Rival,Rival,3,1,0,1
1834,rival_stochastic_self_play,Nexto,Rival,Rival,Nexto,2,2,0,1
1835,rival_stochastic_self_play,Rival,Rival,Rival,Rival,4,0,0,1
1836,rival_stochastic_self_play,Rival,Rival,Nexto,Rival,3,1,0,1
1837,rival_stochastic_self_play,Draw,Nexto,Rival,Nexto,1,2,1,0
1838,rival_stochastic_self_play,Nexto,Rival,Nexto,Rival,2,2,0,1
1839,rival_stochastic_self_play,Rival,Rival,Rival,Nexto,3,1,0,1
1840,rival_stochastic_self_play,Nexto,Rival,Rival,Nexto,2,2,0,1
1841,rival_stochastic_self_play,Rival,Rival,Nexto,Rival,3,1,0,1
1842,rival_stochastic_self_play,Rival,Rival,Rival,Rival,4,0,0,1
1843,rival_stochastic_self_play,Rival,Nexto,Nexto,Rival,2,2,0,1
1844,rival_stochastic_self_play,Rival,Rival,Nexto,Rival,3,1,0,1
1845,rival_stochastic_self_play,Nexto,Nexto,Rival,Nexto,1,3,0,1
1846,rival_stochastic_self_play,Nexto,Nexto,Nexto,Nexto,0,4,0,1
1847,rival_stochastic_self_play,Rival,Nexto,Nexto,Rival,2,2,0,1
1848,rival_stochastic_self_play,Nexto,Rival,Rival,Nexto,2,2,0,1
1849,rival_stochastic_self_play,Nexto,Rival,Rival,Rival,3,1,0,1
1850,rival_stochastic_self_play,Nexto,Rival,Rival,Nexto,2,2,0,1
1851,rival_stochastic_self_play,Rival,Nexto,Rival,Rival,3,1,0,1
1852,rival_stochastic_self_play,Rival,Rival,Nexto,Rival,3,1,0,1
1853,rival_stochastic_self_play,Rival,Rival,Rival,Nexto,3,1,0,1
1854,rival_stochastic_self_play,Rival,Nexto,Nexto,Rival,2,2,0,1
1855,rival_stochastic_self_play,Rival,Nexto,Rival,Rival,3,1,0,1
1856,rival_stochastic_self_play,Draw,Rival,Rival,Rival,3,0,1,0
1857,rival_stochastic_self_play,Nexto,Nexto,Rival,Nexto,1,3,0,1
1858,rival_stochastic_self_play,Rival,Rival,Nexto,Rival,3,1,0,1
1859,rival_stochastic_self_play,Rival,Nexto,Nexto,Rival,2,2,0,1
1860,rival_stochastic_self_play,Rival,Rival,Nexto,Rival,3,1,0,1
1861,rival_stochastic_self_play,Nexto,Rival,Rival,Nexto,2,2,0,1
1862,rival_stochastic_self_play,Rival,Nexto,Nexto,Rival,2,2,0,1
1863,rival_stochastic_self_play,Rival,Rival,Nexto,Rival,3,1,0,1
1864,rival_stochastic_self_play,Nexto,Rival,Nexto,Nexto,1,3,0,1
1865,rival_stochastic_self_play,Nexto,Rival,Rival,Rival,3,1,0,1
1866,rival_stochastic_self_play,Nexto,Rival,Nexto,Nexto,1,3,0,1
1867,rival_stochastic_self_play,Nexto,Nexto,Nexto,Draw,0,3,1,0
1868,rival_stochastic_self_play,Rival,Nexto,Nexto,Nexto,1,3,0,1
1869,rival_stochastic_self_play,Nexto,Rival,Rival,Nexto,2,2,0,1
1870,rival_stochastic_self_play,Nexto,Rival,Rival,Nexto,2,2,0,1
1871,rival_stochastic_self_play,Nexto,Rival,Rival,Nexto,2,2,0,1
1872,rival_stochastic_self_play,Rival,Rival,Nexto,Rival,3,1,0,1
1873,rival_stochastic_self_play,Nexto,Nexto,Nexto,Nexto,0,4,0,1
1874,rival_stochastic_self_play,Nexto,Rival,Nexto,Nexto,1,3,0,1
1875,rival_stochastic_self_play,Nexto,Rival,Rival,Nexto,2,2,0,1
1876,rival_stochastic_self_play,Nexto,Rival,Rival,Nexto,2,2,0,1
1877,rival_stochastic_self_play,Nexto,Nexto,Nexto,Rival,1,3,0,1
1878,rival_stochastic_self_play,Nexto,Rival,Nexto,Rival,2,2,0,1
1879,rival_stochastic_self_play,Rival,Nexto,Rival,Nexto,2,2,0,1
1880,rival_stochastic_self_play,Nexto,Rival,Nexto,Nexto,1,3,0,1
1881,rival_stochastic_self_play,Nexto,Rival,Rival,Nexto,2,2,0,1
1882,rival_stochastic_self_play,Nexto,Rival,Rival,Rival,3,1,0,1
1883,rival_stochastic_self_play,Nexto,Nexto,Nexto,Nexto,0,4,0,1
1884,rival_stochastic_self_play,Rival,Rival,Nexto,Rival,3,1,0,1
1885,rival_stochastic_self_play,Nexto,Nexto,Nexto,Rival,1,3,0,1
1886,rival_stochastic_self_play,Nexto,Rival,Rival,Nexto,2,2,0,1
1887,rival_stochastic_self_play,Rival,Rival,Rival,Rival,4,0,0,1
1888,rival_stochastic_self_play,Nexto,Nexto,Nexto,Rival,1,3,0,1
1889,rival_stochastic_self_play,Rival,Rival,Rival,Rival,4,0,0,1
1890,rival_stochastic_self_play,Nexto,Nexto,Nexto,Rival,1,3,0,1
1891,rival_stochastic_self_play,Nexto,Nexto,Nexto,Rival,1,3,0,1
1892,rival_stochastic_self_play,Rival,Rival,Rival,Rival,4,0,0,1
1893,rival_stochastic_self_play,Rival,Rival,Nexto,Draw,2,1,1,0
1894,rival_stochastic_self_play,Nexto,Rival,Rival,Nexto,2,2,0,1
1895,rival_stochastic_self_play,Rival,Rival,Rival,Rival,4,0,0,1
1896,rival_stochastic_self_play,Nexto,Rival,Nexto,Draw,1,2,1,0
1897,rival_stochastic_self_play,Nexto,Rival,Rival,Nexto,2,2,0,1
1898,rival_stochastic_self_play,Rival,Rival,Nexto,Rival,3,1,0,1
1899,rival_stochastic_self_play,Rival,Rival,Nexto,Rival,3,1,0,1
1900,rival_stochastic_self_play,Nexto,Rival,Nexto,Rival,2,2,0,1
1901,rival_stochastic_self_play,Draw,Nexto,Nexto,Rival,1,2,1,0
1902,rival_stochastic_self_play,Nexto,Nexto,Nexto,Rival,1,3,0,1
1903,rival_stochastic_self_play,Nexto,Nexto,Draw,Nexto,0,3,1,0
1904,rival_stochastic_self_play,Nexto,Rival,Rival,Nexto,2,2,0,1
1905,rival_stochastic_self_play,Nexto,Nexto,Nexto,Nexto,0,4,0,1
1906,rival_stochastic_self_play,Nexto,Rival,Rival,Nexto,2,2,0,1
1907,rival_stochastic_self_play,Nexto,Rival,Rival,Nexto,2,2,0,1
1908,rival_stochastic_self_play,Nexto,Rival,Rival,Nexto,2,2,0,1
1909,rival_stochastic_self_play,Nexto,Rival,Rival,Nexto,2,2,0,1
1910,rival_stochastic_self_play,Nexto,Rival,Nexto,Draw,1,2,1,0
1911,rival_stochastic_self_play,Nexto,Rival,Rival,Nexto,2,2,0,1
1912,rival_stochastic_self_play,Rival,Rival,Nexto,Rival,3,1,0,1
1913,rival_stochastic_self_play,Nexto,Rival,Rival,Nexto,2,2,0,1
1914,rival_stochastic_self_play,Rival,Rival,Nexto,Rival,3,1,0,1
1915,rival_stochastic_self_play,Rival,Nexto,Nexto,Rival,2,2,0,1
1916,rival_stochastic_self_play,Nexto,Nexto,Nexto,Nexto,0,4,0,1
1917,rival_stochastic_self_play,Rival,Rival,Nexto,Rival,3,1,0,1
1918,rival_stochastic_self_play,Rival,Rival,Rival,Nexto,3,1,0,1
1919,rival_stochastic_self_play,Nexto,Nexto,Nexto,Nexto,0,4,0,1
1920,rival_stochastic_self_play,Nexto,Nexto,Nexto,Nexto,0,4,0,1
1921,rival_stochastic_self_play,Nexto,Rival,Rival,Nexto,2,2,0,1
1922,rival_stochastic_self_play,Rival,Rival,Rival,Nexto,3,1,0,1
1923,rival_stochastic_self_play,Nexto,Rival,Nexto,Rival,2,2,0,1
1924,rival_stochastic_self_play,Rival,Nexto,Nexto,Nexto,1,3,0,1
1925,rival_stochastic_self_play,Nexto,Rival,Nexto,Rival,2,2,0,1
1926,rival_stochastic_self_play,Nexto,Nexto,Nexto,Rival,1,3,0,1
1927,rival_stochastic_self_play,Nexto,Rival,Rival,Nexto,2,2,0,1
1928,rival_stochastic_self_play,Nexto,Draw,Draw,Nexto,0,2,2,0
1929,rival_stochastic_self_play,Nexto,Rival,Rival,Nexto,2,2,0,1
1930,rival_stochastic_self_play,Rival,Nexto,Rival,Nexto,2,2,0,1
1931,rival_stochastic_self_play,Rival,Rival,Rival,Nexto,3,1,0,1
1932,rival_stochastic_self_play,Nexto,Rival,Rival,Nexto,2,2,0,1
1933,rival_stochastic_self_play,Rival,Rival,Rival,Rival,4,0,0,1
1934,rival_stochastic_self_play,Rival,Rival,Nexto,Rival,3,1,0,1
1935,rival_stochastic_self_play,Rival,Rival,Draw,Rival,3,0,1,0
1936,rival_stochastic_self_play,Nexto,Rival,Nexto,Rival,2,2,0,1
1937,rival_stochastic_self_play,Nexto,Rival,Rival,Nexto,2,2,0,1
1938,rival_stochastic_self_play,Rival,Nexto,Nexto,Rival,2,2,0,1
1939,rival_stochastic_self_play,Nexto,Nexto,Nexto,Nexto,0,4,0,1
1940,rival_stochastic_self_play,Rival,Draw,Nexto,Rival,2,1,1,0
1941,rival_stochastic_self_play,Nexto,Nexto,Nexto,Rival,1,3,0,1
1942,rival_stochastic_self_play,Rival,Rival,Nexto,Rival,3,1,0,1
1943,rival_stochastic_self_play,Nexto,Nexto,Nexto,Nexto,0,4,0,1
1944,rival_stochastic_self_play,Rival,Rival,Rival,Rival,4,0,0,1
1945,rival_stochastic_self_play,Rival,Nexto,Nexto,Rival,2,2,0,1
1946,rival_stochastic_self_play,Nexto,Nexto,Nexto,Nexto,0,4,0,1
1947,rival_stochastic_self_play,Draw,Nexto,Rival,Nexto,1,2,1,0
1948,rival_stochastic_self_play,Nexto,Nexto,Draw,Nexto,0,3,1,0
1949,rival_stochastic_self_play,Nexto,Rival,Rival,Nexto,2,2,0,1
1950,rival_stochastic_self_play,Rival,Nexto,Rival,Rival,3,1,0,1
1951,rival_stochastic_self_play,Nexto,Rival,Nexto,Nexto,1,3,0,1
1952,rival_stochastic_self_play,Rival,Nexto,Rival,Rival,3,1,0,1
1953,rival_stochastic_self_play,Nexto,Nexto,Nexto,Nexto,0,4,0,1
1954,rival_stochastic_self_play,Nexto,Rival,Rival,Nexto,2,2,0,1
1955,rival_stochastic_self_play,Rival,Rival,Nexto,Rival,3,1,0,1
1956,rival_stochastic_self_play,Rival,Rival,Rival,Rival,4,0,0,1
1957,rival_stochastic_self_play,Draw,Rival,Rival,Nexto,2,1,1,0
1958,rival_stochastic_self_play,Nexto,Rival,Rival,Rival,3,1,0,1
1959,rival_stochastic_self_play,Rival,Rival,Nexto,Rival,3,1,0,1
1960,rival_stochastic_self_play,Rival,Rival,Rival,Rival,4,0,0,1
1961,rival_stochastic_self_play,Nexto,Rival,Nexto,Nexto,1,3,0,1
1962,rival_stochastic_self_play,Rival,Nexto,Nexto,Rival,2,2,0,1
1963,rival_stochastic_self_play,Rival,Rival,Nexto,Rival,3,1,0,1
1964,rival_stochastic_self_play,Rival,Nexto,Nexto,Rival,2,2,0,1
1965,rival_stochastic_self_play,Rival,Rival,Rival,Rival,4,0,0,1
1966,rival_stochastic_self_play,Rival,Rival,Rival,Nexto,3,1,0,1
1967,rival_stochastic_self_play,Rival,Nexto,Nexto,Rival,2,2,0,1
1968,rival_stochastic_self_play,Nexto,Draw,Nexto,Nexto,0,3,1,0
1969,rival_stochastic_self_play,Draw,Nexto,Nexto,Rival,1,2,1,0
1970,rival_stochastic_self_play,Nexto,Rival,Nexto,Nexto,1,3,0,1
1971,rival_stochastic_self_play,Nexto,Rival,Rival,Rival,3,1,0,1
1972,rival_stochastic_self_play,Rival,Rival,Rival,Nexto,3,1,0,1
1973,rival_stochastic_self_play,Nexto,Nexto,Nexto,Rival,1,3,0,1
1974,rival_stochastic_self_play,Rival,Rival,Nexto,Rival,3,1,0,1
1975,rival_stochastic_self_play,Nexto,Rival,Rival,Nexto,2,2,0,1
1976,rival_stochastic_self_play,Rival,Rival,Rival,Rival,4,0,0,1
1977,rival_stochastic_self_play,Rival,Rival,Nexto,Nexto,2,2,0,1
1978,rival_stochastic_self_play,Nexto,Rival,Nexto,Rival,2,2,0,1
1979,rival_stochastic_self_play,Rival,Rival,Rival,Nexto,3,1,0,1
1980,rival_stochastic_self_play,Nexto,Nexto,Rival,Nexto,1,3,0,1
1981,rival_stochastic_self_play,Rival,Rival,Nexto,Rival,3,1,0,1
1982,rival_stochastic_self_play,Nexto,Rival,Rival,Rival,3,1,0,1
1983,rival_stochastic_self_play,Nexto,Nexto,Nexto,Rival,1,3,0,1
1984,rival_stochastic_self_play,Nexto,Nexto,Nexto,Rival,1,3,0,1
1985,rival_stochastic_self_play,Nexto,Nexto,Nexto,Rival,1,3,0,1
1986,rival_stochastic_self_play,Rival,Nexto,Nexto,Rival,2,2,0,1
1987,rival_stochastic_self_play,Nexto,Nexto,Nexto,Rival,1,3,0,1
1988,rival_stochastic_self_play,Nexto,Rival,Rival,Rival,3,1,0,1
1989,rival_stochastic_self_play,Nexto,Rival,Rival,Nexto,2,2,0,1
1990,rival_stochastic_self_play,Nexto,Rival,Rival,Nexto,2,2,0,1
1991,rival_stochastic_self_play,Rival,Nexto,Nexto,Rival,2,2,0,1
1992,rival_stochastic_self_play,Nexto,Nexto,Rival,Nexto,1,3,0,1
1993,rival_stochastic_self_play,Rival,Rival,Rival,Nexto,3,1,0,1
1994,rival_stochastic_self_play,Nexto,Nexto,Nexto,Nexto,0,4,0,1
1995,rival_stochastic_self_play,Nexto,Rival,Rival,Nexto,2,2,0,1
1996,rival_stochastic_self_play,Nexto,Nexto,Rival,Nexto,1,3,0,1
1997,rival_stochastic_self_play,Rival,Rival,Rival,Rival,4,0,0,1
1998,rival_stochastic_self_play,Nexto,Rival,Nexto,Rival,2,2,0,1
1999,rival_stochastic_self_play,Rival,Rival,Rival,Rival,4,0,0,1
2000,rival_stochastic_self_play,Nexto,Rival,Nexto,Nexto,1,3,0,1
2001,rival_stochastic_self_play,Nexto,Nexto,Rival,Nexto,1,3,0,1
2002,rival_stochastic_self_play,Rival,Rival,Nexto,Rival,3,1,0,1
2003,rival_stochastic_self_play,Nexto,Nexto,Nexto,Rival,1,3,0,1
2004,rival_stochastic_self_play,Rival,Nexto,Nexto,Rival,2,2,0,1
2005,rival_stochastic_self_play,Nexto,Rival,Rival,Nexto,2,2,0,1
2006,rival_stochastic_self_play,Nexto,Rival,Nexto,Rival,2,2,0,1
2007,rival_stochastic_self_play,Nexto,Rival,Rival,Nexto,2,2,0,1
2008,rival_stochastic_self_play,Nexto,Rival,Rival,Nexto,2,2,0,1
2009,rival_stochastic_self_play,Nexto,Rival,Rival,Nexto,2,2,0,1
2010,rival_stochastic_self_play,Nexto,Rival,Rival,Nexto,2,2,0,1
2011,rival_stochastic_self_play,Nexto,Rival,Rival,Rival,3,1,0,1
2012,rival_stochastic_self_play,Rival,Nexto,Rival,Nexto,2,2,0,1
2013,rival_stochastic_self_play,Rival,Rival,Rival,Nexto,3,1,0,1
2014,rival_stochastic_self_play,Rival,Nexto,Draw,Rival,2,1,1,0
2015,rival_stochastic_self_play,Nexto,Rival,Rival,Nexto,2,2,0,1
2016,rival_stochastic_self_play,Nexto,Nexto,Nexto,Rival,1,3,0,1
2017,rival_stochastic_self_play,Nexto,Rival,Rival,Rival,3,1,0,1
2018,rival_stochastic_self_play,Rival,Rival,Rival,Rival,4,0,0,1
2019,rival_stochastic_self_play,Nexto,Rival,Rival,Rival,3,1,0,1
2020,rival_stochastic_self_play,Rival,Rival,Nexto,Rival,3,1,0,1
2021,rival_stochastic_self_play,Nexto,Rival,Rival,Rival,3,1,0,1
2022,rival_stochastic_self_play,Nexto,Rival,Rival,Rival,3,1,0,1
2023,rival_stochastic_self_play,Nexto,Rival,Rival,Nexto,2,2,0,1
2024,rival_stochastic_self_play,Nexto,Nexto,Nexto,Nexto,0,4,0,1
2025,rival_stochastic_self_play,Nexto,Nexto,Nexto,Nexto,0,4,0,1
2026,rival_stochastic_self_play,Rival,Nexto,Nexto,Nexto,1,3,0,1
2027,rival_stochastic_self_play,Nexto,Nexto,Nexto,Nexto,0,4,0,1
2028,rival_stochastic_self_play,Nexto,Rival,Rival,Rival,3,1,0,1
2029,rival_stochastic_self_play,Nexto,Nexto,Nexto,Rival,1,3,0,1
2030,rival_stochastic_self_play,Rival,Nexto,Nexto,Rival,2,2,0,1
2031,rival_stochastic_self_play,Rival,Rival,Rival,Nexto,3,1,0,1
2032,rival_stochastic_self_play,Nexto,Rival,Rival,Nexto,2,2,0,1
2033,rival_stochastic_self_play,Rival,Rival,Draw,Rival,3,0,1,0
2034,rival_stochastic_self_play,Nexto,Rival,Rival,Nexto,2,2,0,1
2035,rival_stochastic_self_play,Rival,Rival,Rival,Nexto,3,1,0,1
2036,rival_stochastic_self_play,Rival,Rival,Rival,Nexto,3,1,0,1
2037,rival_stochastic_self_play,Rival,Rival,Rival,Rival,4,0,0,1
2038,rival_stochastic_self_play,Nexto,Nexto,Nexto,Rival,1,3,0,1
2039,rival_stochastic_self_play,Rival,Rival,Nexto,Rival,3,1,0,1
2040,rival_stochastic_self_play,Nexto,Rival,Rival,Rival,3,1,0,1
2041,rival_stochastic_self_play,Nexto,Rival,Rival,Nexto,2,2,0,1
2042,rival_stochastic_self_play,Nexto,Rival,Rival,Nexto,2,2,0,1
2043,rival_stochastic_self_play,Nexto,Rival,Rival,Nexto,2,2,0,1
2044,rival_stochastic_self_play,Nexto,Rival,Rival,Nexto,2,2,0,1
2045,rival_stochastic_self_play,Draw,Rival,Rival,Nexto,2,1,1,0
2046,rival_stochastic_self_play,Rival,Rival,Rival,Rival,4,0,0,1
2047,rival_stochastic_self_play,Nexto,Rival,Nexto,Rival,2,2,0,1
2048,nexto_deterministic_self_play,Nexto,Nexto,Nexto,Nexto,0,4,0,1
2049,nexto_deterministic_self_play,Rival,Rival,Nexto,Rival,3,1,0,1
2050,nexto_deterministic_self_play,Nexto,Rival,Rival,Nexto,2,2,0,1
2051,nexto_deterministic_self_play,Nexto,Nexto,Nexto,Rival,1,3,0,1
2052,nexto_deterministic_self_play,Rival,Nexto,Nexto,Rival,2,2,0,1
2053,nexto_deterministic_self_play,Nexto,Nexto,Nexto,Rival,1,3,0,1
2054,nexto_deterministic_self_play,Nexto,Rival,Nexto,Nexto,1,3,0,1
2055,nexto_deterministic_self_play,Nexto,Rival,Rival,Nexto,2,2,0,1
2056,nexto_deterministic_self_play,Rival,Rival,Rival,Rival,4,0,0,1
2057,nexto_deterministic_self_play,Rival,Draw,Draw,Rival,2,0,2,0
2058,nexto_deterministic_self_play,Rival,Nexto,Rival,Rival,3,1,0,1
2059,nexto_deterministic_self_play,Nexto,Rival,Nexto,Nexto,1,3,0,1
2060,nexto_deterministic_self_play,Rival,Rival,Rival,Rival,4,0,0,1
2061,nexto_deterministic_self_play,Rival,Rival,Rival,Rival,4,0,0,1
2062,nexto_deterministic_self_play,Rival,Rival,Nexto,Rival,3,1,0,1
2063,nexto_deterministic_self_play,Nexto,Rival,Rival,Nexto,2,2,0,1
2064,nexto_deterministic_self_play,Nexto,Rival,Nexto,Rival,2,2,0,1
2065,nexto_deterministic_self_play,Nexto,Rival,Rival,Rival,3,1,0,1
2066,nexto_deterministic_self_play,Rival,Rival,Rival,Rival,4,0,0,1
2067,nexto_deterministic_self_play,Rival,Rival,Rival,Rival,4,0,0,1
2068,nexto_deterministic_self_play,Rival,Rival,Nexto,Nexto,2,2,0,1
2069,nexto_deterministic_self_play,Rival,Nexto,Nexto,Nexto,1,3,0,1
2070,nexto_deterministic_self_play,Nexto,Rival,Rival,Rival,3,1,0,1
2071,nexto_deterministic_self_play,Rival,Nexto,Nexto,Rival,2,2,0,1
2072,nexto_deterministic_self_play,Nexto,Rival,Rival,Draw,2,1,1,0
2073,nexto_deterministic_self_play,Nexto,Rival,Nexto,Nexto,1,3,0,1
2074,nexto_deterministic_self_play,Nexto,Nexto,Nexto,Rival,1,3,0,1
2075,nexto_deterministic_self_play,Nexto,Rival,Nexto,Rival,2,2,0,1
2076,nexto_deterministic_self_play,Nexto,Nexto,Nexto,Rival,1,3,0,1
2077,nexto_deterministic_self_play,Rival,Nexto,Rival,Rival,3,1,0,1
2078,nexto_deterministic_self_play,Nexto,Nexto,Nexto,Rival,1,3,0,1
2079,nexto_deterministic_self_play,Nexto,Rival,Rival,Nexto,2,2,0,1
2080,nexto_deterministic_self_play,Nexto,Rival,Rival,Draw,2,1,1,0
2081,nexto_deterministic_self_play,Nexto,Rival,Nexto,Nexto,1,3,0,1
2082,nexto_deterministic_self_play,Rival,Draw,Draw,Rival,2,0,2,0
2083,nexto_deterministic_self_play,Nexto,Rival,Nexto,Draw,1,2,1,0
2084,nexto_deterministic_self_play,Draw,Rival,Nexto,Rival,2,1,1,0
2085,nexto_deterministic_self_play,Nexto,Rival,Rival,Rival,3,1,0,1
2086,nexto_deterministic_self_play,Rival,Rival,Rival,Rival,4,0,0,1
2087,nexto_deterministic_self_play,Rival,Nexto,Nexto,Nexto,1,3,0,1
2088,nexto_deterministic_self_play,Nexto,Nexto,Nexto,Nexto,0,4,0,1
2089,nexto_deterministic_self_play,Nexto,Rival,Nexto,Rival,2,2,0,1
2090,nexto_deterministic_self_play,Rival,Rival,Rival,Rival,4,0,0,1
2091,nexto_deterministic_self_play,Rival,Rival,Rival,Rival,4,0,0,1
2092,nexto_deterministic_self_play,Rival,Rival,Rival,Rival,4,0,0,1
2093,nexto_deterministic_self_play,Rival,Rival,Rival,Rival,4,0,0,1
2094,nexto_deterministic_self_play,Nexto,Nexto,Nexto,Nexto,0,4,0,1
2095,nexto_deterministic_self_play,Rival,Rival,Nexto,Rival,3,1,0,1
2096,nexto_deterministic_self_play,Rival,Nexto,Nexto,Rival,2,2,0,1
2097,nexto_deterministic_self_play,Rival,Rival,Rival,Nexto,3,1,0,1
2098,nexto_deterministic_self_play,Nexto,Rival,Rival,Nexto,2,2,0,1
2099,nexto_deterministic_self_play,Nexto,Nexto,Nexto,Rival,1,3,0,1
2100,nexto_deterministic_self_play,Nexto,Rival,Nexto,Rival,2,2,0,1
2101,nexto_deterministic_self_play,Nexto,Rival,Rival,Nexto,2,2,0,1
2102,nexto_deterministic_self_play,Rival,Nexto,Rival,Rival,3,1,0,1
2103,nexto_deterministic_self_play,Rival,Nexto,Nexto,Rival,2,2,0,1
2104,nexto_deterministic_self_play,Nexto,Nexto,Rival,Rival,2,2,0,1
2105,nexto_deterministic_self_play,Nexto,Rival,Rival,Rival,3,1,0,1
2106,nexto_deterministic_self_play,Nexto,Rival,Nexto,Nexto,1,3,0,1
2107,nexto_deterministic_self_play,Nexto,Rival,Rival,Nexto,2,2,0,1
2108,nexto_deterministic_self_play,Nexto,Rival,Nexto,Draw,1,2,1,0
2109,nexto_deterministic_self_play,Draw,Rival,Nexto,Rival,2,1,1,0
2110,nexto_deterministic_self_play,Nexto,Nexto,Rival,Rival,2,2,0,1
2111,nexto_deterministic_self_play,Nexto,Nexto,Nexto,Rival,1,3,0,1
2112,nexto_deterministic_self_play,Rival,Nexto,Nexto,Nexto,1,3,0,1
2113,nexto_deterministic_self_play,Rival,Nexto,Nexto,Rival,2,2,0,1
2114,nexto_deterministic_self_play,Rival,Nexto,Nexto,Rival,2,2,0,1
2115,nexto_deterministic_self_play,Nexto,Nexto,Nexto,Nexto,0,4,0,1
2116,nexto_deterministic_self_play,Rival,Rival,Rival,Rival,4,0,0,1
2117,nexto_deterministic_self_play,Nexto,Nexto,Nexto,Nexto,0,4,0,1
2118,nexto_deterministic_self_play,Nexto,Nexto,Nexto,Nexto,0,4,0,1
2119,nexto_deterministic_self_play,Nexto,Nexto,Nexto,Nexto,0,4,0,1
2120,nexto_deterministic_self_play,Rival,Rival,Rival,Rival,4,0,0,1
2121,nexto_deterministic_self_play,Rival,Draw,Nexto,Rival,2,1,1,0
2122,nexto_deterministic_self_play,Rival,Rival,Draw,Nexto,2,1,1,0
2123,nexto_deterministic_self_play,Nexto,Nexto,Rival,Nexto,1,3,0,1
2124,nexto_deterministic_self_play,Draw,Rival,Nexto,Nexto,1,2,1,0
2125,nexto_deterministic_self_play,Nexto,Rival,Rival,Rival,3,1,0,1
2126,nexto_deterministic_self_play,Nexto,Nexto,Rival,Nexto,1,3,0,1
2127,nexto_deterministic_self_play,Rival,Rival,Nexto,Rival,3,1,0,1
2128,nexto_deterministic_self_play,Rival,Nexto,Nexto,Rival,2,2,0,1
2129,nexto_deterministic_self_play,Nexto,Nexto,Rival,Rival,2,2,0,1
2130,nexto_deterministic_self_play,Rival,Rival,Rival,Rival,4,0,0,1
2131,nexto_deterministic_self_play,Nexto,Nexto,Nexto,Rival,1,3,0,1
2132,nexto_deterministic_self_play,Nexto,Rival,Rival,Nexto,2,2,0,1
2133,nexto_deterministic_self_play,Nexto,Nexto,Nexto,Nexto,0,4,0,1
2134,nexto_deterministic_self_play,Rival,Draw,Nexto,Rival,2,1,1,0
2135,nexto_deterministic_self_play,Nexto,Nexto,Rival,Rival,2,2,0,1
2136,nexto_deterministic_self_play,Nexto,Nexto,Nexto,Rival,1,3,0,1
2137,nexto_deterministic_self_play,Nexto,Rival,Rival,Rival,3,1,0,1
2138,nexto_deterministic_self_play,Rival,Nexto,Nexto,Rival,2,2,0,1
2139,nexto_deterministic_self_play,Rival,Nexto,Nexto,Rival,2,2,0,1
2140,nexto_deterministic_self_play,Nexto,Nexto,Rival,Draw,1,2,1,0
2141,nexto_deterministic_self_play,Rival,Rival,Rival,Rival,4,0,0,1
2142,nexto_deterministic_self_play,Nexto,Nexto,Nexto,Nexto,0,4,0,1
2143,nexto_deterministic_self_play,Nexto,Nexto,Nexto,Rival,1,3,0,1
2144,nexto_deterministic_self_play,Nexto,Rival,Draw,Nexto,1,2,1,0
2145,nexto_deterministic_self_play,Nexto,Rival,Rival,Nexto,2,2,0,1
2146,nexto_deterministic_self_play,Rival,Draw,Nexto,Rival,2,1,1,0
2147,nexto_deterministic_self_play,Rival,Rival,Nexto,Rival,3,1,0,1
2148,nexto_deterministic_self_play,Nexto,Nexto,Rival,Nexto,1,3,0,1
2149,nexto_deterministic_self_play,Draw,Rival,Nexto,Nexto,1,2,1,0
2150,nexto_deterministic_self_play,Nexto,Rival,Rival,Nexto,2,2,0,1
2151,nexto_deterministic_self_play,Rival,Nexto,Rival,Rival,3,1,0,1
2152,nexto_deterministic_self_play,Rival,Rival,Nexto,Rival,3,1,0,1
2153,nexto_deterministic_self_play,Nexto,Nexto,Nexto,Nexto,0,4,0,1
2154,nexto_deterministic_self_play,Nexto,Nexto,Rival,Rival,2,2,0,1
2155,nexto_deterministic_self_play,Nexto,Nexto,Nexto,Nexto,0,4,0,1
2156,nexto_deterministic_self_play,Nexto,Nexto,Nexto,Rival,1,3,0,1
2157,nexto_deterministic_self_play,Nexto,Nexto,Nexto,Nexto,0,4,0,1
2158,nexto_deterministic_self_play,Nexto,Nexto,Nexto,Nexto,0,4,0,1
2159,nexto_deterministic_self_play,Nexto,Nexto,Nexto,Nexto,0,4,0,1
2160,nexto_deterministic_self_play,Nexto,Rival,Rival,Rival,3,1,0,1
2161,nexto_deterministic_self_play,Nexto,Rival,Rival,Rival,3,1,0,1
2162,nexto_deterministic_self_play,Nexto,Rival,Rival,Rival,3,1,0,1
2163,nexto_deterministic_self_play,Nexto,Rival,Nexto,Nexto,1,3,0,1
2164,nexto_deterministic_self_play,Rival,Rival,Nexto,Rival,3,1,0,1
2165,nexto_deterministic_self_play,Nexto,Nexto,Rival,Draw,1,2,1,0
2166,nexto_deterministic_self_play,Rival,Rival,Rival,Rival,4,0,0,1
2167,nexto_deterministic_self_play,Rival,Nexto,Rival,Rival,3,1,0,1
2168,nexto_deterministic_self_play,Nexto,Nexto,Nexto,Rival,1,3,0,1
2169,nexto_deterministic_self_play,Nexto,Rival,Draw,Nexto,1,2,1,0
2170,nexto_deterministic_self_play,Nexto,Nexto,Nexto,Rival,1,3,0,1
2171,nexto_deterministic_self_play,Rival,Rival,Rival,Rival,4,0,0,1
2172,nexto_deterministic_self_play,Rival,Rival,Nexto,Rival,3,1,0,1
2173,nexto_deterministic_self_play,Nexto,Rival,Nexto,Nexto,1,3,0,1
2174,nexto_deterministic_self_play,Rival,Nexto,Nexto,Rival,2,2,0,1
2175,nexto_deterministic_self_play,Rival,Rival,Rival,Rival,4,0,0,1
2176,nexto_deterministic_self_play,Rival,Nexto,Rival,Rival,3,1,0,1
2177,nexto_deterministic_self_play,Rival,Rival,Rival,Rival,4,0,0,1
2178,nexto_deterministic_self_play,Nexto,Nexto,Nexto,Draw,0,3,1,0
2179,nexto_deterministic_self_play,Nexto,Nexto,Rival,Rival,2,2,0,1
2180,nexto_deterministic_self_play,Nexto,Rival,Rival,Nexto,2,2,0,1
2181,nexto_deterministic_self_play,Rival,Rival,Rival,Rival,4,0,0,1
2182,nexto_deterministic_self_play,Nexto,Nexto,Nexto,Nexto,0,4,0,1
2183,nexto_deterministic_self_play,Nexto,Nexto,Nexto,Nexto,0,4,0,1
2184,nexto_deterministic_self_play,Nexto,Nexto,Nexto,Rival,1,3,0,1
2185,nexto_deterministic_self_play,Nexto,Rival,Rival,Rival,3,1,0,1
2186,nexto_deterministic_self_play,Rival,Rival,Rival,Rival,4,0,0,1
2187,nexto_deterministic_self_play,Rival,Nexto,Nexto,Rival,2,2,0,1
2188,nexto_deterministic_self_play,Rival,Nexto,Nexto,Rival,2,2,0,1
2189,nexto_deterministic_self_play,Rival,Rival,Nexto,Rival,3,1,0,1
2190,nexto_deterministic_self_play,Nexto,Rival,Rival,Rival,3,1,0,1
2191,nexto_deterministic_self_play,Nexto,Rival,Rival,Rival,3,1,0,1
2192,nexto_deterministic_self_play,Rival,Nexto,Nexto,Rival,2,2,0,1
2193,nexto_deterministic_self_play,Rival,Nexto,Nexto,Rival,2,2,0,1
2194,nexto_deterministic_self_play,Rival,Nexto,Nexto,Rival,2,2,0,1
2195,nexto_deterministic_self_play,Rival,Rival,Rival,Rival,4,0,0,1
2196,nexto_deterministic_self_play,Rival,Rival,Rival,Rival,4,0,0,1
2197,nexto_deterministic_self_play,Rival,Rival,Nexto,Rival,3,1,0,1
2198,nexto_deterministic_self_play,Nexto,Rival,Nexto,Rival,2,2,0,1
2199,nexto_deterministic_self_play,Rival,Nexto,Nexto,Rival,2,2,0,1
2200,nexto_deterministic_self_play,Nexto,Rival,Rival,Rival,3,1,0,1
2201,nexto_deterministic_self_play,Rival,Nexto,Nexto,Rival,2,2,0,1
2202,nexto_deterministic_self_play,Rival,Rival,Rival,Rival,4,0,0,1
2203,nexto_deterministic_self_play,Nexto,Nexto,Nexto,Nexto,0,4,0,1
2204,nexto_deterministic_self_play,Nexto,Nexto,Nexto,Rival,1,3,0,1
2205,nexto_deterministic_self_play,Nexto,Rival,Rival,Nexto,2,2,0,1
2206,nexto_deterministic_self_play,Rival,Rival,Rival,Rival,4,0,0,1
2207,nexto_deterministic_self_play,Rival,Nexto,Nexto,Rival,2,2,0,1
2208,nexto_deterministic_self_play,Nexto,Nexto,Nexto,Nexto,0,4,0,1
2209,nexto_deterministic_self_play,Nexto,Nexto,Nexto,Rival,1,3,0,1
2210,nexto_deterministic_self_play,Nexto,Rival,Nexto,Rival,2,2,0,1
2211,nexto_deterministic_self_play,Rival,Rival,Rival,Rival,4,0,0,1
2212,nexto_deterministic_self_play,Rival,Nexto,Nexto,Rival,2,2,0,1
2213,nexto_deterministic_self_play,Nexto,Nexto,Nexto,Nexto,0,4,0,1
2214,nexto_deterministic_self_play,Nexto,Rival,Rival,Nexto,2,2,0,1
2215,nexto_deterministic_self_play,Nexto,Rival,Rival,Rival,3,1,0,1
2216,nexto_deterministic_self_play,Nexto,Rival,Rival,Rival,3,1,0,1
2217,nexto_deterministic_self_play,Nexto,Nexto,Nexto,Nexto,0,4,0,1
2218,nexto_deterministic_self_play,Rival,Nexto,Nexto,Rival,2,2,0,1
2219,nexto_deterministic_self_play,Rival,Nexto,Nexto,Rival,2,2,0,1
2220,nexto_deterministic_self_play,Nexto,Rival,Rival,Rival,3,1,0,1
2221,nexto_deterministic_self_play,Draw,Rival,Rival,Draw,2,0,2,0
2222,nexto_deterministic_self_play,Rival,Rival,Nexto,Rival,3,1,0,1
2223,nexto_deterministic_self_play,Nexto,Nexto,Nexto,Rival,1,3,0,1
2224,nexto_deterministic_self_play,Nexto,Rival,Rival,Nexto,2,2,0,1
2225,nexto_deterministic_self_play,Nexto,Nexto,Rival,Nexto,1,3,0,1
2226,nexto_deterministic_self_play,Rival,Nexto,Nexto,Rival,2,2,0,1
2227,nexto_deterministic_self_play,Rival,Rival,Rival,Rival,4,0,0,1
2228,nexto_deterministic_self_play,Nexto,Nexto,Nexto,Nexto,0,4,0,1
2229,nexto_deterministic_self_play,Rival,Rival,Nexto,Rival,3,1,0,1
2230,nexto_deterministic_self_play,Nexto,Rival,Nexto,Rival,2,2,0,1
2231,nexto_deterministic_self_play,Rival,Rival,Nexto,Rival,3,1,0,1
2232,nexto_deterministic_self_play,Rival,Nexto,Nexto,Rival,2,2,0,1
2233,nexto_deterministic_self_play,Nexto,Rival,Nexto,Nexto,1,3,0,1
2234,nexto_deterministic_self_play,Nexto,Rival,Nexto,Nexto,1,3,0,1
2235,nexto_deterministic_self_play,Nexto,Rival,Nexto,Rival,2,2,0,1
2236,nexto_deterministic_self_play,Rival,Rival,Rival,Rival,4,0,0,1
2237,nexto_deterministic_self_play,Rival,Nexto,Rival,Rival,3,1,0,1
2238,nexto_deterministic_self_play,Nexto,Nexto,Nexto,Nexto,0,4,0,1
2239,nexto_deterministic_self_play,Nexto,Rival,Rival,Nexto,2,2,0,1
2240,nexto_deterministic_self_play,Rival,Rival,Rival,Nexto,3,1,0,1
2241,nexto_deterministic_self_play,Nexto,Rival,Nexto,Nexto,1,3,0,1
2242,nexto_deterministic_self_play,Nexto,Nexto,Nexto,Rival,1,3,0,1
2243,nexto_deterministic_self_play,Rival,Nexto,Rival,Rival,3,1,0,1
2244,nexto_deterministic_self_play,Nexto,Nexto,Nexto,Rival,1,3,0,1
2245,nexto_deterministic_self_play,Nexto,Rival,Rival,Rival,3,1,0,1
2246,nexto_deterministic_self_play,Draw,Rival,Rival,Draw,2,0,2,0
2247,nexto_deterministic_self_play,Rival,Nexto,Nexto,Nexto,1,3,0,1
2248,nexto_deterministic_self_play,Nexto,Nexto,Nexto,Nexto,0,4,0,1
2249,nexto_deterministic_self_play,Nexto,Rival,Rival,Nexto,2,2,0,1
2250,nexto_deterministic_self_play,Nexto,Rival,Rival,Nexto,2,2,0,1
2251,nexto_deterministic_self_play,Rival,Rival,Rival,Rival,4,0,0,1
2252,nexto_deterministic_self_play,Rival,Rival,Rival,Rival,4,0,0,1
2253,nexto_deterministic_self_play,Nexto,Nexto,Nexto,Nexto,0,4,0,1
2254,nexto_deterministic_self_play,Nexto,Rival,Rival,Rival,3,1,0,1
2255,nexto_deterministic_self_play,Nexto,Rival,Rival,Rival,3,1,0,1
2256,nexto_deterministic_self_play,Rival,Rival,Nexto,Rival,3,1,0,1
2257,nexto_deterministic_self_play,Rival,Rival,Draw,Nexto,2,1,1,0
2258,nexto_deterministic_self_play,Nexto,Nexto,Nexto,Nexto,0,4,0,1
2259,nexto_deterministic_self_play,Nexto,Rival,Nexto,Nexto,1,3,0,1
2260,nexto_deterministic_self_play,Nexto,Rival,Nexto,Nexto,1,3,0,1
2261,nexto_deterministic_self_play,Nexto,Rival,Rival,Draw,2,1,1,0
2262,nexto_deterministic_self_play,Nexto,Rival,Rival,Rival,3,1,0,1
2263,nexto_deterministic_self_play,Nexto,Rival,Nexto,Nexto,1,3,0,1
2264,nexto_deterministic_self_play,Nexto,Rival,Nexto,Nexto,1,3,0,1
2265,nexto_deterministic_self_play,Rival,Rival,Rival,Nexto,3,1,0,1
2266,nexto_deterministic_self_play,Rival,Rival,Rival,Rival,4,0,0,1
2267,nexto_deterministic_self_play,Nexto,Rival,Draw,Rival,2,1,1,0
2268,nexto_deterministic_self_play,Nexto,Nexto,Nexto,Nexto,0,4,0,1
2269,nexto_deterministic_self_play,Nexto,Nexto,Nexto,Rival,1,3,0,1
2270,nexto_deterministic_self_play,Nexto,Rival,Rival,Nexto,2,2,0,1
2271,nexto_deterministic_self_play,Rival,Rival,Rival,Nexto,3,1,0,1
2272,nexto_deterministic_self_play,Rival,Nexto,Nexto,Nexto,1,3,0,1
2273,nexto_deterministic_self_play,Nexto,Nexto,Nexto,Nexto,0,4,0,1
2274,nexto_deterministic_self_play,Rival,Nexto,Nexto,Rival,2,2,0,1
2275,nexto_deterministic_self_play,Nexto,Rival,Rival,Nexto,2,2,0,1
2276,nexto_deterministic_self_play,Rival,Rival,Rival,Rival,4,0,0,1
2277,nexto_deterministic_self_play,Rival,Rival,Rival,Rival,4,0,0,1
2278,nexto_deterministic_self_play,Nexto,Nexto,Nexto,Nexto,0,4,0,1
2279,nexto_deterministic_self_play,Nexto,Rival,Rival,Rival,3,1,0,1
2280,nexto_deterministic_self_play,Nexto,Rival,Rival,Nexto,2,2,0,1
2281,nexto_deterministic_self_play,Nexto,Rival,Nexto,Nexto,1,3,0,1
2282,nexto_deterministic_self_play,Nexto,Rival,Draw,Nexto,1,2,1,0
2283,nexto_deterministic_self_play,Nexto,Nexto,Nexto,Nexto,0,4,0,1
2284,nexto_deterministic_self_play,Draw,Rival,Nexto,Nexto,1,2,1,0
2285,nexto_deterministic_self_play,Nexto,Rival,Rival,Nexto,2,2,0,1
2286,nexto_deterministic_self_play,Nexto,Rival,Rival,Draw,2,1,1,0
2287,nexto_deterministic_self_play,Nexto,Nexto,Nexto,Rival,1,3,0,1
2288,nexto_deterministic_self_play,Nexto,Nexto,Nexto,Draw,0,3,1,0
2289,nexto_deterministic_self_play,Nexto,Rival,Nexto,Nexto,1,3,0,1
2290,nexto_deterministic_self_play,Nexto,Nexto,Nexto,Nexto,0,4,0,1
2291,nexto_deterministic_self_play,Rival,Nexto,Nexto,Rival,2,2,0,1
2292,nexto_deterministic_self_play,Nexto,Rival,Draw,Rival,2,1,1,0
2293,nexto_deterministic_self_play,Nexto,Nexto,Nexto,Nexto,0,4,0,1
2294,nexto_deterministic_self_play,Nexto,Nexto,Nexto,Nexto,0,4,0,1
2295,nexto_deterministic_self_play,Nexto,Rival,Rival,Nexto,2,2,0,1
2296,nexto_deterministic_self_play,Rival,Rival,Rival,Nexto,3,1,0,1
2297,nexto_deterministic_self_play,Draw,Rival,Rival,Rival,3,0,1,0
2298,nexto_deterministic_self_play,Nexto,Nexto,Nexto,Nexto,0,4,0,1
2299,nexto_deterministic_self_play,Rival,Rival,Nexto,Rival,3,1,0,1
2300,nexto_deterministic_self_play,Nexto,Rival,Nexto,Nexto,1,3,0,1
2301,nexto_deterministic_self_play,Nexto,Rival,Rival,Nexto,2,2,0,1
2302,nexto_deterministic_self_play,Rival,Rival,Rival,Rival,4,0,0,1
2303,nexto_deterministic_self_play,Nexto,Nexto,Nexto,Rival,1,3,0,1
2304,nexto_deterministic_self_play,Nexto,Rival,Nexto,Rival,2,2,0,1
2305,nexto_deterministic_self_play,Nexto,Rival,Rival,Nexto,2,2,0,1
2306,nexto_deterministic_self_play,Nexto,Rival,Nexto,Nexto,1,3,0,1
2307,nexto_deterministic_self_play,Rival,Rival,Nexto,Rival,3,1,0,1
2308,nexto_deterministic_self_play,Nexto,Nexto,Nexto,Nexto,0,4,0,1
2309,nexto_deterministic_self_play,Draw,Rival,Nexto,Nexto,1,2,1,0
2310,nexto_deterministic_self_play,Nexto,Rival,Rival,Nexto,2,2,0,1
2311,nexto_deterministic_self_play,Rival,Nexto,Rival,Rival,3,1,0,1
2312,nexto_deterministic_self_play,Nexto,Nexto,Nexto,Rival,1,3,0,1
2313,nexto_deterministic_self_play,Nexto,Nexto,Nexto,Draw,0,3,1,0
2314,nexto_deterministic_self_play,Rival,Nexto,Nexto,Nexto,1,3,0,1
2315,nexto_deterministic_self_play,Nexto,Rival,Rival,Rival,3,1,0,1
2316,nexto_deterministic_self_play,Rival,Nexto,Nexto,Rival,2,2,0,1
2317,nexto_deterministic_self_play,Nexto,Nexto,Nexto,Nexto,0,4,0,1
2318,nexto_deterministic_self_play,Nexto,Nexto,Nexto,Nexto,0,4,0,1
2319,nexto_deterministic_self_play,Nexto,Nexto,Nexto,Nexto,0,4,0,1
2320,nexto_deterministic_self_play,Rival,Rival,Rival,Rival,4,0,0,1
2321,nexto_deterministic_self_play,Rival,Rival,Rival,Rival,4,0,0,1
2322,nexto_deterministic_self_play,Draw,Rival,Rival,Rival,3,0,1,0
2323,nexto_deterministic_self_play,Rival,Nexto,Nexto,Rival,2,2,0,1
2324,nexto_deterministic_self_play,Nexto,Rival,Nexto,Nexto,1,3,0,1
2325,nexto_deterministic_self_play,Nexto,Rival,Rival,Rival,3,1,0,1
2326,nexto_deterministic_self_play,Nexto,Rival,Rival,Nexto,2,2,0,1
2327,nexto_deterministic_self_play,Rival,Nexto,Nexto,Rival,2,2,0,1
2328,nexto_deterministic_self_play,Nexto,Nexto,Nexto,Nexto,0,4,0,1
2329,nexto_deterministic_self_play,Nexto,Rival,Nexto,Rival,2,2,0,1
2330,nexto_deterministic_self_play,Nexto,Rival,Rival,Rival,3,1,0,1
2331,nexto_deterministic_self_play,Rival,Rival,Nexto,Rival,3,1,0,1
2332,nexto_deterministic_self_play,Rival,Rival,Nexto,Rival,3,1,0,1
2333,nexto_deterministic_self_play,Nexto,Nexto,Nexto,Nexto,0,4,0,1
2334,nexto_deterministic_self_play,Nexto,Rival,Nexto,Nexto,1,3,0,1
2335,nexto_deterministic_self_play,Nexto,Rival,Rival,Nexto,2,2,0,1
2336,nexto_deterministic_self_play,Rival,Rival,Nexto,Rival,3,1,0,1
2337,nexto_deterministic_self_play,Nexto,Rival,Rival,Rival,3,1,0,1
2338,nexto_deterministic_self_play,Rival,Nexto,Nexto,Rival,2,2,0,1
2339,nexto_deterministic_self_play,Rival,Nexto,Nexto,Nexto,1,3,0,1
2340,nexto_deterministic_self_play,Rival,Rival,Rival,Nexto,3,1,0,1
2341,nexto_deterministic_self_play,Rival,Rival,Rival,Rival,4,0,0,1
2342,nexto_deterministic_self_play,Nexto,Nexto,Nexto,Nexto,0,4,0,1
2343,nexto_deterministic_self_play,Nexto,Nexto,Nexto,Nexto,0,4,0,1
2344,nexto_deterministic_self_play,Nexto,Nexto,Nexto,Rival,1,3,0,1
2345,nexto_deterministic_self_play,Rival,Rival,Rival,Rival,4,0,0,1
2346,nexto_deterministic_self_play,Rival,Rival,Rival,Rival,4,0,0,1
2347,nexto_deterministic_self_play,Draw,Rival,Rival,Rival,3,0,1,0
2348,nexto_deterministic_self_play,Rival,Nexto,Nexto,Rival,2,2,0,1
2349,nexto_deterministic_self_play,Nexto,Rival,Nexto,Nexto,1,3,0,1
2350,nexto_deterministic_self_play,Nexto,Rival,Rival,Rival,3,1,0,1
2351,nexto_deterministic_self_play,Rival,Rival,Rival,Rival,4,0,0,1
2352,nexto_deterministic_self_play,Rival,Nexto,Nexto,Rival,2,2,0,1
2353,nexto_deterministic_self_play,Nexto,Nexto,Nexto,Rival,1,3,0,1
2354,nexto_deterministic_self_play,Rival,Nexto,Nexto,Rival,2,2,0,1
2355,nexto_deterministic_self_play,Nexto,Rival,Rival,Rival,3,1,0,1
2356,nexto_deterministic_self_play,Rival,Rival,Nexto,Rival,3,1,0,1
2357,nexto_deterministic_self_play,Rival,Rival,Rival,Rival,4,0,0,1
2358,nexto_deterministic_self_play,Nexto,Nexto,Nexto,Nexto,0,4,0,1
2359,nexto_deterministic_self_play,Nexto,Rival,Nexto,Nexto,1,3,0,1
2360,nexto_deterministic_self_play,Nexto,Nexto,Rival,Nexto,1,3,0,1
2361,nexto_deterministic_self_play,Nexto,Rival,Rival,Rival,3,1,0,1
2362,nexto_deterministic_self_play,Nexto,Rival,Rival,Rival,3,1,0,1
2363,nexto_deterministic_self_play,Nexto,Rival,Nexto,Rival,2,2,0,1
2364,nexto_deterministic_self_play,Rival,Rival,Nexto,Rival,3,1,0,1
2365,nexto_deterministic_self_play,Nexto,Rival,Rival,Rival,3,1,0,1
2366,nexto_deterministic_self_play,Rival,Rival,Rival,Rival,4,0,0,1
2367,nexto_deterministic_self_play,Nexto,Nexto,Nexto,Rival,1,3,0,1
2368,nexto_deterministic_self_play,Nexto,Nexto,Nexto,Nexto,0,4,0,1
2369,nexto_deterministic_self_play,Nexto,Nexto,Nexto,Nexto,0,4,0,1
2370,nexto_deterministic_self_play,Nexto,Rival,Rival,Rival,3,1,0,1
2371,nexto_deterministic_self_play,Rival,Rival,Rival,Rival,4,0,0,1
2372,nexto_deterministic_self_play,Draw,Rival,Rival,Rival,3,0,1,0
2373,nexto_deterministic_self_play,Nexto,Nexto,Nexto,Nexto,0,4,0,1
2374,nexto_deterministic_self_play,Rival,Nexto,Nexto,Rival,2,2,0,1
2375,nexto_deterministic_self_play,Nexto,Rival,Rival,Nexto,2,2,0,1
2376,nexto_deterministic_self_play,Rival,Rival,Rival,Rival,4,0,0,1
2377,nexto_deterministic_self_play,Nexto,Nexto,Nexto,Nexto,0,4,0,1
2378,nexto_deterministic_self_play,Nexto,Nexto,Nexto,Rival,1,3,0,1
2379,nexto_deterministic_self_play,Rival,Nexto,Nexto,Rival,2,2,0,1
2380,nexto_deterministic_self_play,Nexto,Rival,Rival,Nexto,2,2,0,1
2381,nexto_deterministic_self_play,Draw,Rival,Rival,Draw,2,0,2,0
2382,nexto_deterministic_self_play,Rival,Rival,Rival,Rival,4,0,0,1
2383,nexto_deterministic_self_play,Nexto,Nexto,Nexto,Rival,1,3,0,1
2384,nexto_deterministic_self_play,Rival,Rival,Nexto,Rival,3,1,0,1
2385,nexto_deterministic_self_play,Nexto,Nexto,Rival,Nexto,1,3,0,1
2386,nexto_deterministic_self_play,Nexto,Rival,Rival,Rival,3,1,0,1
2387,nexto_deterministic_self_play,Rival,Rival,Rival,Rival,4,0,0,1
2388,nexto_deterministic_self_play,Nexto,Rival,Rival,Rival,3,1,0,1
2389,nexto_deterministic_self_play,Rival,Rival,Nexto,Rival,3,1,0,1
2390,nexto_deterministic_self_play,Nexto,Rival,Rival,Nexto,2,2,0,1
2391,nexto_deterministic_self_play,Rival,Rival,Nexto,Rival,3,1,0,1
2392,nexto_deterministic_self_play,Nexto,Nexto,Nexto,Rival,1,3,0,1
2393,nexto_deterministic_self_play,Nexto,Nexto,Nexto,Nexto,0,4,0,1
2394,nexto_deterministic_self_play,Rival,Nexto,Rival,Nexto,2,2,0,1
2395,nexto_deterministic_self_play,Nexto,Rival,Rival,Nexto,2,2,0,1
2396,nexto_deterministic_self_play,Rival,Rival,Rival,Rival,4,0,0,1
2397,nexto_deterministic_self_play,Nexto,Rival,Rival,Rival,3,1,0,1
2398,nexto_deterministic_self_play,Nexto,Rival,Rival,Nexto,2,2,0,1
2399,nexto_deterministic_self_play,Rival,Nexto,Nexto,Rival,2,2,0,1
2400,nexto_deterministic_self_play,Nexto,Rival,Rival,Nexto,2,2,0,1
2401,nexto_deterministic_self_play,Rival,Rival,Rival,Rival,4,0,0,1
2402,nexto_deterministic_self_play,Rival,Rival,Nexto,Nexto,2,2,0,1
2403,nexto_deterministic_self_play,Nexto,Nexto,Nexto,Nexto,0,4,0,1
2404,nexto_deterministic_self_play,Nexto,Rival,Nexto,Nexto,1,3,0,1
2405,nexto_deterministic_self_play,Nexto,Rival,Rival,Nexto,2,2,0,1
2406,nexto_deterministic_self_play,Rival,Nexto,Nexto,Rival,2,2,0,1
2407,nexto_deterministic_self_play,Nexto,Nexto,Nexto,Rival,1,3,0,1
2408,nexto_deterministic_self_play,Nexto,Rival,Rival,Nexto,2,2,0,1
2409,nexto_deterministic_self_play,Rival,Rival,Nexto,Rival,3,1,0,1
2410,nexto_deterministic_self_play,Rival,Rival,Rival,Nexto,3,1,0,1
2411,nexto_deterministic_self_play,Rival,Rival,Rival,Rival,4,0,0,1
2412,nexto_deterministic_self_play,Rival,Nexto,Nexto,Rival,2,2,0,1
2413,nexto_deterministic_self_play,Nexto,Rival,Rival,Nexto,2,2,0,1
2414,nexto_deterministic_self_play,Nexto,Rival,Rival,Rival,3,1,0,1
2415,nexto_deterministic_self_play,Nexto,Rival,Rival,Nexto,2,2,0,1
2416,nexto_deterministic_self_play,Rival,Rival,Nexto,Rival,3,1,0,1
2417,nexto_deterministic_self_play,Rival,Rival,Nexto,Rival,3,1,0,1
2418,nexto_deterministic_self_play,Nexto,Nexto,Nexto,Nexto,0,4,0,1
2419,nexto_deterministic_self_play,Rival,Nexto,Rival,Nexto,2,2,0,1
2420,nexto_deterministic_self_play,Nexto,Rival,Rival,Nexto,2,2,0,1
2421,nexto_deterministic_self_play,Rival,Nexto,Nexto,Rival,2,2,0,1
2422,nexto_deterministic_self_play,Nexto,Rival,Rival,Rival,3,1,0,1
2423,nexto_deterministic_self_play,Nexto,Rival,Rival,Nexto,2,2,0,1
2424,nexto_deterministic_self_play,Nexto,Rival,Nexto,Nexto,1,3,0,1
2425,nexto_deterministic_self_play,Nexto,Rival,Rival,Nexto,2,2,0,1
2426,nexto_deterministic_self_play,Rival,Rival,Rival,Rival,4,0,0,1
2427,nexto_deterministic_self_play,Rival,Nexto,Nexto,Rival,2,2,0,1
2428,nexto_deterministic_self_play,Nexto,Nexto,Nexto,Rival,1,3,0,1
2429,nexto_deterministic_self_play,Nexto,Rival,Nexto,Nexto,1,3,0,1
2430,nexto_deterministic_self_play,Nexto,Rival,Rival,Nexto,2,2,0,1
2431,nexto_deterministic_self_play,Rival,Nexto,Nexto,Rival,2,2,0,1
2432,nexto_deterministic_self_play,Nexto,Nexto,Nexto,Rival,1,3,0,1
2433,nexto_deterministic_self_play,Nexto,Rival,Rival,Nexto,2,2,0,1
2434,nexto_deterministic_self_play,Rival,Rival,Nexto,Rival,3,1,0,1
2435,nexto_deterministic_self_play,Nexto,Rival,Rival,Rival,3,1,0,1
2436,nexto_deterministic_self_play,Rival,Rival,Rival,Rival,4,0,0,1
2437,nexto_deterministic_self_play,Rival,Rival,Rival,Rival,4,0,0,1
2438,nexto_deterministic_self_play,Nexto,Rival,Nexto,Rival,2,2,0,1
2439,nexto_deterministic_self_play,Nexto,Nexto,Nexto,Rival,1,3,0,1
2440,nexto_deterministic_self_play,Nexto,Rival,Rival,Rival,3,1,0,1
2441,nexto_deterministic_self_play,Rival,Rival,Rival,Rival,4,0,0,1
2442,nexto_deterministic_self_play,Rival,Rival,Nexto,Rival,3,1,0,1
2443,nexto_deterministic_self_play,Rival,Rival,Nexto,Nexto,2,2,0,1
2444,nexto_deterministic_self_play,Nexto,Nexto,Nexto,Rival,1,3,0,1
2445,nexto_deterministic_self_play,Rival,Rival,Rival,Rival,4,0,0,1
2446,nexto_deterministic_self_play,Rival,Nexto,Nexto,Rival,2,2,0,1
2447,nexto_deterministic_self_play,Nexto,Rival,Nexto,Rival,2,2,0,1
2448,nexto_deterministic_self_play,Rival,Rival,Nexto,Rival,3,1,0,1
2449,nexto_deterministic_self_play,Nexto,Rival,Nexto,Nexto,1,3,0,1
2450,nexto_deterministic_self_play,Rival,Rival,Rival,Rival,4,0,0,1
2451,nexto_deterministic_self_play,Rival,Nexto,Nexto,Rival,2,2,0,1
2452,nexto_deterministic_self_play,Rival,Nexto,Nexto,Rival,2,2,0,1
2453,nexto_deterministic_self_play,Nexto,Nexto,Nexto,Nexto,0,4,0,1
2454,nexto_deterministic_self_play,Nexto,Nexto,Nexto,Nexto,0,4,0,1
2455,nexto_deterministic_self_play,Nexto,Rival,Rival,Nexto,2,2,0,1
2456,nexto_deterministic_self_play,Rival,Nexto,Nexto,Rival,2,2,0,1
2457,nexto_deterministic_self_play,Draw,Rival,Rival,Rival,3,0,1,0
2458,nexto_deterministic_self_play,Nexto,Rival,Nexto,Rival,2,2,0,1
2459,nexto_deterministic_self_play,Rival,Rival,Nexto,Rival,3,1,0,1
2460,nexto_deterministic_self_play,Rival,Rival,Rival,Rival,4,0,0,1
2461,nexto_deterministic_self_play,Nexto,Rival,Rival,Nexto,2,2,0,1
2462,nexto_deterministic_self_play,Rival,Rival,Rival,Rival,4,0,0,1
2463,nexto_deterministic_self_play,Nexto,Nexto,Nexto,Rival,1,3,0,1
2464,nexto_deterministic_self_play,Nexto,Rival,Nexto,Nexto,1,3,0,1
2465,nexto_deterministic_self_play,Nexto,Rival,Nexto,Nexto,1,3,0,1
2466,nexto_deterministic_self_play,Rival,Rival,Rival,Rival,4,0,0,1
2467,nexto_deterministic_self_play,Rival,Rival,Nexto,Rival,3,1,0,1
2468,nexto_deterministic_self_play,Rival,Rival,Rival,Rival,4,0,0,1
2469,nexto_deterministic_self_play,Nexto,Nexto,Nexto,Rival,1,3,0,1
2470,nexto_deterministic_self_play,Nexto,Rival,Rival,Rival,3,1,0,1
2471,nexto_deterministic_self_play,Rival,Rival,Nexto,Rival,3,1,0,1
2472,nexto_deterministic_self_play,Nexto,Rival,Nexto,Rival,2,2,0,1
2473,nexto_deterministic_self_play,Rival,Rival,Rival,Rival,4,0,0,1
2474,nexto_deterministic_self_play,Nexto,Nexto,Rival,Rival,2,2,0,1
2475,nexto_deterministic_self_play,Rival,Rival,Rival,Rival,4,0,0,1
2476,nexto_deterministic_self_play,Nexto,Rival,Rival,Nexto,2,2,0,1
2477,nexto_deterministic_self_play,Rival,Rival,Nexto,Nexto,2,2,0,1
2478,nexto_deterministic_self_play,Rival,Rival,Rival,Nexto,3,1,0,1
2479,nexto_deterministic_self_play,Nexto,Nexto,Nexto,Nexto,0,4,0,1
2480,nexto_deterministic_self_play,Rival,Rival,Rival,Nexto,3,1,0,1
2481,nexto_deterministic_self_play,Rival,Rival,Nexto,Rival,3,1,0,1
2482,nexto_deterministic_self_play,Nexto,Rival,Rival,Rival,3,1,0,1
2483,nexto_deterministic_self_play,Nexto,Rival,Nexto,Rival,2,2,0,1
2484,nexto_deterministic_self_play,Nexto,Nexto,Nexto,Nexto,0,4,0,1
2485,nexto_deterministic_self_play,Rival,Rival,Rival,Rival,4,0,0,1
2486,nexto_deterministic_self_play,Nexto,Rival,Rival,Nexto,2,2,0,1
2487,nexto_deterministic_self_play,Nexto,Rival,Rival,Rival,3,1,0,1
2488,nexto_deterministic_self_play,Nexto,Nexto,Nexto,Rival,1,3,0,1
2489,nexto_deterministic_self_play,Nexto,Rival,Nexto,Nexto,1,3,0,1
2490,nexto_deterministic_self_play,Nexto,Rival,Rival,Rival,3,1,0,1
2491,nexto_deterministic_self_play,Nexto,Rival,Nexto,Rival,2,2,0,1
2492,nexto_deterministic_self_play,Rival,Rival,Nexto,Rival,3,1,0,1
2493,nexto_deterministic_self_play,Rival,Rival,Rival,Rival,4,0,0,1
2494,nexto_deterministic_self_play,Nexto,Rival,Nexto,Nexto,1,3,0,1
2495,nexto_deterministic_self_play,Nexto,Rival,Rival,Rival,3,1,0,1
2496,nexto_deterministic_self_play,Rival,Rival,Nexto,Rival,3,1,0,1
2497,nexto_deterministic_self_play,Rival,Nexto,Nexto,Nexto,1,3,0,1
2498,nexto_deterministic_self_play,Rival,Nexto,Nexto,Rival,2,2,0,1
2499,nexto_deterministic_self_play,Nexto,Nexto,Rival,Rival,2,2,0,1
2500,nexto_deterministic_self_play,Nexto,Rival,Rival,Rival,3,1,0,1
2501,nexto_deterministic_self_play,Rival,Nexto,Nexto,Rival,2,2,0,1
2502,nexto_deterministic_self_play,Rival,Rival,Nexto,Nexto,2,2,0,1
2503,nexto_deterministic_self_play,Nexto,Rival,Rival,Rival,3,1,0,1
2504,nexto_deterministic_self_play,Nexto,Nexto,Nexto,Nexto,0,4,0,1
2505,nexto_deterministic_self_play,Nexto,Rival,Rival,Nexto,2,2,0,1
2506,nexto_deterministic_self_play,Rival,Rival,Nexto,Rival,3,1,0,1
2507,nexto_deterministic_self_play,Nexto,Nexto,Nexto,Rival,1,3,0,1
2508,nexto_deterministic_self_play,Nexto,Nexto,Nexto,Nexto,0,4,0,1
2509,nexto_deterministic_self_play,Nexto,Nexto,Nexto,Nexto,0,4,0,1
2510,nexto_deterministic_self_play,Nexto,Rival,Nexto,Rival,2,2,0,1
2511,nexto_deterministic_self_play,Rival,Nexto,Rival,Rival,3,1,0,1
2512,nexto_deterministic_self_play,Nexto,Rival,Rival,Rival,3,1,0,1
2513,nexto_deterministic_self_play,Rival,Rival,Draw,Rival,3,0,1,0
2514,nexto_deterministic_self_play,Rival,Nexto,Nexto,Nexto,1,3,0,1
2515,nexto_deterministic_self_play,Rival,Nexto,Nexto,Nexto,1,3,0,1
2516,nexto_deterministic_self_play,Nexto,Rival,Nexto,Rival,2,2,0,1
2517,nexto_deterministic_self_play,Nexto,Rival,Rival,Rival,3,1,0,1
2518,nexto_deterministic_self_play,Nexto,Rival,Rival,Rival,3,1,0,1
2519,nexto_deterministic_self_play,Nexto,Rival,Nexto,Rival,2,2,0,1
2520,nexto_deterministic_self_play,Nexto,Rival,Rival,Rival,3,1,0,1
2521,nexto_deterministic_self_play,Nexto,Rival,Rival,Rival,3,1,0,1
2522,nexto_deterministic_self_play,Rival,Nexto,Nexto,Nexto,1,3,0,1
2523,nexto_deterministic_self_play,Rival,Nexto,Nexto,Rival,2,2,0,1
2524,nexto_deterministic_self_play,Rival,Nexto,Nexto,Nexto,1,3,0,1
2525,nexto_deterministic_self_play,Nexto,Rival,Rival,Rival,3,1,0,1
2526,nexto_deterministic_self_play,Rival,Nexto,Nexto,Rival,2,2,0,1
2527,nexto_deterministic_self_play,Nexto,Nexto,Nexto,Rival,1,3,0,1
2528,nexto_deterministic_self_play,Nexto,Nexto,Nexto,Rival,1,3,0,1
2529,nexto_deterministic_self_play,Nexto,Nexto,Nexto,Nexto,0,4,0,1
2530,nexto_deterministic_self_play,Rival,Rival,Rival,Rival,4,0,0,1
2531,nexto_deterministic_self_play,Rival,Rival,Rival,Rival,4,0,0,1
2532,nexto_deterministic_self_play,Nexto,Nexto,Nexto,Rival,1,3,0,1
2533,nexto_deterministic_self_play,Nexto,Rival,Rival,Nexto,2,2,0,1
2534,nexto_deterministic_self_play,Nexto,Rival,Rival,Rival,3,1,0,1
2535,nexto_deterministic_self_play,Nexto,Rival,Nexto,Rival,2,2,0,1
2536,nexto_deterministic_self_play,Rival,Nexto,Rival,Rival,3,1,0,1
2537,nexto_deterministic_self_play,Rival,Rival,Nexto,Nexto,2,2,0,1
2538,nexto_deterministic_self_play,Rival,Nexto,Nexto,Rival,2,2,0,1
2539,nexto_deterministic_self_play,Rival,Nexto,Nexto,Nexto,1,3,0,1
2540,nexto_deterministic_self_play,Nexto,Rival,Rival,Rival,3,1,0,1
2541,nexto_deterministic_self_play,Rival,Draw,Nexto,Rival,2,1,1,0
2542,nexto_deterministic_self_play,Nexto,Rival,Rival,Rival,3,1,0,1
2543,nexto_deterministic_self_play,Nexto,Rival,Rival,Rival,3,1,0,1
2544,nexto_deterministic_self_play,Nexto,Nexto,Nexto,Rival,1,3,0,1
2545,nexto_deterministic_self_play,Nexto,Rival,Rival,Rival,3,1,0,1
2546,nexto_deterministic_self_play,Rival,Rival,Rival,Rival,4,0,0,1
2547,nexto_deterministic_self_play,Rival,Nexto,Nexto,Rival,2,2,0,1
2548,nexto_deterministic_self_play,Nexto,Rival,Rival,Rival,3,1,0,1
2549,nexto_deterministic_self_play,Rival,Nexto,Nexto,Nexto,1,3,0,1
2550,nexto_deterministic_self_play,Nexto,Rival,Rival,Rival,3,1,0,1
2551,nexto_deterministic_self_play,Nexto,Rival,Rival,Nexto,2,2,0,1
2552,nexto_deterministic_self_play,Nexto,Rival,Rival,Nexto,2,2,0,1
2553,nexto_deterministic_self_play,Nexto,Nexto,Nexto,Rival,1,3,0,1
2554,nexto_deterministic_self_play,Rival,Nexto,Nexto,Nexto,1,3,0,1
2555,nexto_deterministic_self_play,Nexto,Rival,Rival,Nexto,2,2,0,1
2556,nexto_deterministic_self_play,Rival,Nexto,Draw,Rival,2,1,1,0
2557,nexto_deterministic_self_play,Rival,Nexto,Nexto,Rival,2,2,0,1
2558,nexto_deterministic_self_play,Nexto,Rival,Rival,Nexto,2,2,0,1
2559,nexto_deterministic_self_play,Nexto,Rival,Rival,Rival,3,1,0,1
2560,nexto_deterministic_self_play,Rival,Rival,Rival,Rival,4,0,0,1
2561,nexto_deterministic_self_play,Rival,Nexto,Rival,Rival,3,1,0,1
2562,nexto_deterministic_self_play,Rival,Rival,Nexto,Nexto,2,2,0,1
2563,nexto_deterministic_self_play,Rival,Nexto,Nexto,Rival,2,2,0,1
2564,nexto_deterministic_self_play,Nexto,Rival,Nexto,Nexto,1,3,0,1
2565,nexto_deterministic_self_play,Nexto,Rival,Nexto,Rival,2,2,0,1
2566,nexto_deterministic_self_play,Rival,Draw,Nexto,Rival,2,1,1,0
2567,nexto_deterministic_self_play,Nexto,Nexto,Nexto,Rival,1,3,0,1
2568,nexto_deterministic_self_play,Nexto,Rival,Rival,Nexto,2,2,0,1
2569,nexto_deterministic_self_play,Nexto,Nexto,Nexto,Rival,1,3,0,1
2570,nexto_deterministic_self_play,Nexto,Rival,Rival,Rival,3,1,0,1
2571,nexto_deterministic_self_play,Nexto,Rival,Nexto,Rival,2,2,0,1
2572,nexto_deterministic_self_play,Rival,Nexto,Nexto,Rival,2,2,0,1
2573,nexto_deterministic_self_play,Nexto,Rival,Rival,Rival,3,1,0,1
2574,nexto_deterministic_self_play,Nexto,Nexto,Nexto,Rival,1,3,0,1
2575,nexto_deterministic_self_play,Nexto,Rival,Rival,Rival,3,1,0,1
2576,nexto_deterministic_self_play,Nexto,Rival,Rival,Nexto,2,2,0,1
2577,nexto_deterministic_self_play,Rival,Rival,Rival,Rival,4,0,0,1
2578,nexto_deterministic_self_play,Nexto,Nexto,Nexto,Nexto,0,4,0,1
2579,nexto_deterministic_self_play,Rival,Nexto,Nexto,Nexto,1,3,0,1
2580,nexto_deterministic_self_play,Nexto,Rival,Rival,Rival,3,1,0,1
2581,nexto_deterministic_self_play,Rival,Nexto,Nexto,Rival,2,2,0,1
2582,nexto_deterministic_self_play,Rival,Nexto,Nexto,Rival,2,2,0,1
2583,nexto_deterministic_self_play,Rival,Rival,Rival,Rival,4,0,0,1
2584,nexto_deterministic_self_play,Nexto,Rival,Rival,Nexto,2,2,0,1
2585,nexto_deterministic_self_play,Nexto,Rival,Rival,Nexto,2,2,0,1
2586,nexto_deterministic_self_play,Rival,Nexto,Rival,Rival,3,1,0,1
2587,nexto_deterministic_self_play,Nexto,Rival,Draw,Nexto,1,2,1,0
2588,nexto_deterministic_self_play,Nexto,Rival,Nexto,Nexto,1,3,0,1
2589,nexto_deterministic_self_play,Rival,Rival,Nexto,Rival,3,1,0,1
2590,nexto_deterministic_self_play,Nexto,Rival,Rival,Nexto,2,2,0,1
2591,nexto_deterministic_self_play,Rival,Rival,Rival,Rival,4,0,0,1
2592,nexto_deterministic_self_play,Nexto,Nexto,Nexto,Rival,1,3,0,1
2593,nexto_deterministic_self_play,Nexto,Rival,Rival,Nexto,2,2,0,1
2594,nexto_deterministic_self_play,Rival,Rival,Nexto,Rival,3,1,0,1
2595,nexto_deterministic_self_play,Nexto,Rival,Rival,Rival,3,1,0,1
2596,nexto_deterministic_self_play,Nexto,Rival,Nexto,Rival,2,2,0,1
2597,nexto_deterministic_self_play,Rival,Rival,Rival,Rival,4,0,0,1
2598,nexto_deterministic_self_play,Rival,Nexto,Rival,Rival,3,1,0,1
2599,nexto_deterministic_self_play,Nexto,Nexto,Nexto,Rival,1,3,0,1
2600,nexto_deterministic_self_play,Nexto,Rival,Rival,Nexto,2,2,0,1
2601,nexto_deterministic_self_play,Rival,Rival,Rival,Rival,4,0,0,1
2602,nexto_deterministic_self_play,Rival,Rival,Rival,Rival,4,0,0,1
2603,nexto_deterministic_self_play,Nexto,Nexto,Nexto,Nexto,0,4,0,1
2604,nexto_deterministic_self_play,Rival,Nexto,Nexto,Rival,2,2,0,1
2605,nexto_deterministic_self_play,Nexto,Rival,Rival,Rival,3,1,0,1
2606,nexto_deterministic_self_play,Rival,Nexto,Nexto,Rival,2,2,0,1
2607,nexto_deterministic_self_play,Nexto,Rival,Nexto,Rival,2,2,0,1
2608,nexto_deterministic_self_play,Nexto,Rival,Nexto,Rival,2,2,0,1
2609,nexto_deterministic_self_play,Nexto,Rival,Rival,Nexto,2,2,0,1
2610,nexto_deterministic_self_play,Rival,Rival,Rival,Nexto,3,1,0,1
2611,nexto_deterministic_self_play,Rival,Rival,Rival,Nexto,3,1,0,1
2612,nexto_deterministic_self_play,Nexto,Rival,Draw,Nexto,1,2,1,0
2613,nexto_deterministic_self_play,Nexto,Rival,Nexto,Nexto,1,3,0,1
2614,nexto_deterministic_self_play,Rival,Nexto,Nexto,Rival,2,2,0,1
2615,nexto_deterministic_self_play,Nexto,Rival,Rival,Nexto,2,2,0,1
2616,nexto_deterministic_self_play,Rival,Rival,Rival,Rival,4,0,0,1
2617,nexto_deterministic_self_play,Nexto,Rival,Rival,Rival,3,1,0,1
2618,nexto_deterministic_self_play,Rival,Rival,Rival,Rival,4,0,0,1
2619,nexto_deterministic_self_play,Rival,Rival,Nexto,Rival,3,1,0,1
2620,nexto_deterministic_self_play,Nexto,Rival,Rival,Rival,3,1,0,1
2621,nexto_deterministic_self_play,Rival,Rival,Rival,Rival,4,0,0,1
2622,nexto_deterministic_self_play,Rival,Rival,Nexto,Rival,3,1,0,1
2623,nexto_deterministic_self_play,Rival,Nexto,Rival,Rival,3,1,0,1
2624,nexto_deterministic_self_play,Rival,Rival,Nexto,Rival,3,1,0,1
2625,nexto_deterministic_self_play,Nexto,Nexto,Nexto,Nexto,0,4,0,1
2626,nexto_deterministic_self_play,Rival,Rival,Nexto,Rival,3,1,0,1
2627,nexto_deterministic_self_play,Rival,Rival,Rival,Rival,4,0,0,1
2628,nexto_deterministic_self_play,Draw,Nexto,Nexto,Rival,1,2,1,0
2629,nexto_deterministic_self_play,Rival,Nexto,Nexto,Rival,2,2,0,1
2630,nexto_deterministic_self_play,Rival,Rival,Nexto,Nexto,2,2,0,1
2631,nexto_deterministic_self_play,Nexto,Rival,Rival,Nexto,2,2,0,1
2632,nexto_deterministic_self_play,Nexto,Rival,Nexto,Rival,2,2,0,1
2633,nexto_deterministic_self_play,Nexto,Rival,Nexto,Rival,2,2,0,1
2634,nexto_deterministic_self_play,Nexto,Nexto,Rival,Rival,2,2,0,1
2635,nexto_deterministic_self_play,Nexto,Rival,Rival,Rival,3,1,0,1
2636,nexto_deterministic_self_play,Nexto,Rival,Rival,Nexto,2,2,0,1
2637,nexto_deterministic_self_play,Rival,Nexto,Nexto,Rival,2,2,0,1
2638,nexto_deterministic_self_play,Rival,Rival,Rival,Nexto,3,1,0,1
2639,nexto_deterministic_self_play,Rival,Nexto,Nexto,Rival,2,2,0,1
2640,nexto_deterministic_self_play,Rival,Rival,Rival,Nexto,3,1,0,1
2641,nexto_deterministic_self_play,Nexto,Nexto,Draw,Rival,1,2,1,0
2642,nexto_deterministic_self_play,Nexto,Rival,Rival,Rival,3,1,0,1
2643,nexto_deterministic_self_play,Rival,Rival,Rival,Rival,4,0,0,1
2644,nexto_deterministic_self_play,Nexto,Nexto,Nexto,Nexto,0,4,0,1
2645,nexto_deterministic_self_play,Nexto,Rival,Rival,Nexto,2,2,0,1
2646,nexto_deterministic_self_play,Rival,Rival,Rival,Rival,4,0,0,1
2647,nexto_deterministic_self_play,Nexto,Nexto,Nexto,Rival,1,3,0,1
2648,nexto_deterministic_self_play,Nexto,Nexto,Rival,Rival,2,2,0,1
2649,nexto_deterministic_self_play,Rival,Rival,Nexto,Rival,3,1,0,1
2650,nexto_deterministic_self_play,Nexto,Rival,Rival,Nexto,2,2,0,1
2651,nexto_deterministic_self_play,Rival,Nexto,Rival,Rival,3,1,0,1
2652,nexto_deterministic_self_play,Rival,Rival,Rival,Rival,4,0,0,1
2653,nexto_deterministic_self_play,Rival,Nexto,Nexto,Nexto,1,3,0,1
2654,nexto_deterministic_self_play,Nexto,Rival,Nexto,Rival,2,2,0,1
2655,nexto_deterministic_self_play,Rival,Rival,Rival,Rival,4,0,0,1
2656,nexto_deterministic_self_play,Nexto,Rival,Rival,Nexto,2,2,0,1
2657,nexto_deterministic_self_play,Nexto,Rival,Rival,Rival,3,1,0,1
2658,nexto_deterministic_self_play,Nexto,Rival,Rival,Rival,3,1,0,1
2659,nexto_deterministic_self_play,Rival,Rival,Nexto,Rival,3,1,0,1
2660,nexto_deterministic_self_play,Nexto,Rival,Rival,Rival,3,1,0,1
2661,nexto_deterministic_self_play,Rival,Rival,Nexto,Rival,3,1,0,1
2662,nexto_deterministic_self_play,Rival,Nexto,Nexto,Rival,2,2,0,1
2663,nexto_deterministic_self_play,Nexto,Rival,Rival,Nexto,2,2,0,1
2664,nexto_deterministic_self_play,Nexto,Nexto,Nexto,Rival,1,3,0,1
2665,nexto_deterministic_self_play,Rival,Rival,Rival,Nexto,3,1,0,1
2666,nexto_deterministic_self_play,Nexto,Nexto,Draw,Rival,1,2,1,0
2667,nexto_deterministic_self_play,Nexto,Nexto,Nexto,Rival,1,3,0,1
2668,nexto_deterministic_self_play,Nexto,Rival,Rival,Nexto,2,2,0,1
2669,nexto_deterministic_self_play,Nexto,Nexto,Nexto,Nexto,0,4,0,1
2670,nexto_deterministic_self_play,Nexto,Rival,Rival,Rival,3,1,0,1
2671,nexto_deterministic_self_play,Rival,Nexto,Rival,Rival,3,1,0,1
2672,nexto_deterministic_self_play,Nexto,Nexto,Nexto,Rival,1,3,0,1
2673,nexto_deterministic_self_play,Rival,Rival,Draw,Rival,3,0,1,0
2674,nexto_deterministic_self_play,Rival,Rival,Nexto,Rival,3,1,0,1
2675,nexto_deterministic_self_play,Rival,Nexto,Nexto,Nexto,1,3,0,1
2676,nexto_deterministic_self_play,Rival,Nexto,Rival,Rival,3,1,0,1
2677,nexto_deterministic_self_play,Nexto,Rival,Rival,Rival,3,1,0,1
2678,nexto_deterministic_self_play,Rival,Rival,Rival,Nexto,3,1,0,1
2679,nexto_deterministic_self_play,Nexto,Rival,Nexto,Rival,2,2,0,1
2680,nexto_deterministic_self_play,Nexto,Rival,Rival,Nexto,2,2,0,1
2681,nexto_deterministic_self_play,Rival,Rival,Rival,Rival,4,0,0,1
2682,nexto_deterministic_self_play,Nexto,Rival,Rival,Rival,3,1,0,1
2683,nexto_deterministic_self_play,Nexto,Rival,Rival,Rival,3,1,0,1
2684,nexto_deterministic_self_play,Nexto,Rival,Nexto,Nexto,1,3,0,1
2685,nexto_deterministic_self_play,Nexto,Rival,Rival,Rival,3,1,0,1
2686,nexto_deterministic_self_play,Rival,Rival,Nexto,Rival,3,1,0,1
2687,nexto_deterministic_self_play,Nexto,Rival,Rival,Nexto,2,2,0,1
2688,nexto_deterministic_self_play,Rival,Nexto,Nexto,Rival,2,2,0,1
2689,nexto_deterministic_self_play,Nexto,Nexto,Nexto,Rival,1,3,0,1
2690,nexto_deterministic_self_play,Rival,Rival,Rival,Rival,4,0,0,1
2691,nexto_deterministic_self_play,Rival,Nexto,Draw,Rival,2,1,1,0
2692,nexto_deterministic_self_play,Nexto,Nexto,Nexto,Nexto,0,4,0,1
2693,nexto_deterministic_self_play,Nexto,Rival,Rival,Nexto,2,2,0,1
2694,nexto_deterministic_self_play,Rival,Rival,Nexto,Rival,3,1,0,1
2695,nexto_deterministic_self_play,Nexto,Rival,Rival,Rival,3,1,0,1
2696,nexto_deterministic_self_play,Rival,Rival,Nexto,Rival,3,1,0,1
2697,nexto_deterministic_self_play,Rival,Rival,Rival,Rival,4,0,0,1
2698,nexto_deterministic_self_play,Nexto,Nexto,Nexto,Draw,0,3,1,0
2699,nexto_deterministic_self_play,Rival,Rival,Nexto,Rival,3,1,0,1
2700,nexto_deterministic_self_play,Nexto,Rival,Rival,Rival,3,1,0,1
2701,nexto_deterministic_self_play,Rival,Rival,Nexto,Nexto,2,2,0,1
2702,nexto_deterministic_self_play,Nexto,Rival,Rival,Rival,3,1,0,1
2703,nexto_deterministic_self_play,Rival,Rival,Rival,Rival,4,0,0,1
2704,nexto_deterministic_self_play,Nexto,Nexto,Nexto,Rival,1,3,0,1
2705,nexto_deterministic_self_play,Nexto,Rival,Rival,Nexto,2,2,0,1
2706,nexto_deterministic_self_play,Rival,Rival,Rival,Rival,4,0,0,1
2707,nexto_deterministic_self_play,Nexto,Rival,Rival,Rival,3,1,0,1
2708,nexto_deterministic_self_play,Nexto,Rival,Rival,Rival,3,1,0,1
2709,nexto_deterministic_self_play,Nexto,Rival,Nexto,Nexto,1,3,0,1
2710,nexto_deterministic_self_play,Nexto,Rival,Nexto,Rival,2,2,0,1
2711,nexto_deterministic_self_play,Nexto,Rival,Nexto,Draw,1,2,1,0
2712,nexto_deterministic_self_play,Nexto,Rival,Rival,Nexto,2,2,0,1
2713,nexto_deterministic_self_play,Rival,Nexto,Nexto,Rival,2,2,0,1
2714,nexto_deterministic_self_play,Rival,Nexto,Nexto,Nexto,1,3,0,1
2715,nexto_deterministic_self_play,Nexto,Rival,Rival,Rival,3,1,0,1
2716,nexto_deterministic_self_play,Rival,Nexto,Draw,Rival,2,1,1,0
2717,nexto_deterministic_self_play,Nexto,Rival,Rival,Rival,3,1,0,1
2718,nexto_deterministic_self_play,Rival,Rival,Rival,Rival,4,0,0,1
2719,nexto_deterministic_self_play,Rival,Rival,Nexto,Rival,3,1,0,1
2720,nexto_deterministic_self_play,Nexto,Rival,Rival,Nexto,2,2,0,1
2721,nexto_deterministic_self_play,Nexto,Draw,Nexto,Rival,1,2,1,0
2722,nexto_deterministic_self_play,Rival,Rival,Rival,Rival,4,0,0,1
2723,nexto_deterministic_self_play,Nexto,Nexto,Nexto,Draw,0,3,1,0
2724,nexto_deterministic_self_play,Rival,Rival,Nexto,Rival,3,1,0,1
2725,nexto_deterministic_self_play,Nexto,Rival,Nexto,Rival,2,2,0,1
2726,nexto_deterministic_self_play,Nexto,Rival,Nexto,Rival,2,2,0,1
2727,nexto_deterministic_self_play,Nexto,Nexto,Nexto,Rival,1,3,0,1
2728,nexto_deterministic_self_play,Rival,Rival,Rival,Nexto,3,1,0,1
2729,nexto_deterministic_self_play,Rival,Nexto,Nexto,Rival,2,2,0,1
2730,nexto_deterministic_self_play,Nexto,Rival,Rival,Rival,3,1,0,1
2731,nexto_deterministic_self_play,Rival,Rival,Nexto,Nexto,2,2,0,1
2732,nexto_deterministic_self_play,Nexto,Rival,Rival,Rival,3,1,0,1
2733,nexto_deterministic_self_play,Nexto,Nexto,Nexto,Nexto,0,4,0,1
2734,nexto_deterministic_self_play,Nexto,Nexto,Nexto,Nexto,0,4,0,1
2735,nexto_deterministic_self_play,Nexto,Rival,Draw,Rival,2,1,1,0
2736,nexto_deterministic_self_play,Nexto,Rival,Nexto,Draw,1,2,1,0
2737,nexto_deterministic_self_play,Nexto,Rival,Nexto,Rival,2,2,0,1
2738,nexto_deterministic_self_play,Nexto,Nexto,Rival,Nexto,1,3,0,1
2739,nexto_deterministic_self_play,Rival,Nexto,Nexto,Nexto,1,3,0,1
2740,nexto_deterministic_self_play,Rival,Rival,Rival,Rival,4,0,0,1
2741,nexto_deterministic_self_play,Rival,Nexto,Nexto,Rival,2,2,0,1
2742,nexto_deterministic_self_play,Nexto,Rival,Rival,Rival,3,1,0,1
2743,nexto_deterministic_self_play,Rival,Rival,Rival,Rival,4,0,0,1
2744,nexto_deterministic_self_play,Nexto,Nexto,Nexto,Rival,1,3,0,1
2745,nexto_deterministic_self_play,Rival,Rival,Rival,Nexto,3,1,0,1
2746,nexto_deterministic_self_play,Nexto,Rival,Nexto,Rival,2,2,0,1
2747,nexto_deterministic_self_play,Nexto,Rival,Draw,Nexto,1,2,1,0
2748,nexto_deterministic_self_play,Rival,Nexto,Nexto,Rival,2,2,0,1
2749,nexto_deterministic_self_play,Rival,Rival,Nexto,Rival,3,1,0,1
2750,nexto_deterministic_self_play,Nexto,Rival,Rival,Rival,3,1,0,1
2751,nexto_deterministic_self_play,Rival,Rival,Rival,Rival,4,0,0,1
2752,nexto_deterministic_self_play,Nexto,Nexto,Nexto,Rival,1,3,0,1
2753,nexto_deterministic_self_play,Nexto,Rival,Rival,Nexto,2,2,0,1
2754,nexto_deterministic_self_play,Nexto,Rival,Rival,Rival,3,1,0,1
2755,nexto_deterministic_self_play,Nexto,Rival,Rival,Rival,3,1,0,1
2756,nexto_deterministic_self_play,Rival,Rival,Nexto,Nexto,2,2,0,1
2757,nexto_deterministic_self_play,Rival,Rival,Nexto,Rival,3,1,0,1
2758,nexto_deterministic_self_play,Rival,Rival,Nexto,Rival,3,1,0,1
2759,nexto_deterministic_self_play,Nexto,Nexto,Nexto,Nexto,0,4,0,1
2760,nexto_deterministic_self_play,Rival,Rival,Nexto,Rival,3,1,0,1
2761,nexto_deterministic_self_play,Rival,Rival,Nexto,Rival,3,1,0,1
2762,nexto_deterministic_self_play,Nexto,Rival,Nexto,Rival,2,2,0,1
2763,nexto_deterministic_self_play,Nexto,Nexto,Rival,Nexto,1,3,0,1
2764,nexto_deterministic_self_play,Rival,Nexto,Nexto,Rival,2,2,0,1
2765,nexto_deterministic_self_play,Rival,Rival,Rival,Rival,4,0,0,1
2766,nexto_deterministic_self_play,Rival,Nexto,Nexto,Rival,2,2,0,1
2767,nexto_deterministic_self_play,Rival,Nexto,Rival,Rival,3,1,0,1
2768,nexto_deterministic_self_play,Rival,Nexto,Nexto,Nexto,1,3,0,1
2769,nexto_deterministic_self_play,Nexto,Nexto,Nexto,Rival,1,3,0,1
2770,nexto_deterministic_self_play,Nexto,Rival,Rival,Rival,3,1,0,1
2771,nexto_deterministic_self_play,Rival,Rival,Nexto,Rival,3,1,0,1
2772,nexto_deterministic_self_play,Rival,Nexto,Nexto,Draw,1,2,1,0
2773,nexto_deterministic_self_play,Rival,Nexto,Nexto,Rival,2,2,0,1
2774,nexto_deterministic_self_play,Rival,Nexto,Nexto,Rival,2,2,0,1
2775,nexto_deterministic_self_play,Nexto,Rival,Rival,Rival,3,1,0,1
2776,nexto_deterministic_self_play,Rival,Rival,Rival,Rival,4,0,0,1
2777,nexto_deterministic_self_play,Nexto,Rival,Rival,Rival,3,1,0,1
2778,nexto_deterministic_self_play,Rival,Rival,Rival,Rival,4,0,0,1
2779,nexto_deterministic_self_play,Nexto,Rival,Rival,Rival,3,1,0,1
2780,nexto_deterministic_self_play,Nexto,Rival,Rival,Rival,3,1,0,1
2781,nexto_deterministic_self_play,Rival,Draw,Nexto,Rival,2,1,1,0
2782,nexto_deterministic_self_play,Rival,Rival,Nexto,Rival,3,1,0,1
2783,nexto_deterministic_self_play,Rival,Rival,Nexto,Rival,3,1,0,1
2784,nexto_deterministic_self_play,Rival,Rival,Nexto,Rival,3,1,0,1
2785,nexto_deterministic_self_play,Rival,Rival,Nexto,Rival,3,1,0,1
2786,nexto_deterministic_self_play,Rival,Rival,Nexto,Rival,3,1,0,1
2787,nexto_deterministic_self_play,Nexto,Nexto,Nexto,Rival,1,3,0,1
2788,nexto_deterministic_self_play,Draw,Nexto,Nexto,Rival,1,2,1,0
2789,nexto_deterministic_self_play,Rival,Nexto,Nexto,Rival,2,2,0,1
2790,nexto_deterministic_self_play,Rival,Rival,Rival,Rival,4,0,0,1
2791,nexto_deterministic_self_play,Nexto,Rival,Rival,Nexto,2,2,0,1
2792,nexto_deterministic_self_play,Rival,Nexto,Rival,Rival,3,1,0,1
2793,nexto_deterministic_self_play,Rival,Nexto,Nexto,Nexto,1,3,0,1
2794,nexto_deterministic_self_play,Rival,Rival,Nexto,Rival,3,1,0,1
2795,nexto_deterministic_self_play,Nexto,Rival,Rival,Rival,3,1,0,1
2796,nexto_deterministic_self_play,Rival,Rival,Nexto,Rival,3,1,0,1
2797,nexto_deterministic_self_play,Nexto,Nexto,Nexto,Rival,1,3,0,1
2798,nexto_deterministic_self_play,Nexto,Rival,Nexto,Nexto,1,3,0,1
2799,nexto_deterministic_self_play,Nexto,Rival,Nexto,Nexto,1,3,0,1
2800,nexto_deterministic_self_play,Rival,Rival,Rival,Nexto,3,1,0,1
2801,nexto_deterministic_self_play,Nexto,Rival,Nexto,Nexto,1,3,0,1
2802,nexto_deterministic_self_play,Nexto,Rival,Rival,Rival,3,1,0,1
2803,nexto_deterministic_self_play,Nexto,Rival,Rival,Rival,3,1,0,1
2804,nexto_deterministic_self_play,Rival,Nexto,Nexto,Rival,2,2,0,1
2805,nexto_deterministic_self_play,Nexto,Rival,Rival,Nexto,2,2,0,1
2806,nexto_deterministic_self_play,Rival,Draw,Nexto,Rival,2,1,1,0
2807,nexto_deterministic_self_play,Nexto,Rival,Rival,Draw,2,1,1,0
2808,nexto_deterministic_self_play,Rival,Nexto,Nexto,Rival,2,2,0,1
2809,nexto_deterministic_self_play,Rival,Rival,Rival,Rival,4,0,0,1
2810,nexto_deterministic_self_play,Rival,Rival,Rival,Nexto,3,1,0,1
2811,nexto_deterministic_self_play,Rival,Nexto,Rival,Rival,3,1,0,1
2812,nexto_deterministic_self_play,Nexto,Nexto,Nexto,Rival,1,3,0,1
2813,nexto_deterministic_self_play,Draw,Nexto,Nexto,Rival,1,2,1,0
2814,nexto_deterministic_self_play,Rival,Rival,Nexto,Rival,3,1,0,1
2815,nexto_deterministic_self_play,Draw,Rival,Nexto,Nexto,1,2,1,0
2816,nexto_deterministic_self_play,Nexto,Rival,Rival,Nexto,2,2,0,1
2817,nexto_deterministic_self_play,Nexto,Rival,Rival,Rival,3,1,0,1
2818,nexto_deterministic_self_play,Nexto,Rival,Nexto,Nexto,1,3,0,1
2819,nexto_deterministic_self_play,Rival,Rival,Nexto,Rival,3,1,0,1
2820,nexto_deterministic_self_play,Rival,Rival,Rival,Nexto,3,1,0,1
2821,nexto_deterministic_self_play,Rival,Rival,Nexto,Rival,3,1,0,1
2822,nexto_deterministic_self_play,Nexto,Nexto,Nexto,Rival,1,3,0,1
2823,nexto_deterministic_self_play,Nexto,Rival,Nexto,Nexto,1,3,0,1
2824,nexto_deterministic_self_play,Rival,Rival,Rival,Rival,4,0,0,1
2825,nexto_deterministic_self_play,Rival,Rival,Rival,Nexto,3,1,0,1
2826,nexto_deterministic_self_play,Nexto,Rival,Nexto,Nexto,1,3,0,1
2827,nexto_deterministic_self_play,Nexto,Nexto,Nexto,Nexto,0,4,0,1
2828,nexto_deterministic_self_play,Nexto,Rival,Nexto,Nexto,1,3,0,1
2829,nexto_deterministic_self_play,Rival,Nexto,Nexto,Rival,2,2,0,1
2830,nexto_deterministic_self_play,Rival,Rival,Rival,Rival,4,0,0,1
2831,nexto_deterministic_self_play,Rival,Rival,Nexto,Rival,3,1,0,1
2832,nexto_deterministic_self_play,Nexto,Rival,Rival,Draw,2,1,1,0
2833,nexto_deterministic_self_play,Rival,Nexto,Nexto,Rival,2,2,0,1
2834,nexto_deterministic_self_play,Nexto,Rival,Nexto,Nexto,1,3,0,1
2835,nexto_deterministic_self_play,Rival,Rival,Rival,Rival,4,0,0,1
2836,nexto_deterministic_self_play,Nexto,Nexto,Nexto,Nexto,0,4,0,1
2837,nexto_deterministic_self_play,Nexto,Nexto,Nexto,Rival,1,3,0,1
2838,nexto_deterministic_self_play,Rival,Rival,Rival,Rival,4,0,0,1
2839,nexto_deterministic_self_play,Rival,Rival,Nexto,Rival,3,1,0,1
2840,nexto_deterministic_self_play,Nexto,Rival,Nexto,Rival,2,2,0,1
2841,nexto_deterministic_self_play,Nexto,Rival,Nexto,Rival,2,2,0,1
2842,nexto_deterministic_self_play,Rival,Rival,Rival,Nexto,3,1,0,1
2843,nexto_deterministic_self_play,Nexto,Rival,Nexto,Nexto,1,3,0,1
2844,nexto_deterministic_self_play,Rival,Rival,Rival,Rival,4,0,0,1
2845,nexto_deterministic_self_play,Rival,Rival,Rival,Nexto,3,1,0,1
2846,nexto_deterministic_self_play,Nexto,Rival,Nexto,Rival,2,2,0,1
2847,nexto_deterministic_self_play,Nexto,Rival,Rival,Rival,3,1,0,1
2848,nexto_deterministic_self_play,Rival,Nexto,Nexto,Rival,2,2,0,1
2849,nexto_deterministic_self_play,Rival,Rival,Rival,Rival,4,0,0,1
2850,nexto_deterministic_self_play,Nexto,Rival,Rival,Rival,3,1,0,1
2851,nexto_deterministic_self_play,Rival,Nexto,Nexto,Rival,2,2,0,1
2852,nexto_deterministic_self_play,Nexto,Nexto,Nexto,Nexto,0,4,0,1
2853,nexto_deterministic_self_play,Rival,Nexto,Nexto,Nexto,1,3,0,1
2854,nexto_deterministic_self_play,Rival,Rival,Nexto,Rival,3,1,0,1
2855,nexto_deterministic_self_play,Nexto,Rival,Nexto,Rival,2,2,0,1
2856,nexto_deterministic_self_play,Rival,Rival,Nexto,Rival,3,1,0,1
2857,nexto_deterministic_self_play,Rival,Nexto,Nexto,Rival,2,2,0,1
2858,nexto_deterministic_self_play,Nexto,Nexto,Nexto,Draw,0,3,1,0
2859,nexto_deterministic_self_play,Nexto,Rival,Nexto,Nexto,1,3,0,1
2860,nexto_deterministic_self_play,Nexto,Rival,Nexto,Rival,2,2,0,1
2861,nexto_deterministic_self_play,Nexto,Rival,Nexto,Nexto,1,3,0,1
2862,nexto_deterministic_self_play,Nexto,Nexto,Nexto,Rival,1,3,0,1
2863,nexto_deterministic_self_play,Rival,Rival,Rival,Rival,4,0,0,1
2864,nexto_deterministic_self_play,Rival,Nexto,Nexto,Rival,2,2,0,1
2865,nexto_deterministic_self_play,Rival,Rival,Rival,Rival,4,0,0,1
2866,nexto_deterministic_self_play,Nexto,Rival,Nexto,Rival,2,2,0,1
2867,nexto_deterministic_self_play,Rival,Rival,Nexto,Nexto,2,2,0,1
2868,nexto_deterministic_self_play,Nexto,Nexto,Nexto,Nexto,0,4,0,1
2869,nexto_deterministic_self_play,Rival,Rival,Rival,Rival,4,0,0,1
2870,nexto_deterministic_self_play,Nexto,Rival,Draw,Rival,2,1,1,0
2871,nexto_deterministic_self_play,Nexto,Nexto,Nexto,Rival,1,3,0,1
2872,nexto_deterministic_self_play,Nexto,Rival,Rival,Rival,3,1,0,1
2873,nexto_deterministic_self_play,Nexto,Rival,Rival,Nexto,2,2,0,1
2874,nexto_deterministic_self_play,Rival,Nexto,Nexto,Rival,2,2,0,1
2875,nexto_deterministic_self_play,Nexto,Rival,Rival,Nexto,2,2,0,1
2876,nexto_deterministic_self_play,Rival,Nexto,Nexto,Rival,2,2,0,1
2877,nexto_deterministic_self_play,Rival,Nexto,Nexto,Rival,2,2,0,1
2878,nexto_deterministic_self_play,Nexto,Nexto,Nexto,Nexto,0,4,0,1
2879,nexto_deterministic_self_play,Rival,Nexto,Draw,Rival,2,1,1,0
2880,nexto_deterministic_self_play,Rival,Rival,Rival,Rival,4,0,0,1
2881,nexto_deterministic_self_play,Rival,Rival,Nexto,Rival,3,1,0,1
2882,nexto_deterministic_self_play,Rival,Nexto,Nexto,Rival,2,2,0,1
2883,nexto_deterministic_self_play,Nexto,Nexto,Nexto,Draw,0,3,1,0
2884,nexto_deterministic_self_play,Rival,Nexto,Nexto,Rival,2,2,0,1
2885,nexto_deterministic_self_play,Nexto,Rival,Rival,Rival,3,1,0,1
2886,nexto_deterministic_self_play,Nexto,Rival,Nexto,Nexto,1,3,0,1
2887,nexto_deterministic_self_play,Nexto,Nexto,Nexto,Rival,1,3,0,1
2888,nexto_deterministic_self_play,Rival,Rival,Rival,Nexto,3,1,0,1
2889,nexto_deterministic_self_play,Rival,Nexto,Nexto,Rival,2,2,0,1
2890,nexto_deterministic_self_play,Rival,Rival,Rival,Rival,4,0,0,1
2891,nexto_deterministic_self_play,Rival,Rival,Nexto,Rival,3,1,0,1
2892,nexto_deterministic_self_play,Rival,Rival,Nexto,Nexto,2,2,0,1
2893,nexto_deterministic_self_play,Nexto,Nexto,Nexto,Nexto,0,4,0,1
2894,nexto_deterministic_self_play,Rival,Nexto,Nexto,Rival,2,2,0,1
2895,nexto_deterministic_self_play,Nexto,Rival,Draw,Rival,2,1,1,0
2896,nexto_deterministic_self_play,Nexto,Nexto,Nexto,Rival,1,3,0,1
2897,nexto_deterministic_self_play,Nexto,Rival,Nexto,Rival,2,2,0,1
2898,nexto_deterministic_self_play,Rival,Rival,Rival,Rival,4,0,0,1
2899,nexto_deterministic_self_play,Rival,Nexto,Rival,Rival,3,1,0,1
2900,nexto_deterministic_self_play,Rival,Rival,Rival,Nexto,3,1,0,1
2901,nexto_deterministic_self_play,Rival,Nexto,Nexto,Rival,2,2,0,1
2902,nexto_deterministic_self_play,Rival,Nexto,Nexto,Rival,2,2,0,1
2903,nexto_deterministic_self_play,Nexto,Nexto,Nexto,Nexto,0,4,0,1
2904,nexto_deterministic_self_play,Nexto,Nexto,Nexto,Nexto,0,4,0,1
2905,nexto_deterministic_self_play,Rival,Rival,Rival,Rival,4,0,0,1
2906,nexto_deterministic_self_play,Rival,Rival,Draw,Rival,3,0,1,0
2907,nexto_deterministic_self_play,Rival,Nexto,Nexto,Draw,1,2,1,0
2908,nexto_deterministic_self_play,Rival,Rival,Rival,Rival,4,0,0,1
2909,nexto_deterministic_self_play,Rival,Nexto,Nexto,Rival,2,2,0,1
2910,nexto_deterministic_self_play,Rival,Rival,Rival,Rival,4,0,0,1
2911,nexto_deterministic_self_play,Nexto,Rival,Nexto,Nexto,1,3,0,1
2912,nexto_deterministic_self_play,Nexto,Rival,Rival,Nexto,2,2,0,1
2913,nexto_deterministic_self_play,Rival,Rival,Rival,Nexto,3,1,0,1
2914,nexto_deterministic_self_play,Rival,Nexto,Nexto,Rival,2,2,0,1
2915,nexto_deterministic_self_play,Nexto,Nexto,Nexto,Rival,1,3,0,1
2916,nexto_deterministic_self_play,Rival,Rival,Nexto,Rival,3,1,0,1
2917,nexto_deterministic_self_play,Nexto,Rival,Nexto,Nexto,1,3,0,1
2918,nexto_deterministic_self_play,Nexto,Rival,Nexto,Nexto,1,3,0,1
2919,nexto_deterministic_self_play,Rival,Nexto,Nexto,Rival,2,2,0,1
2920,nexto_deterministic_self_play,Rival,Rival,Nexto,Rival,3,1,0,1
2921,nexto_deterministic_self_play,Nexto,Nexto,Nexto,Nexto,0,4,0,1
2922,nexto_deterministic_self_play,Nexto,Rival,Nexto,Rival,2,2,0,1
2923,nexto_deterministic_self_play,Rival,Rival,Rival,Rival,4,0,0,1
2924,nexto_deterministic_self_play,Rival,Nexto,Nexto,Rival,2,2,0,1
2925,nexto_deterministic_self_play,Rival,Rival,Nexto,Rival,3,1,0,1
2926,nexto_deterministic_self_play,Rival,Nexto,Nexto,Rival,2,2,0,1
2927,nexto_deterministic_self_play,Rival,Nexto,Rival,Nexto,2,2,0,1
2928,nexto_deterministic_self_play,Rival,Nexto,Nexto,Nexto,1,3,0,1
2929,nexto_deterministic_self_play,Nexto,Nexto,Nexto,Nexto,0,4,0,1
2930,nexto_deterministic_self_play,Nexto,Rival,Rival,Rival,3,1,0,1
2931,nexto_deterministic_self_play,Nexto,Nexto,Draw,Rival,1,2,1,0
2932,nexto_deterministic_self_play,Rival,Nexto,Nexto,Draw,1,2,1,0
2933,nexto_deterministic_self_play,Rival,Rival,Rival,Rival,4,0,0,1
2934,nexto_deterministic_self_play,Nexto,Rival,Nexto,Nexto,1,3,0,1
2935,nexto_deterministic_self_play,Rival,Rival,Rival,Rival,4,0,0,1
2936,nexto_deterministic_self_play,Nexto,Rival,Nexto,Nexto,1,3,0,1
2937,nexto_deterministic_self_play,Nexto,Nexto,Nexto,Rival,1,3,0,1
2938,nexto_deterministic_self_play,Nexto,Rival,Rival,Rival,3,1,0,1
2939,nexto_deterministic_self_play,Rival,Nexto,Nexto,Rival,2,2,0,1
2940,nexto_deterministic_self_play,Nexto,Rival,Rival,Nexto,2,2,0,1
2941,nexto_deterministic_self_play,Rival,Rival,Rival,Rival,4,0,0,1
2942,nexto_deterministic_self_play,Nexto,Rival,Nexto,Nexto,1,3,0,1
2943,nexto_deterministic_self_play,Rival,Rival,Rival,Draw,3,0,1,0
2944,nexto_deterministic_self_play,Rival,Rival,Rival,Rival,4,0,0,1
2945,nexto_deterministic_self_play,Nexto,Rival,Rival,Rival,3,1,0,1
2946,nexto_deterministic_self_play,Nexto,Rival,Rival,Nexto,2,2,0,1
2947,nexto_deterministic_self_play,Nexto,Rival,Rival,Rival,3,1,0,1
2948,nexto_deterministic_self_play,Rival,Rival,Rival,Rival,4,0,0,1
2949,nexto_deterministic_self_play,Rival,Rival,Nexto,Rival,3,1,0,1
2950,nexto_deterministic_self_play,Nexto,Rival,Rival,Nexto,2,2,0,1
2951,nexto_deterministic_self_play,Rival,Draw,Nexto,Rival,2,1,1,0
2952,nexto_deterministic_self_play,Rival,Nexto,Rival,Nexto,2,2,0,1
2953,nexto_deterministic_self_play,Rival,Rival,Rival,Rival,4,0,0,1
2954,nexto_deterministic_self_play,Nexto,Rival,Rival,Nexto,2,2,0,1
2955,nexto_deterministic_self_play,Nexto,Rival,Rival,Rival,3,1,0,1
2956,nexto_deterministic_self_play,Nexto,Nexto,Draw,Rival,1,2,1,0
2957,nexto_deterministic_self_play,Nexto,Nexto,Nexto,Rival,1,3,0,1
2958,nexto_deterministic_self_play,Rival,Rival,Rival,Rival,4,0,0,1
2959,nexto_deterministic_self_play,Nexto,Rival,Nexto,Nexto,1,3,0,1
2960,nexto_deterministic_self_play,Nexto,Rival,Rival,Rival,3,1,0,1
2961,nexto_deterministic_self_play,Nexto,Rival,Nexto,Nexto,1,3,0,1
2962,nexto_deterministic_self_play,Nexto,Nexto,Nexto,Rival,1,3,0,1
2963,nexto_deterministic_self_play,Nexto,Rival,Rival,Rival,3,1,0,1
2964,nexto_deterministic_self_play,Rival,Rival,Nexto,Rival,3,1,0,1
2965,nexto_deterministic_self_play,Rival,Rival,Rival,Rival,4,0,0,1
2966,nexto_deterministic_self_play,Rival,Rival,Rival,Rival,4,0,0,1
2967,nexto_deterministic_self_play,Nexto,Rival,Rival,Draw,2,1,1,0
2968,nexto_deterministic_self_play,Rival,Rival,Rival,Nexto,3,1,0,1
2969,nexto_deterministic_self_play,Rival,Rival,Rival,Rival,4,0,0,1
2970,nexto_deterministic_self_play,Nexto,Rival,Rival,Nexto,2,2,0,1
2971,nexto_deterministic_self_play,Nexto,Nexto,Nexto,Nexto,0,4,0,1
2972,nexto_deterministic_self_play,Nexto,Rival,Rival,Rival,3,1,0,1
2973,nexto_deterministic_self_play,Rival,Rival,Rival,Nexto,3,1,0,1
2974,nexto_deterministic_self_play,Rival,Rival,Rival,Rival,4,0,0,1
2975,nexto_deterministic_self_play,Nexto,Rival,Rival,Nexto,2,2,0,1
2976,nexto_deterministic_self_play,Rival,Draw,Nexto,Rival,2,1,1,0
2977,nexto_deterministic_self_play,Rival,Rival,Rival,Nexto,3,1,0,1
2978,nexto_deterministic_self_play,Nexto,Rival,Rival,Nexto,2,2,0,1
2979,nexto_deterministic_self_play,Nexto,Rival,Rival,Nexto,2,2,0,1
2980,nexto_deterministic_self_play,Nexto,Rival,Nexto,Rival,2,2,0,1
2981,nexto_deterministic_self_play,Rival,Nexto,Nexto,Rival,2,2,0,1
2982,nexto_deterministic_self_play,Rival,Nexto,Nexto,Nexto,1,3,0,1
2983,nexto_deterministic_self_play,Rival,Rival,Rival,Rival,4,0,0,1
2984,nexto_deterministic_self_play,Rival,Nexto,Nexto,Rival,2,2,0,1
2985,nexto_deterministic_self_play,Nexto,Rival,Rival,Rival,3,1,0,1
2986,nexto_deterministic_self_play,Rival,Rival,Rival,Rival,4,0,0,1
2987,nexto_deterministic_self_play,Nexto,Nexto,Nexto,Rival,1,3,0,1
2988,nexto_deterministic_self_play,Nexto,Rival,Nexto,Nexto,1,3,0,1
2989,nexto_deterministic_self_play,Rival,Rival,Nexto,Rival,3,1,0,1
2990,nexto_deterministic_self_play,Rival,Rival,Rival,Rival,4,0,0,1
2991,nexto_deterministic_self_play,Rival,Rival,Nexto,Rival,3,1,0,1
2992,nexto_deterministic_self_play,Nexto,Rival,Rival,Draw,2,1,1,0
2993,nexto_deterministic_self_play,Rival,Rival,Rival,Nexto,3,1,0,1
2994,nexto_deterministic_self_play,Nexto,Rival,Nexto,Nexto,1,3,0,1
2995,nexto_deterministic_self_play,Rival,Rival,Nexto,Rival,3,1,0,1
2996,nexto_deterministic_self_play,Nexto,Nexto,Nexto,Nexto,0,4,0,1
2997,nexto_deterministic_self_play,Nexto,Rival,Rival,Rival,3,1,0,1
2998,nexto_deterministic_self_play,Rival,Rival,Rival,Rival,4,0,0,1
2999,nexto_deterministic_self_play,Rival,Rival,Rival,Rival,4,0,0,1
3000,nexto_deterministic_self_play,Rival,Rival,Rival,Rival,4,0,0,1
3001,nexto_deterministic_self_play,Rival,Rival,Nexto,Rival,3,1,0,1
3002,nexto_deterministic_self_play,Rival,Rival,Rival,Nexto,3,1,0,1
3003,nexto_deterministic_self_play,Nexto,Rival,Rival,Nexto,2,2,0,1
3004,nexto_deterministic_self_play,Rival,Rival,Rival,Rival,4,0,0,1
3005,nexto_deterministic_self_play,Nexto,Rival,Nexto,Rival,2,2,0,1
3006,nexto_deterministic_self_play,Rival,Nexto,Nexto,Rival,2,2,0,1
3007,nexto_deterministic_self_play,Rival,Rival,Rival,Rival,4,0,0,1
3008,nexto_deterministic_self_play,Nexto,Rival,Rival,Nexto,2,2,0,1
3009,nexto_deterministic_self_play,Rival,Nexto,Nexto,Rival,2,2,0,1
3010,nexto_deterministic_self_play,Nexto,Rival,Nexto,Nexto,1,3,0,1
3011,nexto_deterministic_self_play,Rival,Rival,Nexto,Rival,3,1,0,1
3012,nexto_deterministic_self_play,Nexto,Nexto,Nexto,Rival,1,3,0,1
3013,nexto_deterministic_self_play,Rival,Rival,Rival,Rival,4,0,0,1
3014,nexto_deterministic_self_play,Rival,Nexto,Draw,Rival,2,1,1,0
3015,nexto_deterministic_self_play,Nexto,Rival,Rival,Nexto,2,2,0,1
3016,nexto_deterministic_self_play,Rival,Rival,Nexto,Rival,3,1,0,1
3017,nexto_deterministic_self_play,Nexto,Nexto,Nexto,Rival,1,3,0,1
3018,nexto_deterministic_self_play,Rival,Rival,Rival,Rival,4,0,0,1
3019,nexto_deterministic_self_play,Nexto,Nexto,Rival,Rival,2,2,0,1
3020,nexto_deterministic_self_play,Rival,Rival,Rival,Nexto,3,1,0,1
3021,nexto_deterministic_self_play,Nexto,Nexto,Nexto,Nexto,0,4,0,1
3022,nexto_deterministic_self_play,Nexto,Rival,Rival,Rival,3,1,0,1
3023,nexto_deterministic_self_play,Nexto,Nexto,Nexto,Nexto,0,4,0,1
3024,nexto_deterministic_self_play,Rival,Rival,Rival,Rival,4,0,0,1
3025,nexto_deterministic_self_play,Rival,Rival,Rival,Rival,4,0,0,1
3026,nexto_deterministic_self_play,Rival,Nexto,Nexto,Rival,2,2,0,1
3027,nexto_deterministic_self_play,Rival,Rival,Nexto,Nexto,2,2,0,1
3028,nexto_deterministic_self_play,Rival,Rival,Rival,Rival,4,0,0,1
3029,nexto_deterministic_self_play,Rival,Rival,Rival,Rival,4,0,0,1
3030,nexto_deterministic_self_play,Rival,Rival,Rival,Nexto,3,1,0,1
3031,nexto_deterministic_self_play,Nexto,Nexto,Nexto,Rival,1,3,0,1
3032,nexto_deterministic_self_play,Rival,Rival,Rival,Rival,4,0,0,1
3033,nexto_deterministic_self_play,Nexto,Rival,Rival,Nexto,2,2,0,1
3034,nexto_deterministic_self_play,Rival,Nexto,Nexto,Rival,2,2,0,1
3035,nexto_deterministic_self_play,Nexto,Rival,Nexto,Nexto,1,3,0,1
3036,nexto_deterministic_self_play,Rival,Rival,Nexto,Rival,3,1,0,1
3037,nexto_deterministic_self_play,Rival,Nexto,Nexto,Rival,2,2,0,1
3038,nexto_deterministic_self_play,Rival,Rival,Rival,Rival,4,0,0,1
3039,nexto_deterministic_self_play,Rival,Nexto,Draw,Rival,2,1,1,0
3040,nexto_deterministic_self_play,Rival,Rival,Rival,Rival,4,0,0,1
3041,nexto_deterministic_self_play,Rival,Rival,Draw,Rival,3,0,1,0
3042,nexto_deterministic_self_play,Nexto,Nexto,Nexto,Rival,1,3,0,1
3043,nexto_deterministic_self_play,Rival,Rival,Rival,Rival,4,0,0,1
3044,nexto_deterministic_self_play,Rival,Nexto,Nexto,Rival,2,2,0,1
3045,nexto_deterministic_self_play,Rival,Rival,Rival,Nexto,3,1,0,1
3046,nexto_deterministic_self_play,Nexto,Nexto,Nexto,Nexto,0,4,0,1
3047,nexto_deterministic_self_play,Nexto,Rival,Rival,Nexto,2,2,0,1
3048,nexto_deterministic_self_play,Rival,Nexto,Nexto,Rival,2,2,0,1
3049,nexto_deterministic_self_play,Rival,Rival,Rival,Rival,4,0,0,1
3050,nexto_deterministic_self_play,Nexto,Rival,Rival,Nexto,2,2,0,1
3051,nexto_deterministic_self_play,Rival,Nexto,Nexto,Rival,2,2,0,1
3052,nexto_deterministic_self_play,Rival,Rival,Rival,Rival,4,0,0,1
3053,nexto_deterministic_self_play,Rival,Rival,Rival,Rival,4,0,0,1
3054,nexto_deterministic_self_play,Rival,Nexto,Rival,Nexto,2,2,0,1
3055,nexto_deterministic_self_play,Rival,Rival,Rival,Nexto,3,1,0,1
3056,nexto_deterministic_self_play,Nexto,Rival,Nexto,Rival,2,2,0,1
3057,nexto_deterministic_self_play,Rival,Rival,Rival,Rival,4,0,0,1
3058,nexto_deterministic_self_play,Rival,Rival,Rival,Rival,4,0,0,1
3059,nexto_deterministic_self_play,Rival,Nexto,Nexto,Rival,2,2,0,1
3060,nexto_deterministic_self_play,Rival,Rival,Rival,Rival,4,0,0,1
3061,nexto_deterministic_self_play,Rival,Nexto,Nexto,Rival,2,2,0,1
3062,nexto_deterministic_self_play,Rival,Nexto,Nexto,Rival,2,2,0,1
3063,nexto_deterministic_self_play,Rival,Rival,Rival,Rival,4,0,0,1
3064,nexto_deterministic_self_play,Nexto,Nexto,Nexto,Nexto,0,4,0,1
3065,nexto_deterministic_self_play,Nexto,Rival,Nexto,Rival,2,2,0,1
3066,nexto_deterministic_self_play,Rival,Rival,Nexto,Rival,3,1,0,1
3067,nexto_deterministic_self_play,Rival,Nexto,Nexto,Nexto,1,3,0,1
3068,nexto_deterministic_self_play,Rival,Rival,Rival,Rival,4,0,0,1
3069,nexto_deterministic_self_play,Rival,Nexto,Nexto,Rival,2,2,0,1
3070,nexto_deterministic_self_play,Rival,Rival,Draw,Nexto,2,1,1,0
3071,nexto_deterministic_self_play,Rival,Rival,Nexto,Rival,3,1,0,1
3072,nexto_deterministic_self_play,Nexto,Rival,Rival,Nexto,2,2,0,1
3073,nexto_deterministic_self_play,Rival,Rival,Nexto,Rival,3,1,0,1
3074,nexto_deterministic_self_play,Rival,Nexto,Nexto,Rival,2,2,0,1
3075,nexto_deterministic_self_play,Nexto,Rival,Rival,Nexto,2,2,0,1
3076,nexto_deterministic_self_play,Rival,Nexto,Nexto,Rival,2,2,0,1
3077,nexto_deterministic_self_play,Nexto,Nexto,Nexto,Nexto,0,4,0,1
3078,nexto_deterministic_self_play,Nexto,Rival,Rival,Nexto,2,2,0,1
3079,nexto_deterministic_self_play,Rival,Nexto,Rival,Nexto,2,2,0,1
3080,nexto_deterministic_self_play,Rival,Rival,Rival,Rival,4,0,0,1
3081,nexto_deterministic_self_play,Rival,Rival,Nexto,Rival,3,1,0,1
3082,nexto_deterministic_self_play,Rival,Rival,Rival,Rival,4,0,0,1
3083,nexto_deterministic_self_play,Rival,Rival,Rival,Rival,4,0,0,1
3084,nexto_deterministic_self_play,Rival,Rival,Nexto,Rival,3,1,0,1
3085,nexto_deterministic_self_play,Nexto,Rival,Rival,Nexto,2,2,0,1
3086,nexto_deterministic_self_play,Rival,Nexto,Nexto,Rival,2,2,0,1
3087,nexto_deterministic_self_play,Rival,Rival,Nexto,Nexto,2,2,0,1
3088,nexto_deterministic_self_play,Rival,Rival,Rival,Rival,4,0,0,1
3089,nexto_deterministic_self_play,Rival,Rival,Draw,Rival,3,0,1,0
3090,nexto_deterministic_self_play,Rival,Nexto,Nexto,Draw,1,2,1,0
3091,nexto_deterministic_self_play,Rival,Rival,Rival,Rival,4,0,0,1
3092,nexto_deterministic_self_play,Rival,Nexto,Nexto,Nexto,1,3,0,1
3093,nexto_deterministic_self_play,Rival,Nexto,Rival,Rival,3,1,0,1
3094,nexto_deterministic_self_play,Rival,Rival,Nexto,Rival,3,1,0,1
3095,nexto_deterministic_self_play,Rival,Rival,Rival,Nexto,3,1,0,1
3096,nexto_deterministic_self_play,Rival,Rival,Nexto,Rival,3,1,0,1
3097,nexto_deterministic_self_play,Rival,Nexto,Nexto,Rival,2,2,0,1
3098,nexto_deterministic_self_play,Rival,Nexto,Nexto,Rival,2,2,0,1
3099,nexto_deterministic_self_play,Rival,Nexto,Nexto,Rival,2,2,0,1
3100,nexto_deterministic_self_play,Nexto,Rival,Rival,Nexto,2,2,0,1
3101,nexto_deterministic_self_play,Rival,Rival,Rival,Rival,4,0,0,1
3102,nexto_deterministic_self_play,Nexto,Nexto,Nexto,Nexto,0,4,0,1
3103,nexto_deterministic_self_play,Rival,Rival,Rival,Draw,3,0,1,0
3104,nexto_deterministic_self_play,Nexto,Rival,Rival,Nexto,2,2,0,1
3105,nexto_deterministic_self_play,Nexto,Rival,Rival,Rival,3,1,0,1
3106,nexto_deterministic_self_play,Rival,Rival,Nexto,Rival,3,1,0,1
3107,nexto_deterministic_self_play,Nexto,Rival,Rival,Rival,3,1,0,1
3108,nexto_deterministic_self_play,Rival,Nexto,Rival,Rival,3,1,0,1
3109,nexto_deterministic_self_play,Rival,Rival,Nexto,Rival,3,1,0,1
3110,nexto_deterministic_self_play,Nexto,Rival,Rival,Nexto,2,2,0,1
3111,nexto_deterministic_self_play,Rival,Draw,Nexto,Rival,2,1,1,0
3112,nexto_deterministic_self_play,Rival,Rival,Nexto,Nexto,2,2,0,1
3113,nexto_deterministic_self_play,Rival,Rival,Rival,Rival,4,0,0,1
3114,nexto_deterministic_self_play,Rival,Rival,Nexto,Rival,3,1,0,1
3115,nexto_deterministic_self_play,Nexto,Rival,Rival,Rival,3,1,0,1
3116,nexto_deterministic_self_play,Rival,Rival,Rival,Rival,4,0,0,1
3117,nexto_deterministic_self_play,Rival,Nexto,Nexto,Nexto,1,3,0,1
3118,nexto_deterministic_self_play,Nexto,Rival,Nexto,Nexto,1,3,0,1
3119,nexto_deterministic_self_play,Rival,Rival,Nexto,Rival,3,1,0,1
3120,nexto_deterministic_self_play,Rival,Rival,Rival,Nexto,3,1,0,1
3121,nexto_deterministic_self_play,Rival,Rival,Rival,Rival,4,0,0,1
3122,nexto_deterministic_self_play,Rival,Nexto,Nexto,Rival,2,2,0,1
3123,nexto_deterministic_self_play,Rival,Nexto,Nexto,Rival,2,2,0,1
3124,nexto_deterministic_self_play,Rival,Rival,Nexto,Rival,3,1,0,1
3125,nexto_deterministic_self_play,Nexto,Rival,Rival,Rival,3,1,0,1
3126,nexto_deterministic_self_play,Rival,Nexto,Nexto,Rival,2,2,0,1
3127,nexto_deterministic_self_play,Nexto,Rival,Rival,Nexto,2,2,0,1
3128,nexto_deterministic_self_play,Rival,Nexto,Rival,Rival,3,1,0,1
3129,nexto_deterministic_self_play,Nexto,Rival,Rival,Nexto,2,2,0,1
3130,nexto_deterministic_self_play,Nexto,Nexto,Nexto,Nexto,0,4,0,1
3131,nexto_deterministic_self_play,Nexto,Rival,Nexto,Nexto,1,3,0,1
3132,nexto_deterministic_self_play,Rival,Rival,Rival,Rival,4,0,0,1
3133,nexto_deterministic_self_play,Rival,Nexto,Rival,Rival,3,1,0,1
3134,nexto_deterministic_self_play,Rival,Rival,Rival,Rival,4,0,0,1
3135,nexto_deterministic_self_play,Nexto,Rival,Rival,Nexto,2,2,0,1
3136,nexto_deterministic_self_play,Rival,Draw,Nexto,Rival,2,1,1,0
3137,nexto_deterministic_self_play,Nexto,Rival,Rival,Rival,3,1,0,1
3138,nexto_deterministic_self_play,Nexto,Rival,Rival,Nexto,2,2,0,1
3139,nexto_deterministic_self_play,Rival,Rival,Nexto,Rival,3,1,0,1
3140,nexto_deterministic_self_play,Nexto,Rival,Nexto,Rival,2,2,0,1
3141,nexto_deterministic_self_play,Rival,Rival,Rival,Rival,4,0,0,1
3142,nexto_deterministic_self_play,Rival,Nexto,Nexto,Nexto,1,3,0,1
3143,nexto_deterministic_self_play,Nexto,Rival,Rival,Nexto,2,2,0,1
3144,nexto_deterministic_self_play,Rival,Nexto,Nexto,Rival,2,2,0,1
3145,nexto_deterministic_self_play,Nexto,Rival,Rival,Nexto,2,2,0,1
3146,nexto_deterministic_self_play,Rival,Rival,Rival,Rival,4,0,0,1
3147,nexto_deterministic_self_play,Nexto,Rival,Rival,Rival,3,1,0,1
3148,nexto_deterministic_self_play,Rival,Rival,Rival,Rival,4,0,0,1
3149,nexto_deterministic_self_play,Rival,Rival,Nexto,Rival,3,1,0,1
3150,nexto_deterministic_self_play,Nexto,Rival,Rival,Rival,3,1,0,1
3151,nexto_deterministic_self_play,Rival,Rival,Rival,Rival,4,0,0,1
3152,nexto_deterministic_self_play,Nexto,Rival,Rival,Nexto,2,2,0,1
3153,nexto_deterministic_self_play,Rival,Nexto,Rival,Rival,3,1,0,1
3154,nexto_deterministic_self_play,Nexto,Nexto,Rival,Rival,2,2,0,1
3155,nexto_deterministic_self_play,Nexto,Nexto,Nexto,Nexto,0,4,0,1
3156,nexto_deterministic_self_play,Nexto,Rival,Nexto,Nexto,1,3,0,1
3157,nexto_deterministic_self_play,Rival,Rival,Nexto,Rival,3,1,0,1
3158,nexto_deterministic_self_play,Nexto,Nexto,Nexto,Nexto,0,4,0,1
3159,nexto_deterministic_self_play,Rival,Nexto,Rival,Rival,3,1,0,1
3160,nexto_deterministic_self_play,Nexto,Rival,Rival,Rival,3,1,0,1
3161,nexto_deterministic_self_play,Rival,Rival,Rival,Rival,4,0,0,1
3162,nexto_deterministic_self_play,Nexto,Rival,Rival,Rival,3,1,0,1
3163,nexto_deterministic_self_play,Rival,Rival,Rival,Nexto,3,1,0,1
3164,nexto_deterministic_self_play,Nexto,Rival,Nexto,Rival,2,2,0,1
3165,nexto_deterministic_self_play,Rival,Nexto,Nexto,Rival,2,2,0,1
3166,nexto_deterministic_self_play,Rival,Rival,Rival,Rival,4,0,0,1
3167,nexto_deterministic_self_play,Nexto,Rival,Rival,Rival,3,1,0,1
3168,nexto_deterministic_self_play,Rival,Nexto,Nexto,Rival,2,2,0,1
3169,nexto_deterministic_self_play,Rival,Rival,Nexto,Rival,3,1,0,1
3170,nexto_deterministic_self_play,Nexto,Rival,Rival,Nexto,2,2,0,1
3171,nexto_deterministic_self_play,Rival,Rival,Nexto,Rival,3,1,0,1
3172,nexto_deterministic_self_play,Nexto,Rival,Rival,Rival,3,1,0,1
3173,nexto_deterministic_self_play,Rival,Rival,Rival,Rival,4,0,0,1
3174,nexto_deterministic_self_play,Rival,Draw,Rival,Rival,3,0,1,0
3175,nexto_deterministic_self_play,Nexto,Rival,Rival,Rival,3,1,0,1
3176,nexto_deterministic_self_play,Rival,Rival,Rival,Rival,4,0,0,1
3177,nexto_deterministic_self_play,Nexto,Nexto,Nexto,Rival,1,3,0,1
3178,nexto_deterministic_self_play,Rival,Rival,Rival,Rival,4,0,0,1
3179,nexto_deterministic_self_play,Nexto,Nexto,Rival,Rival,2,2,0,1
3180,nexto_deterministic_self_play,Nexto,Nexto,Nexto,Nexto,0,4,0,1
3181,nexto_deterministic_self_play,Nexto,Nexto,Nexto,Nexto,0,4,0,1
3182,nexto_deterministic_self_play,Rival,Rival,Nexto,Rival,3,1,0,1
3183,nexto_deterministic_self_play,Nexto,Rival,Nexto,Nexto,1,3,0,1
3184,nexto_deterministic_self_play,Rival,Rival,Nexto,Rival,3,1,0,1
3185,nexto_deterministic_self_play,Nexto,Rival,Rival,Rival,3,1,0,1
3186,nexto_deterministic_self_play,Rival,Rival,Rival,Rival,4,0,0,1
3187,nexto_deterministic_self_play,Rival,Rival,Rival,Rival,4,0,0,1
3188,nexto_deterministic_self_play,Rival,Nexto,Draw,Rival,2,1,1,0
3189,nexto_deterministic_self_play,Nexto,Rival,Nexto,Rival,2,2,0,1
3190,nexto_deterministic_self_play,Nexto,Rival,Rival,Rival,3,1,0,1
3191,nexto_deterministic_self_play,Nexto,Rival,Nexto,Rival,2,2,0,1
3192,nexto_deterministic_self_play,Nexto,Rival,Rival,Rival,3,1,0,1
3193,nexto_deterministic_self_play,Rival,Rival,Rival,Rival,4,0,0,1
3194,nexto_deterministic_self_play,Rival,Nexto,Nexto,Rival,2,2,0,1
3195,nexto_deterministic_self_play,Nexto,Rival,Rival,Nexto,2,2,0,1
3196,nexto_deterministic_self_play,Rival,Rival,Nexto,Rival,3,1,0,1
3197,nexto_deterministic_self_play,Rival,Rival,Rival,Nexto,3,1,0,1
3198,nexto_deterministic_self_play,Rival,Rival,Rival,Nexto,3,1,0,1
3199,nexto_deterministic_self_play,Rival,Draw,Rival,Rival,3,0,1,0
3200,nexto_deterministic_self_play,Nexto,Nexto,Rival,Nexto,1,3,0,1
3201,nexto_deterministic_self_play,Nexto,Rival,Nexto,Rival,2,2,0,1
3202,nexto_deterministic_self_play,Rival,Rival,Nexto,Rival,3,1,0,1
3203,nexto_deterministic_self_play,Rival,Rival,Rival,Rival,4,0,0,1
3204,nexto_deterministic_self_play,Rival,Rival,Nexto,Rival,3,1,0,1
3205,nexto_deterministic_self_play,Nexto,Nexto,Rival,Draw,1,2,1,0
3206,nexto_deterministic_self_play,Rival,Nexto,Nexto,Rival,2,2,0,1
3207,nexto_deterministic_self_play,Nexto,Rival,Rival,Rival,3,1,0,1
3208,nexto_deterministic_self_play,Rival,Nexto,Nexto,Rival,2,2,0,1
3209,nexto_deterministic_self_play,Rival,Rival,Nexto,Rival,3,1,0,1
3210,nexto_deterministic_self_play,Nexto,Rival,Rival,Nexto,2,2,0,1
3211,nexto_deterministic_self_play,Rival,Rival,Nexto,Rival,3,1,0,1
3212,nexto_deterministic_self_play,Rival,Rival,Rival,Rival,4,0,0,1
3213,nexto_deterministic_self_play,Rival,Rival,Rival,Rival,4,0,0,1
3214,nexto_deterministic_self_play,Rival,Nexto,Draw,Nexto,1,2,1,0
3215,nexto_deterministic_self_play,Nexto,Nexto,Nexto,Nexto,0,4,0,1
3216,nexto_deterministic_self_play,Nexto,Rival,Nexto,Rival,2,2,0,1
3217,nexto_deterministic_self_play,Rival,Rival,Rival,Rival,4,0,0,1
3218,nexto_deterministic_self_play,Rival,Rival,Rival,Rival,4,0,0,1
3219,nexto_deterministic_self_play,Rival,Nexto,Nexto,Rival,2,2,0,1
3220,nexto_deterministic_self_play,Rival,Rival,Rival,Rival,4,0,0,1
3221,nexto_deterministic_self_play,Rival,Rival,Nexto,Rival,3,1,0,1
3222,nexto_deterministic_self_play,Rival,Rival,Rival,Nexto,3,1,0,1
3223,nexto_deterministic_self_play,Rival,Rival,Rival,Nexto,3,1,0,1
3224,nexto_deterministic_self_play,Rival,Rival,Draw,Rival,3,0,1,0
3225,nexto_deterministic_self_play,Nexto,Rival,Rival,Nexto,2,2,0,1
3226,nexto_deterministic_self_play,Nexto,Rival,Nexto,Rival,2,2,0,1
3227,nexto_deterministic_self_play,Nexto,Nexto,Nexto,Nexto,0,4,0,1
3228,nexto_deterministic_self_play,Rival,Nexto,Rival,Rival,3,1,0,1
3229,nexto_deterministic_self_play,Rival,Rival,Nexto,Rival,3,1,0,1
3230,nexto_deterministic_self_play,Nexto,Nexto,Rival,Draw,1,2,1,0
3231,nexto_deterministic_self_play,Rival,Rival,Nexto,Rival,3,1,0,1
3232,nexto_deterministic_self_play,Nexto,Rival,Rival,Rival,3,1,0,1
3233,nexto_deterministic_self_play,Rival,Rival,Rival,Rival,4,0,0,1
3234,nexto_deterministic_self_play,Rival,Rival,Nexto,Rival,3,1,0,1
3235,nexto_deterministic_self_play,Nexto,Nexto,Nexto,Nexto,0,4,0,1
3236,nexto_deterministic_self_play,Rival,Rival,Nexto,Rival,3,1,0,1
3237,nexto_deterministic_self_play,Rival,Rival,Rival,Nexto,3,1,0,1
3238,nexto_deterministic_self_play,Nexto,Rival,Nexto,Nexto,1,3,0,1
3239,nexto_deterministic_self_play,Rival,Nexto,Nexto,Rival,2,2,0,1
3240,nexto_deterministic_self_play,Rival,Rival,Rival,Rival,4,0,0,1
3241,nexto_deterministic_self_play,Rival,Rival,Nexto,Rival,3,1,0,1
3242,nexto_deterministic_self_play,Rival,Rival,Rival,Rival,4,0,0,1
3243,nexto_deterministic_self_play,Rival,Rival,Rival,Rival,4,0,0,1
3244,nexto_deterministic_self_play,Rival,Rival,Nexto,Rival,3,1,0,1
3245,nexto_deterministic_self_play,Rival,Rival,Rival,Rival,4,0,0,1
3246,nexto_deterministic_self_play,Rival,Rival,Nexto,Rival,3,1,0,1
3247,nexto_deterministic_self_play,Rival,Rival,Nexto,Nexto,2,2,0,1
3248,nexto_deterministic_self_play,Draw,Rival,Rival,Rival,3,0,1,0
3249,nexto_deterministic_self_play,Rival,Rival,Draw,Rival,3,0,1,0
3250,nexto_deterministic_self_play,Nexto,Rival,Rival,Rival,3,1,0,1
3251,nexto_deterministic_self_play,Rival,Rival,Rival,Rival,4,0,0,1
3252,nexto_deterministic_self_play,Nexto,Nexto,Rival,Nexto,1,3,0,1
3253,nexto_deterministic_self_play,Nexto,Rival,Rival,Rival,3,1,0,1
3254,nexto_deterministic_self_play,Rival,Rival,Rival,Rival,4,0,0,1
3255,nexto_deterministic_self_play,Rival,Rival,Rival,Nexto,3,1,0,1
3256,nexto_deterministic_self_play,Rival,Rival,Nexto,Rival,3,1,0,1
3257,nexto_deterministic_self_play,Rival,Nexto,Nexto,Rival,2,2,0,1
3258,nexto_deterministic_self_play,Nexto,Nexto,Rival,Nexto,1,3,0,1
3259,nexto_deterministic_self_play,Rival,Rival,Nexto,Rival,3,1,0,1
3260,nexto_deterministic_self_play,Nexto,Rival,Rival,Rival,3,1,0,1
3261,nexto_deterministic_self_play,Rival,Nexto,Nexto,Rival,2,2,0,1
3262,nexto_deterministic_self_play,Rival,Rival,Rival,Nexto,3,1,0,1
3263,nexto_deterministic_self_play,Nexto,Rival,Nexto,Nexto,1,3,0,1
3264,nexto_deterministic_self_play,Rival,Nexto,Nexto,Rival,2,2,0,1
3265,nexto_deterministic_self_play,Nexto,Nexto,Nexto,Nexto,0,4,0,1
3266,nexto_deterministic_self_play,Rival,Rival,Nexto,Rival,3,1,0,1
3267,nexto_deterministic_self_play,Rival,Rival,Rival,Rival,4,0,0,1
3268,nexto_deterministic_self_play,Rival,Rival,Rival,Rival,4,0,0,1
3269,nexto_deterministic_self_play,Rival,Rival,Nexto,Rival,3,1,0,1
3270,nexto_deterministic_self_play,Nexto,Nexto,Draw,Rival,1,2,1,0
3271,nexto_deterministic_self_play,Nexto,Rival,Nexto,Rival,2,2,0,1
3272,nexto_deterministic_self_play,Nexto,Rival,Rival,Rival,3,1,0,1
3273,nexto_deterministic_self_play,Draw,Rival,Rival,Rival,3,0,1,0
3274,nexto_deterministic_self_play,Rival,Nexto,Nexto,Rival,2,2,0,1
3275,nexto_deterministic_self_play,Nexto,Nexto,Nexto,Nexto,0,4,0,1
3276,nexto_deterministic_self_play,Rival,Rival,Nexto,Rival,3,1,0,1
3277,nexto_deterministic_self_play,Nexto,Rival,Rival,Rival,3,1,0,1
3278,nexto_deterministic_self_play,Rival,Rival,Rival,Rival,4,0,0,1
3279,nexto_deterministic_self_play,Rival,Rival,Rival,Rival,4,0,0,1
3280,nexto_deterministic_self_play,Nexto,Nexto,Nexto,Rival,1,3,0,1
3281,nexto_deterministic_self_play,Nexto,Rival,Rival,Nexto,2,2,0,1
3282,nexto_deterministic_self_play,Rival,Nexto,Nexto,Rival,2,2,0,1
3283,nexto_deterministic_self_play,Nexto,Nexto,Rival,Nexto,1,3,0,1
3284,nexto_deterministic_self_play,Rival,Rival,Nexto,Rival,3,1,0,1
3285,nexto_deterministic_self_play,Nexto,Rival,Rival,Nexto,2,2,0,1
3286,nexto_deterministic_self_play,Rival,Nexto,Nexto,Rival,2,2,0,1
3287,nexto_deterministic_self_play,Rival,Draw,Nexto,Rival,2,1,1,0
3288,nexto_deterministic_self_play,Rival,Nexto,Rival,Rival,3,1,0,1
3289,nexto_deterministic_self_play,Rival,Nexto,Nexto,Rival,2,2,0,1
3290,nexto_deterministic_self_play,Nexto,Rival,Nexto,Nexto,1,3,0,1
3291,nexto_deterministic_self_play,Rival,Rival,Nexto,Rival,3,1,0,1
3292,nexto_deterministic_self_play,Rival,Rival,Rival,Rival,4,0,0,1
3293,nexto_deterministic_self_play,Rival,Rival,Rival,Rival,4,0,0,1
3294,nexto_deterministic_self_play,Rival,Nexto,Rival,Rival,3,1,0,1
3295,nexto_deterministic_self_play,Draw,Rival,Rival,Nexto,2,1,1,0
3296,nexto_deterministic_self_play,Nexto,Rival,Nexto,Rival,2,2,0,1
3297,nexto_deterministic_self_play,Nexto,Rival,Rival,Nexto,2,2,0,1
3298,nexto_deterministic_self_play,Rival,Rival,Rival,Nexto,3,1,0,1
3299,nexto_deterministic_self_play,Rival,Nexto,Nexto,Rival,2,2,0,1
3300,nexto_deterministic_self_play,Nexto,Nexto,Nexto,Nexto,0,4,0,1
3301,nexto_deterministic_self_play,Rival,Nexto,Nexto,Rival,2,2,0,1
3302,nexto_deterministic_self_play,Nexto,Rival,Rival,Rival,3,1,0,1
3303,nexto_deterministic_self_play,Rival,Rival,Rival,Rival,4,0,0,1
3304,nexto_deterministic_self_play,Rival,Nexto,Nexto,Rival,2,2,0,1
3305,nexto_deterministic_self_play,Nexto,Nexto,Nexto,Rival,1,3,0,1
3306,nexto_deterministic_self_play,Nexto,Rival,Rival,Nexto,2,2,0,1
3307,nexto_deterministic_self_play,Rival,Nexto,Nexto,Rival,2,2,0,1
3308,nexto_deterministic_self_play,Nexto,Rival,Draw,Rival,2,1,1,0
3309,nexto_deterministic_self_play,Nexto,Nexto,Nexto,Nexto,0,4,0,1
3310,nexto_deterministic_self_play,Nexto,Rival,Rival,Nexto,2,2,0,1
3311,nexto_deterministic_self_play,Rival,Nexto,Nexto,Rival,2,2,0,1
3312,nexto_deterministic_self_play,Rival,Draw,Nexto,Rival,2,1,1,0
3313,nexto_deterministic_self_play,Nexto,Rival,Nexto,Nexto,1,3,0,1
3314,nexto_deterministic_self_play,Rival,Nexto,Nexto,Nexto,1,3,0,1
3315,nexto_deterministic_self_play,Nexto,Nexto,Nexto,Nexto,0,4,0,1
3316,nexto_deterministic_self_play,Rival,Rival,Nexto,Rival,3,1,0,1
3317,nexto_deterministic_self_play,Rival,Rival,Nexto,Rival,3,1,0,1
3318,nexto_deterministic_self_play,Nexto,Rival,Rival,Rival,3,1,0,1
3319,nexto_deterministic_self_play,Rival,Nexto,Rival,Rival,3,1,0,1
3320,nexto_deterministic_self_play,Draw,Rival,Rival,Nexto,2,1,1,0
3321,nexto_deterministic_self_play,Rival,Rival,Rival,Rival,4,0,0,1
3322,nexto_deterministic_self_play,Nexto,Rival,Rival,Nexto,2,2,0,1
3323,nexto_deterministic_self_play,Rival,Rival,Rival,Nexto,3,1,0,1
3324,nexto_deterministic_self_play,Rival,Rival,Nexto,Rival,3,1,0,1
3325,nexto_deterministic_self_play,Nexto,Rival,Rival,Rival,3,1,0,1
3326,nexto_deterministic_self_play,Rival,Nexto,Nexto,Rival,2,2,0,1
3327,nexto_deterministic_self_play,Nexto,Rival,Rival,Rival,3,1,0,1
3328,nexto_deterministic_self_play,Rival,Rival,Rival,Rival,4,0,0,1
3329,nexto_deterministic_self_play,Rival,Nexto,Nexto,Rival,2,2,0,1
3330,nexto_deterministic_self_play,Nexto,Nexto,Nexto,Rival,1,3,0,1
3331,nexto_deterministic_self_play,Rival,Rival,Nexto,Rival,3,1,0,1
3332,nexto_deterministic_self_play,Rival,Nexto,Nexto,Rival,2,2,0,1
3333,nexto_deterministic_self_play,Nexto,Rival,Draw,Rival,2,1,1,0
3334,nexto_deterministic_self_play,Rival,Rival,Nexto,Rival,3,1,0,1
3335,nexto_deterministic_self_play,Nexto,Rival,Rival,Rival,3,1,0,1
3336,nexto_deterministic_self_play,Rival,Nexto,Nexto,Rival,2,2,0,1
3337,nexto_deterministic_self_play,Rival,Rival,Nexto,Rival,3,1,0,1
3338,nexto_deterministic_self_play,Rival,Rival,Rival,Nexto,3,1,0,1
3339,nexto_deterministic_self_play,Rival,Nexto,Nexto,Nexto,1,3,0,1
3340,nexto_deterministic_self_play,Nexto,Rival,Rival,Nexto,2,2,0,1
3341,nexto_deterministic_self_play,Rival,Nexto,Nexto,Rival,2,2,0,1
3342,nexto_deterministic_self_play,Rival,Nexto,Nexto,Nexto,1,3,0,1
3343,nexto_deterministic_self_play,Nexto,Rival,Rival,Rival,3,1,0,1
3344,nexto_deterministic_self_play,Rival,Nexto,Nexto,Rival,2,2,0,1
3345,nexto_deterministic_self_play,Nexto,Rival,Rival,Nexto,2,2,0,1
3346,nexto_deterministic_self_play,Rival,Nexto,Nexto,Rival,2,2,0,1
3347,nexto_deterministic_self_play,Nexto,Rival,Rival,Nexto,2,2,0,1
3348,nexto_deterministic_self_play,Nexto,Rival,Rival,Nexto,2,2,0,1
3349,nexto_deterministic_self_play,Rival,Rival,Nexto,Rival,3,1,0,1
3350,nexto_deterministic_self_play,Nexto,Rival,Rival,Nexto,2,2,0,1
3351,nexto_deterministic_self_play,Rival,Rival,Nexto,Rival,3,1,0,1
3352,nexto_deterministic_self_play,Nexto,Rival,Rival,Rival,3,1,0,1
3353,nexto_deterministic_self_play,Nexto,Rival,Rival,Draw,2,1,1,0
3354,nexto_deterministic_self_play,Rival,Nexto,Nexto,Rival,2,2,0,1
3355,nexto_deterministic_self_play,Nexto,Rival,Rival,Nexto,2,2,0,1
3356,nexto_deterministic_self_play,Rival,Rival,Nexto,Rival,3,1,0,1
3357,nexto_deterministic_self_play,Rival,Nexto,Nexto,Rival,2,2,0,1
3358,nexto_deterministic_self_play,Rival,Rival,Rival,Nexto,3,1,0,1
3359,nexto_deterministic_self_play,Rival,Rival,Nexto,Rival,3,1,0,1
3360,nexto_deterministic_self_play,Nexto,Rival,Rival,Rival,3,1,0,1
3361,nexto_deterministic_self_play,Rival,Nexto,Nexto,Rival,2,2,0,1
3362,nexto_deterministic_self_play,Rival,Rival,Nexto,Rival,3,1,0,1
3363,nexto_deterministic_self_play,Nexto,Rival,Nexto,Rival,2,2,0,1
3364,nexto_deterministic_self_play,Rival,Rival,Nexto,Rival,3,1,0,1
3365,nexto_deterministic_self_play,Nexto,Rival,Rival,Nexto,2,2,0,1
3366,nexto_deterministic_self_play,Rival,Nexto,Nexto,Rival,2,2,0,1
3367,nexto_deterministic_self_play,Rival,Nexto,Nexto,Nexto,1,3,0,1
3368,nexto_deterministic_self_play,Rival,Rival,Rival,Rival,4,0,0,1
3369,nexto_deterministic_self_play,Rival,Nexto,Nexto,Rival,2,2,0,1
3370,nexto_deterministic_self_play,Nexto,Rival,Rival,Nexto,2,2,0,1
3371,nexto_deterministic_self_play,Rival,Nexto,Rival,Rival,3,1,0,1
3372,nexto_deterministic_self_play,Nexto,Rival,Rival,Nexto,2,2,0,1
3373,nexto_deterministic_self_play,Nexto,Rival,Rival,Nexto,2,2,0,1
3374,nexto_deterministic_self_play,Rival,Nexto,Nexto,Rival,2,2,0,1
3375,nexto_deterministic_self_play,Nexto,Rival,Rival,Nexto,2,2,0,1
3376,nexto_deterministic_self_play,Rival,Rival,Nexto,Rival,3,1,0,1
3377,nexto_deterministic_self_play,Rival,Nexto,Nexto,Nexto,1,3,0,1
3378,nexto_deterministic_self_play,Nexto,Rival,Rival,Nexto,2,2,0,1
3379,nexto_deterministic_self_play,Rival,Rival,Nexto,Rival,3,1,0,1
3380,nexto_deterministic_self_play,Draw,Nexto,Nexto,Rival,1,2,1,0
3381,nexto_deterministic_self_play,Rival,Rival,Nexto,Rival,3,1,0,1
3382,nexto_deterministic_self_play,Rival,Nexto,Nexto,Rival,2,2,0,1
3383,nexto_deterministic_self_play,Nexto,Rival,Nexto,Nexto,1,3,0,1
3384,nexto_deterministic_self_play,Nexto,Nexto,Nexto,Rival,1,3,0,1
3385,nexto_deterministic_self_play,Nexto,Nexto,Nexto,Rival,1,3,0,1
3386,nexto_deterministic_self_play,Rival,Nexto,Nexto,Rival,2,2,0,1
3387,nexto_deterministic_self_play,Nexto,Nexto,Nexto,Nexto,0,4,0,1
3388,nexto_deterministic_self_play,Nexto,Rival,Nexto,Rival,2,2,0,1
3389,nexto_deterministic_self_play,Rival,Rival,Nexto,Rival,3,1,0,1
3390,nexto_deterministic_self_play,Nexto,Rival,Rival,Rival,3,1,0,1
3391,nexto_deterministic_self_play,Rival,Rival,Nexto,Rival,3,1,0,1
3392,nexto_deterministic_self_play,Rival,Nexto,Nexto,Nexto,1,3,0,1
3393,nexto_deterministic_self_play,Rival,Rival,Rival,Rival,4,0,0,1
3394,nexto_deterministic_self_play,Nexto,Nexto,Nexto,Nexto,0,4,0,1
3395,nexto_deterministic_self_play,Nexto,Rival,Rival,Rival,3,1,0,1
3396,nexto_deterministic_self_play,Rival,Nexto,Nexto,Rival,2,2,0,1
3397,nexto_deterministic_self_play,Rival,Rival,Rival,Nexto,3,1,0,1
3398,nexto_deterministic_self_play,Rival,Rival,Rival,Rival,4,0,0,1
3399,nexto_deterministic_self_play,Rival,Nexto,Nexto,Rival,2,2,0,1
3400,nexto_deterministic_self_play,Nexto,Rival,Rival,Nexto,2,2,0,1
3401,nexto_deterministic_self_play,Rival,Rival,Nexto,Rival,3,1,0,1
3402,nexto_deterministic_self_play,Rival,Nexto,Nexto,Nexto,1,3,0,1
3403,nexto_deterministic_self_play,Rival,Rival,Rival,Draw,3,0,1,0
3404,nexto_deterministic_self_play,Nexto,Rival,Rival,Rival,3,1,0,1
3405,nexto_deterministic_self_play,Nexto,Nexto,Draw,Rival,1,2,1,0
3406,nexto_deterministic_self_play,Rival,Rival,Nexto,Rival,3,1,0,1
3407,nexto_deterministic_self_play,Nexto,Rival,Rival,Rival,3,1,0,1
3408,nexto_deterministic_self_play,Nexto,Rival,Rival,Rival,3,1,0,1
3409,nexto_deterministic_self_play,Nexto,Nexto,Nexto,Rival,1,3,0,1
3410,nexto_deterministic_self_play,Rival,Rival,Rival,Rival,4,0,0,1
3411,nexto_deterministic_self_play,Rival,Rival,Nexto,Rival,3,1,0,1
3412,nexto_deterministic_self_play,Rival,Nexto,Nexto,Rival,2,2,0,1
3413,nexto_deterministic_self_play,Nexto,Rival,Nexto,Rival,2,2,0,1
3414,nexto_deterministic_self_play,Rival,Rival,Rival,Rival,4,0,0,1
3415,nexto_deterministic_self_play,Nexto,Nexto,Nexto,Nexto,0,4,0,1
3416,nexto_deterministic_self_play,Rival,Nexto,Nexto,Rival,2,2,0,1
3417,nexto_deterministic_self_play,Nexto,Nexto,Nexto,Rival,1,3,0,1
3418,nexto_deterministic_self_play,Nexto,Rival,Nexto,Nexto,1,3,0,1
3419,nexto_deterministic_self_play,Nexto,Nexto,Nexto,Nexto,0,4,0,1
3420,nexto_deterministic_self_play,Rival,Rival,Rival,Nexto,3,1,0,1
3421,nexto_deterministic_self_play,Rival,Rival,Nexto,Rival,3,1,0,1
3422,nexto_deterministic_self_play,Rival,Rival,Rival,Rival,4,0,0,1
3423,nexto_deterministic_self_play,Rival,Rival,Rival,Rival,4,0,0,1
3424,nexto_deterministic_self_play,Rival,Nexto,Nexto,Rival,2,2,0,1
3425,nexto_deterministic_self_play,Nexto,Nexto,Rival,Nexto,1,3,0,1
3426,nexto_deterministic_self_play,Rival,Rival,Nexto,Rival,3,1,0,1
3427,nexto_deterministic_self_play,Rival,Nexto,Nexto,Rival,2,2,0,1
3428,nexto_deterministic_self_play,Rival,Rival,Rival,Rival,4,0,0,1
3429,nexto_deterministic_self_play,Nexto,Rival,Rival,Rival,3,1,0,1
3430,nexto_deterministic_self_play,Nexto,Rival,Rival,Nexto,2,2,0,1
3431,nexto_deterministic_self_play,Nexto,Nexto,Nexto,Nexto,0,4,0,1
3432,nexto_deterministic_self_play,Nexto,Rival,Rival,Rival,3,1,0,1
3433,nexto_deterministic_self_play,Nexto,Rival,Rival,Rival,3,1,0,1
3434,nexto_deterministic_self_play,Rival,Nexto,Nexto,Rival,2,2,0,1
3435,nexto_deterministic_self_play,Nexto,Rival,Rival,Rival,3,1,0,1
3436,nexto_deterministic_self_play,Rival,Rival,Nexto,Rival,3,1,0,1
3437,nexto_deterministic_self_play,Rival,Nexto,Nexto,Nexto,1,3,0,1
3438,nexto_deterministic_self_play,Rival,Rival,Rival,Rival,4,0,0,1
3439,nexto_deterministic_self_play,Rival,Rival,Rival,Rival,4,0,0,1
3440,nexto_deterministic_self_play,Rival,Rival,Rival,Rival,4,0,0,1
3441,nexto_deterministic_self_play,Rival,Nexto,Nexto,Rival,2,2,0,1
3442,nexto_deterministic_self_play,Nexto,Nexto,Nexto,Rival,1,3,0,1
3443,nexto_deterministic_self_play,Nexto,Nexto,Rival,Nexto,1,3,0,1
3444,nexto_deterministic_self_play,Nexto,Nexto,Nexto,Nexto,0,4,0,1
3445,nexto_deterministic_self_play,Draw,Rival,Nexto,Rival,2,1,1,0
3446,nexto_deterministic_self_play,Rival,Rival,Nexto,Rival,3,1,0,1
3447,nexto_deterministic_self_play,Rival,Nexto,Nexto,Rival,2,2,0,1
3448,nexto_deterministic_self_play,Nexto,Draw,Rival,Nexto,1,2,1,0
3449,nexto_deterministic_self_play,Rival,Rival,Nexto,Rival,3,1,0,1
3450,nexto_deterministic_self_play,Rival,Rival,Rival,Rival,4,0,0,1
3451,nexto_deterministic_self_play,Rival,Rival,Nexto,Rival,3,1,0,1
3452,nexto_deterministic_self_play,Rival,Nexto,Nexto,Rival,2,2,0,1
3453,nexto_deterministic_self_play,Nexto,Rival,Rival,Rival,3,1,0,1
3454,nexto_deterministic_self_play,Rival,Nexto,Rival,Rival,3,1,0,1
3455,nexto_deterministic_self_play,Nexto,Rival,Rival,Rival,3,1,0,1
3456,nexto_deterministic_self_play,Nexto,Nexto,Nexto,Nexto,0,4,0,1
3457,nexto_deterministic_self_play,Rival,Nexto,Nexto,Rival,2,2,0,1
3458,nexto_deterministic_self_play,Nexto,Nexto,Rival,Rival,2,2,0,1
3459,nexto_deterministic_self_play,Rival,Nexto,Nexto,Rival,2,2,0,1
3460,nexto_deterministic_self_play,Nexto,Nexto,Rival,Rival,2,2,0,1
3461,nexto_deterministic_self_play,Rival,Nexto,Nexto,Rival,2,2,0,1
3462,nexto_deterministic_self_play,Rival,Nexto,Nexto,Nexto,1,3,0,1
3463,nexto_deterministic_self_play,Rival,Rival,Rival,Rival,4,0,0,1
3464,nexto_deterministic_self_play,Nexto,Rival,Nexto,Nexto,1,3,0,1
3465,nexto_deterministic_self_play,Nexto,Nexto,Nexto,Rival,1,3,0,1
3466,nexto_deterministic_self_play,Rival,Nexto,Nexto,Rival,2,2,0,1
3467,nexto_deterministic_self_play,Rival,Nexto,Nexto,Rival,2,2,0,1
3468,nexto_deterministic_self_play,Nexto,Rival,Rival,Rival,3,1,0,1
3469,nexto_deterministic_self_play,Nexto,Nexto,Nexto,Nexto,0,4,0,1
3470,nexto_deterministic_self_play,Draw,Rival,Nexto,Rival,2,1,1,0
3471,nexto_deterministic_self_play,Rival,Nexto,Nexto,Rival,2,2,0,1
3472,nexto_deterministic_self_play,Rival,Nexto,Nexto,Rival,2,2,0,1
3473,nexto_deterministic_self_play,Nexto,Rival,Nexto,Nexto,1,3,0,1
3474,nexto_deterministic_self_play,Rival,Nexto,Nexto,Rival,2,2,0,1
3475,nexto_deterministic_self_play,Nexto,Rival,Rival,Nexto,2,2,0,1
3476,nexto_deterministic_self_play,Rival,Rival,Nexto,Rival,3,1,0,1
3477,nexto_deterministic_self_play,Rival,Nexto,Nexto,Nexto,1,3,0,1
3478,nexto_deterministic_self_play,Rival,Rival,Draw,Nexto,2,1,1,0
3479,nexto_deterministic_self_play,Rival,Nexto,Rival,Rival,3,1,0,1
3480,nexto_deterministic_self_play,Nexto,Rival,Rival,Rival,3,1,0,1
3481,nexto_deterministic_self_play,Rival,Nexto,Nexto,Rival,2,2,0,1
3482,nexto_deterministic_self_play,Rival,Nexto,Nexto,Rival,2,2,0,1
3483,nexto_deterministic_self_play,Nexto,Nexto,Rival,Rival,2,2,0,1
3484,nexto_deterministic_self_play,Rival,Nexto,Rival,Rival,3,1,0,1
3485,nexto_deterministic_self_play,Nexto,Nexto,Nexto,Nexto,0,4,0,1
3486,nexto_deterministic_self_play,Nexto,Rival,Rival,Nexto,2,2,0,1
3487,nexto_deterministic_self_play,Rival,Nexto,Nexto,Rival,2,2,0,1
3488,nexto_deterministic_self_play,Rival,Rival,Rival,Rival,4,0,0,1
3489,nexto_deterministic_self_play,Nexto,Rival,Nexto,Nexto,1,3,0,1
3490,nexto_deterministic_self_play,Rival,Nexto,Nexto,Rival,2,2,0,1
3491,nexto_deterministic_self_play,Nexto,Nexto,Rival,Rival,2,2,0,1
3492,nexto_deterministic_self_play,Draw,Rival,Nexto,Nexto,1,2,1,0
3493,nexto_deterministic_self_play,Rival,Rival,Nexto,Rival,3,1,0,1
3494,nexto_deterministic_self_play,Rival,Rival,Nexto,Rival,3,1,0,1
3495,nexto_deterministic_self_play,Rival,Nexto,Rival,Rival,3,1,0,1
3496,nexto_deterministic_self_play,Rival,Nexto,Nexto,Rival,2,2,0,1
3497,nexto_deterministic_self_play,Nexto,Nexto,Nexto,Nexto,0,4,0,1
3498,nexto_deterministic_self_play,Nexto,Rival,Nexto,Rival,2,2,0,1
3499,nexto_deterministic_self_play,Rival,Nexto,Nexto,Rival,2,2,0,1
3500,nexto_deterministic_self_play,Rival,Draw,Nexto,Rival,2,1,1,0
3501,nexto_deterministic_self_play,Nexto,Nexto,Nexto,Rival,1,3,0,1
3502,nexto_deterministic_self_play,Rival,Nexto,Nexto,Nexto,1,3,0,1
3503,nexto_deterministic_self_play,Rival,Rival,Rival,Rival,4,0,0,1
3504,nexto_deterministic_self_play,Rival,Nexto,Nexto,Rival,2,2,0,1
3505,nexto_deterministic_self_play,Nexto,Rival,Rival,Nexto,2,2,0,1
3506,nexto_deterministic_self_play,Rival,Nexto,Nexto,Rival,2,2,0,1
3507,nexto_deterministic_self_play,Rival,Nexto,Nexto,Rival,2,2,0,1
3508,nexto_deterministic_self_play,Nexto,Rival,Rival,Nexto,2,2,0,1
3509,nexto_deterministic_self_play,Rival,Nexto,Rival,Rival,3,1,0,1
3510,nexto_deterministic_self_play,Nexto,Nexto,Nexto,Nexto,0,4,0,1
3511,nexto_deterministic_self_play,Rival,Nexto,Nexto,Rival,2,2,0,1
3512,nexto_deterministic_self_play,Rival,Nexto,Nexto,Rival,2,2,0,1
3513,nexto_deterministic_self_play,Nexto,Rival,Rival,Rival,3,1,0,1
3514,nexto_deterministic_self_play,Rival,Rival,Nexto,Rival,3,1,0,1
3515,nexto_deterministic_self_play,Rival,Rival,Rival,Rival,4,0,0,1
3516,nexto_deterministic_self_play,Nexto,Nexto,Rival,Rival,2,2,0,1
3517,nexto_deterministic_self_play,Rival,Rival,Rival,Rival,4,0,0,1
3518,nexto_deterministic_self_play,Rival,Rival,Nexto,Rival,3,1,0,1
3519,nexto_deterministic_self_play,Rival,Rival,Nexto,Rival,3,1,0,1
3520,nexto_deterministic_self_play,Rival,Nexto,Rival,Rival,3,1,0,1
3521,nexto_deterministic_self_play,Nexto,Rival,Rival,Rival,3,1,0,1
3522,nexto_deterministic_self_play,Nexto,Nexto,Nexto,Nexto,0,4,0,1
3523,nexto_deterministic_self_play,Nexto,Rival,Nexto,Rival,2,2,0,1
3524,nexto_deterministic_self_play,Rival,Rival,Nexto,Rival,3,1,0,1
3525,nexto_deterministic_self_play,Nexto,Rival,Rival,Rival,3,1,0,1
3526,nexto_deterministic_self_play,Nexto,Nexto,Nexto,Rival,1,3,0,1
3527,nexto_deterministic_self_play,Rival,Nexto,Nexto,Rival,2,2,0,1
3528,nexto_deterministic_self_play,Rival,Rival,Rival,Rival,4,0,0,1
3529,nexto_deterministic_self_play,Rival,Nexto,Nexto,Rival,2,2,0,1
3530,nexto_deterministic_self_play,Rival,Nexto,Nexto,Rival,2,2,0,1
3531,nexto_deterministic_self_play,Rival,Nexto,Nexto,Rival,2,2,0,1
3532,nexto_deterministic_self_play,Rival,Nexto,Nexto,Rival,2,2,0,1
3533,nexto_deterministic_self_play,Nexto,Rival,Rival,Nexto,2,2,0,1
3534,nexto_deterministic_self_play,Rival,Nexto,Nexto,Rival,2,2,0,1
3535,nexto_deterministic_self_play,Nexto,Rival,Rival,Nexto,2,2,0,1
3536,nexto_deterministic_self_play,Rival,Nexto,Nexto,Rival,2,2,0,1
3537,nexto_deterministic_self_play,Rival,Nexto,Nexto,Nexto,1,3,0,1
3538,nexto_deterministic_self_play,Rival,Rival,Rival,Rival,4,0,0,1
3539,nexto_deterministic_self_play,Rival,Rival,Nexto,Rival,3,1,0,1
3540,nexto_deterministic_self_play,Rival,Rival,Rival,Rival,4,0,0,1
3541,nexto_deterministic_self_play,Rival,Rival,Nexto,Rival,3,1,0,1
3542,nexto_deterministic_self_play,Rival,Rival,Rival,Draw,3,0,1,0
3543,nexto_deterministic_self_play,Rival,Rival,Nexto,Rival,3,1,0,1
3544,nexto_deterministic_self_play,Rival,Nexto,Nexto,Rival,2,2,0,1
3545,nexto_deterministic_self_play,Rival,Rival,Rival,Rival,4,0,0,1
3546,nexto_deterministic_self_play,Nexto,Rival,Rival,Rival,3,1,0,1
3547,nexto_deterministic_self_play,Rival,Nexto,Nexto,Rival,2,2,0,1
3548,nexto_deterministic_self_play,Rival,Rival,Rival,Rival,4,0,0,1
3549,nexto_deterministic_self_play,Rival,Rival,Nexto,Rival,3,1,0,1
3550,nexto_deterministic_self_play,Nexto,Rival,Rival,Rival,3,1,0,1
3551,nexto_deterministic_self_play,Rival,Nexto,Nexto,Rival,2,2,0,1
3552,nexto_deterministic_self_play,Rival,Nexto,Nexto,Rival,2,2,0,1
3553,nexto_deterministic_self_play,Rival,Rival,Rival,Rival,4,0,0,1
3554,nexto_deterministic_self_play,Rival,Rival,Rival,Rival,4,0,0,1
3555,nexto_deterministic_self_play,Rival,Rival,Rival,Nexto,3,1,0,1
3556,nexto_deterministic_self_play,Nexto,Nexto,Nexto,Rival,1,3,0,1
3557,nexto_deterministic_self_play,Rival,Rival,Rival,Rival,4,0,0,1
3558,nexto_deterministic_self_play,Nexto,Rival,Rival,Nexto,2,2,0,1
3559,nexto_deterministic_self_play,Rival,Nexto,Nexto,Rival,2,2,0,1
3560,nexto_deterministic_self_play,Nexto,Nexto,Nexto,Rival,1,3,0,1
3561,nexto_deterministic_self_play,Rival,Rival,Nexto,Rival,3,1,0,1
3562,nexto_deterministic_self_play,Rival,Rival,Rival,Rival,4,0,0,1
3563,nexto_deterministic_self_play,Rival,Rival,Rival,Rival,4,0,0,1
3564,nexto_deterministic_self_play,Nexto,Rival,Nexto,Rival,2,2,0,1
3565,nexto_deterministic_self_play,Nexto,Rival,Rival,Nexto,2,2,0,1
3566,nexto_deterministic_self_play,Nexto,Rival,Rival,Rival,3,1,0,1
3567,nexto_deterministic_self_play,Rival,Nexto,Nexto,Rival,2,2,0,1
3568,nexto_deterministic_self_play,Nexto,Rival,Rival,Rival,3,1,0,1
3569,nexto_deterministic_self_play,Rival,Nexto,Nexto,Rival,2,2,0,1
3570,nexto_deterministic_self_play,Nexto,Nexto,Nexto,Rival,1,3,0,1
3571,nexto_deterministic_self_play,Nexto,Rival,Nexto,Nexto,1,3,0,1
3572,nexto_deterministic_self_play,Rival,Nexto,Nexto,Rival,2,2,0,1
3573,nexto_deterministic_self_play,Rival,Rival,Rival,Rival,4,0,0,1
3574,nexto_deterministic_self_play,Rival,Rival,Rival,Rival,4,0,0,1
3575,nexto_deterministic_self_play,Nexto,Nexto,Nexto,Nexto,0,4,0,1
3576,nexto_deterministic_self_play,Rival,Nexto,Nexto,Rival,2,2,0,1
3577,nexto_deterministic_self_play,Rival,Rival,Rival,Rival,4,0,0,1
3578,nexto_deterministic_self_play,Nexto,Nexto,Rival,Nexto,1,3,0,1
3579,nexto_deterministic_self_play,Rival,Rival,Rival,Rival,4,0,0,1
3580,nexto_deterministic_self_play,Nexto,Nexto,Nexto,Nexto,0,4,0,1
3581,nexto_deterministic_self_play,Rival,Nexto,Nexto,Rival,2,2,0,1
3582,nexto_deterministic_self_play,Rival,Rival,Rival,Rival,4,0,0,1
3583,nexto_deterministic_self_play,Nexto,Rival,Rival,Rival,3,1,0,1
3584,nexto_deterministic_self_play,Rival,Rival,Nexto,Rival,3,1,0,1
3585,nexto_deterministic_self_play,Nexto,Nexto,Nexto,Rival,1,3,0,1
3586,nexto_deterministic_self_play,Rival,Rival,Nexto,Rival,3,1,0,1
3587,nexto_deterministic_self_play,Nexto,Nexto,Nexto,Draw,0,3,1,0
3588,nexto_deterministic_self_play,Rival,Rival,Rival,Nexto,3,1,0,1
3589,nexto_deterministic_self_play,Nexto,Rival,Nexto,Rival,2,2,0,1
3590,nexto_deterministic_self_play,Nexto,Rival,Rival,Nexto,2,2,0,1
3591,nexto_deterministic_self_play,Nexto,Rival,Rival,Rival,3,1,0,1
3592,nexto_deterministic_self_play,Rival,Nexto,Nexto,Rival,2,2,0,1
3593,nexto_deterministic_self_play,Rival,Rival,Nexto,Rival,3,1,0,1
3594,nexto_deterministic_self_play,Rival,Rival,Nexto,Rival,3,1,0,1
3595,nexto_deterministic_self_play,Nexto,Nexto,Rival,Rival,2,2,0,1
3596,nexto_deterministic_self_play,Nexto,Rival,Nexto,Nexto,1,3,0,1
3597,nexto_deterministic_self_play,Nexto,Nexto,Nexto,Rival,1,3,0,1
3598,nexto_deterministic_self_play,Nexto,Rival,Rival,Nexto,2,2,0,1
3599,nexto_deterministic_self_play,Nexto,Rival,Rival,Rival,3,1,0,1
3600,nexto_deterministic_self_play,Nexto,Nexto,Nexto,Nexto,0,4,0,1
3601,nexto_deterministic_self_play,Rival,Rival,Rival,Rival,4,0,0,1
3602,nexto_deterministic_self_play,Rival,Rival,Rival,Rival,4,0,0,1
3603,nexto_deterministic_self_play,Nexto,Rival,Nexto,Nexto,1,3,0,1
3604,nexto_deterministic_self_play,Rival,Nexto,Rival,Rival,3,1,0,1
3605,nexto_deterministic_self_play,Draw,Rival,Nexto,Rival,2,1,1,0
3606,nexto_deterministic_self_play,Rival,Nexto,Nexto,Rival,2,2,0,1
3607,nexto_deterministic_self_play,Rival,Nexto,Nexto,Rival,2,2,0,1
3608,nexto_deterministic_self_play,Rival,Rival,Rival,Nexto,3,1,0,1
3609,nexto_deterministic_self_play,Rival,Rival,Nexto,Rival,3,1,0,1
3610,nexto_deterministic_self_play,Nexto,Nexto,Nexto,Rival,1,3,0,1
3611,nexto_deterministic_self_play,Rival,Rival,Nexto,Rival,3,1,0,1
3612,nexto_deterministic_self_play,Nexto,Nexto,Nexto,Draw,0,3,1,0
3613,nexto_deterministic_self_play,Rival,Rival,Rival,Nexto,3,1,0,1
3614,nexto_deterministic_self_play,Rival,Rival,Nexto,Rival,3,1,0,1
3615,nexto_deterministic_self_play,Nexto,Rival,Nexto,Rival,2,2,0,1
3616,nexto_deterministic_self_play,Nexto,Rival,Rival,Rival,3,1,0,1
3617,nexto_deterministic_self_play,Rival,Nexto,Nexto,Rival,2,2,0,1
3618,nexto_deterministic_self_play,Nexto,Rival,Rival,Nexto,2,2,0,1
3619,nexto_deterministic_self_play,Rival,Rival,Nexto,Rival,3,1,0,1
3620,nexto_deterministic_self_play,Nexto,Rival,Rival,Nexto,2,2,0,1
3621,nexto_deterministic_self_play,Nexto,Rival,Rival,Nexto,2,2,0,1
3622,nexto_deterministic_self_play,Nexto,Nexto,Nexto,Rival,1,3,0,1
3623,nexto_deterministic_self_play,Nexto,Rival,Rival,Nexto,2,2,0,1
3624,nexto_deterministic_self_play,Nexto,Rival,Rival,Rival,3,1,0,1
3625,nexto_deterministic_self_play,Rival,Nexto,Nexto,Rival,2,2,0,1
3626,nexto_deterministic_self_play,Rival,Rival,Rival,Rival,4,0,0,1
3627,nexto_deterministic_self_play,Draw,Rival,Nexto,Nexto,1,2,1,0
3628,nexto_deterministic_self_play,Rival,Rival,Nexto,Nexto,2,2,0,1
3629,nexto_deterministic_self_play,Rival,Nexto,Nexto,Rival,2,2,0,1
3630,nexto_deterministic_self_play,Nexto,Nexto,Nexto,Nexto,0,4,0,1
3631,nexto_deterministic_self_play,Rival,Nexto,Nexto,Rival,2,2,0,1
3632,nexto_deterministic_self_play,Rival,Rival,Rival,Rival,4,0,0,1
3633,nexto_deterministic_self_play,Rival,Rival,Rival,Nexto,3,1,0,1
3634,nexto_deterministic_self_play,Rival,Rival,Rival,Rival,4,0,0,1
3635,nexto_deterministic_self_play,Nexto,Nexto,Nexto,Nexto,0,4,0,1
3636,nexto_deterministic_self_play,Rival,Nexto,Rival,Rival,3,1,0,1
3637,nexto_deterministic_self_play,Nexto,Rival,Rival,Rival,3,1,0,1
3638,nexto_deterministic_self_play,Rival,Rival,Nexto,Nexto,2,2,0,1
3639,nexto_deterministic_self_play,Rival,Rival,Nexto,Rival,3,1,0,1
3640,nexto_deterministic_self_play,Nexto,Rival,Nexto,Rival,2,2,0,1
3641,nexto_deterministic_self_play,Rival,Rival,Rival,Draw,3,0,1,0
3642,nexto_deterministic_self_play,Rival,Nexto,Nexto,Rival,2,2,0,1
3643,nexto_deterministic_self_play,Nexto,Rival,Rival,Nexto,2,2,0,1
3644,nexto_deterministic_self_play,Rival,Nexto,Rival,Rival,3,1,0,1
3645,nexto_deterministic_self_play,Nexto,Nexto,Nexto,Nexto,0,4,0,1
3646,nexto_deterministic_self_play,Nexto,Rival,Rival,Nexto,2,2,0,1
3647,nexto_deterministic_self_play,Rival,Nexto,Nexto,Nexto,1,3,0,1
3648,nexto_deterministic_self_play,Rival,Rival,Rival,Rival,4,0,0,1
3649,nexto_deterministic_self_play,Nexto,Rival,Rival,Rival,3,1,0,1
3650,nexto_deterministic_self_play,Rival,Nexto,Nexto,Rival,2,2,0,1
3651,nexto_deterministic_self_play,Rival,Rival,Rival,Rival,4,0,0,1
3652,nexto_deterministic_self_play,Draw,Rival,Nexto,Nexto,1,2,1,0
3653,nexto_deterministic_self_play,Rival,Rival,Nexto,Rival,3,1,0,1
3654,nexto_deterministic_self_play,Rival,Rival,Nexto,Rival,3,1,0,1
3655,nexto_deterministic_self_play,Nexto,Rival,Rival,Rival,3,1,0,1
3656,nexto_deterministic_self_play,Rival,Nexto,Nexto,Rival,2,2,0,1
3657,nexto_deterministic_self_play,Nexto,Rival,Rival,Rival,3,1,0,1
3658,nexto_deterministic_self_play,Nexto,Rival,Nexto,Rival,2,2,0,1
3659,nexto_deterministic_self_play,Rival,Rival,Rival,Rival,4,0,0,1
3660,nexto_deterministic_self_play,Nexto,Nexto,Nexto,Nexto,0,4,0,1
3661,nexto_deterministic_self_play,Rival,Rival,Rival,Rival,4,0,0,1
3662,nexto_deterministic_self_play,Nexto,Rival,Rival,Rival,3,1,0,1
3663,nexto_deterministic_self_play,Rival,Rival,Nexto,Nexto,2,2,0,1
3664,nexto_deterministic_self_play,Rival,Nexto,Nexto,Rival,2,2,0,1
3665,nexto_deterministic_self_play,Draw,Nexto,Rival,Rival,2,1,1,0
3666,nexto_deterministic_self_play,Rival,Rival,Rival,Draw,3,0,1,0
3667,nexto_deterministic_self_play,Rival,Rival,Rival,Rival,4,0,0,1
3668,nexto_deterministic_self_play,Rival,Rival,Rival,Rival,4,0,0,1
3669,nexto_deterministic_self_play,Nexto,Rival,Nexto,Nexto,1,3,0,1
3670,nexto_deterministic_self_play,Nexto,Nexto,Nexto,Nexto,0,4,0,1
3671,nexto_deterministic_self_play,Rival,Rival,Rival,Rival,4,0,0,1
3672,nexto_deterministic_self_play,Rival,Nexto,Nexto,Nexto,1,3,0,1
3673,nexto_deterministic_self_play,Rival,Rival,Rival,Rival,4,0,0,1
3674,nexto_deterministic_self_play,Rival,Rival,Nexto,Nexto,2,2,0,1
3675,nexto_deterministic_self_play,Nexto,Nexto,Nexto,Nexto,0,4,0,1
3676,nexto_deterministic_self_play,Rival,Rival,Rival,Rival,4,0,0,1
3677,nexto_deterministic_self_play,Rival,Rival,Rival,Draw,3,0,1,0
3678,nexto_deterministic_self_play,Rival,Rival,Rival,Nexto,3,1,0,1
3679,nexto_deterministic_self_play,Rival,Rival,Nexto,Rival,3,1,0,1
3680,nexto_deterministic_self_play,Nexto,Rival,Rival,Nexto,2,2,0,1
3681,nexto_deterministic_self_play,Nexto,Rival,Rival,Rival,3,1,0,1
3682,nexto_deterministic_self_play,Nexto,Rival,Rival,Rival,3,1,0,1
3683,nexto_deterministic_self_play,Nexto,Rival,Nexto,Rival,2,2,0,1
3684,nexto_deterministic_self_play,Rival,Draw,Rival,Rival,3,0,1,0
3685,nexto_deterministic_self_play,Nexto,Rival,Rival,Rival,3,1,0,1
3686,nexto_deterministic_self_play,Rival,Rival,Rival,Rival,4,0,0,1
3687,nexto_deterministic_self_play,Rival,Nexto,Nexto,Rival,2,2,0,1
3688,nexto_deterministic_self_play,Rival,Rival,Rival,Rival,4,0,0,1
3689,nexto_deterministic_self_play,Rival,Nexto,Nexto,Rival,2,2,0,1
3690,nexto_deterministic_self_play,Draw,Nexto,Rival,Rival,2,1,1,0
3691,nexto_deterministic_self_play,Nexto,Nexto,Nexto,Rival,1,3,0,1
3692,nexto_deterministic_self_play,Rival,Rival,Rival,Rival,4,0,0,1
3693,nexto_deterministic_self_play,Nexto,Rival,Rival,Rival,3,1,0,1
3694,nexto_deterministic_self_play,Rival,Rival,Nexto,Rival,3,1,0,1
3695,nexto_deterministic_self_play,Rival,Nexto,Nexto,Rival,2,2,0,1
3696,nexto_deterministic_self_play,Rival,Rival,Rival,Rival,4,0,0,1
3697,nexto_deterministic_self_play,Rival,Rival,Rival,Rival,4,0,0,1
3698,nexto_deterministic_self_play,Rival,Rival,Rival,Rival,4,0,0,1
3699,nexto_deterministic_self_play,Rival,Rival,Nexto,Nexto,2,2,0,1
3700,nexto_deterministic_self_play,Nexto,Nexto,Nexto,Nexto,0,4,0,1
3701,nexto_deterministic_self_play,Nexto,Rival,Rival,Rival,3,1,0,1
3702,nexto_deterministic_self_play,Rival,Nexto,Nexto,Rival,2,2,0,1
3703,nexto_deterministic_self_play,Rival,Rival,Rival,Nexto,3,1,0,1
3704,nexto_deterministic_self_play,Rival,Nexto,Nexto,Rival,2,2,0,1
3705,nexto_deterministic_self_play,Nexto,Nexto,Nexto,Nexto,0,4,0,1
3706,nexto_deterministic_self_play,Rival,Nexto,Nexto,Rival,2,2,0,1
3707,nexto_deterministic_self_play,Nexto,Nexto,Nexto,Nexto,0,4,0,1
3708,nexto_deterministic_self_play,Rival,Nexto,Nexto,Rival,2,2,0,1
3709,nexto_deterministic_self_play,Rival,Draw,Rival,Rival,3,0,1,0
3710,nexto_deterministic_self_play,Rival,Rival,Rival,Rival,4,0,0,1
3711,nexto_deterministic_self_play,Rival,Rival,Rival,Rival,4,0,0,1
3712,nexto_deterministic_self_play,Rival,Nexto,Nexto,Rival,2,2,0,1
3713,nexto_deterministic_self_play,Nexto,Rival,Rival,Nexto,2,2,0,1
3714,nexto_deterministic_self_play,Rival,Rival,Rival,Rival,4,0,0,1
3715,nexto_deterministic_self_play,Nexto,Rival,Nexto,Nexto,1,3,0,1
3716,nexto_deterministic_self_play,Nexto,Nexto,Nexto,Rival,1,3,0,1
3717,nexto_deterministic_self_play,Rival,Rival,Nexto,Rival,3,1,0,1
3718,nexto_deterministic_self_play,Nexto,Rival,Rival,Nexto,2,2,0,1
3719,nexto_deterministic_self_play,Rival,Rival,Nexto,Rival,3,1,0,1
3720,nexto_deterministic_self_play,Nexto,Nexto,Nexto,Rival,1,3,0,1
3721,nexto_deterministic_self_play,Rival,Rival,Rival,Rival,4,0,0,1
3722,nexto_deterministic_self_play,Rival,Rival,Rival,Rival,4,0,0,1
3723,nexto_deterministic_self_play,Rival,Rival,Rival,Rival,4,0,0,1
3724,nexto_deterministic_self_play,Nexto,Rival,Nexto,Rival,2,2,0,1
3725,nexto_deterministic_self_play,Rival,Rival,Nexto,Draw,2,1,1,0
3726,nexto_deterministic_self_play,Nexto,Rival,Rival,Rival,3,1,0,1
3727,nexto_deterministic_self_play,Rival,Rival,Rival,Rival,4,0,0,1
3728,nexto_deterministic_self_play,Rival,Rival,Nexto,Rival,3,1,0,1
3729,nexto_deterministic_self_play,Rival,Nexto,Nexto,Rival,2,2,0,1
3730,nexto_deterministic_self_play,Nexto,Rival,Rival,Nexto,2,2,0,1
3731,nexto_deterministic_self_play,Rival,Rival,Rival,Rival,4,0,0,1
3732,nexto_deterministic_self_play,Nexto,Nexto,Nexto,Nexto,0,4,0,1
3733,nexto_deterministic_self_play,Rival,Nexto,Nexto,Rival,2,2,0,1
3734,nexto_deterministic_self_play,Nexto,Rival,Rival,Rival,3,1,0,1
3735,nexto_deterministic_self_play,Rival,Nexto,Nexto,Nexto,1,3,0,1
3736,nexto_deterministic_self_play,Rival,Rival,Rival,Rival,4,0,0,1
3737,nexto_deterministic_self_play,Nexto,Rival,Nexto,Rival,2,2,0,1
3738,nexto_deterministic_self_play,Rival,Rival,Rival,Nexto,3,1,0,1
3739,nexto_deterministic_self_play,Rival,Rival,Nexto,Rival,3,1,0,1
3740,nexto_deterministic_self_play,Nexto,Nexto,Nexto,Rival,1,3,0,1
3741,nexto_deterministic_self_play,Rival,Rival,Draw,Rival,3,0,1,0
3742,nexto_deterministic_self_play,Rival,Rival,Nexto,Rival,3,1,0,1
3743,nexto_deterministic_self_play,Rival,Rival,Nexto,Nexto,2,2,0,1
3744,nexto_deterministic_self_play,Nexto,Rival,Nexto,Nexto,1,3,0,1
3745,nexto_deterministic_self_play,Rival,Rival,Rival,Draw,3,0,1,0
3746,nexto_deterministic_self_play,Rival,Rival,Rival,Rival,4,0,0,1
3747,nexto_deterministic_self_play,Rival,Rival,Nexto,Nexto,2,2,0,1
3748,nexto_deterministic_self_play,Rival,Nexto,Rival,Rival,3,1,0,1
3749,nexto_deterministic_self_play,Nexto,Rival,Nexto,Rival,2,2,0,1
3750,nexto_deterministic_self_play,Rival,Rival,Nexto,Draw,2,1,1,0
3751,nexto_deterministic_self_play,Nexto,Rival,Rival,Rival,3,1,0,1
3752,nexto_deterministic_self_play,Rival,Rival,Rival,Rival,4,0,0,1
3753,nexto_deterministic_self_play,Rival,Rival,Nexto,Rival,3,1,0,1
3754,nexto_deterministic_self_play,Nexto,Nexto,Rival,Nexto,1,3,0,1
3755,nexto_deterministic_self_play,Nexto,Rival,Rival,Nexto,2,2,0,1
3756,nexto_deterministic_self_play,Rival,Rival,Rival,Rival,4,0,0,1
3757,nexto_deterministic_self_play,Nexto,Nexto,Nexto,Rival,1,3,0,1
3758,nexto_deterministic_self_play,Rival,Rival,Nexto,Rival,3,1,0,1
3759,nexto_deterministic_self_play,Nexto,Rival,Rival,Rival,3,1,0,1
3760,nexto_deterministic_self_play,Rival,Nexto,Nexto,Rival,2,2,0,1
3761,nexto_deterministic_self_play,Rival,Rival,Rival,Rival,4,0,0,1
3762,nexto_deterministic_self_play,Nexto,Rival,Nexto,Rival,2,2,0,1
3763,nexto_deterministic_self_play,Rival,Rival,Rival,Nexto,3,1,0,1
3764,nexto_deterministic_self_play,Nexto,Nexto,Nexto,Rival,1,3,0,1
3765,nexto_deterministic_self_play,Nexto,Nexto,Nexto,Nexto,0,4,0,1
3766,nexto_deterministic_self_play,Rival,Rival,Draw,Rival,3,0,1,0
3767,nexto_deterministic_self_play,Rival,Rival,Rival,Rival,4,0,0,1
3768,nexto_deterministic_self_play,Rival,Rival,Nexto,Rival,3,1,0,1
3769,nexto_deterministic_self_play,Nexto,Rival,Nexto,Nexto,1,3,0,1
3770,nexto_deterministic_self_play,Rival,Rival,Rival,Nexto,3,1,0,1
3771,nexto_deterministic_self_play,Rival,Rival,Rival,Rival,4,0,0,1
3772,nexto_deterministic_self_play,Rival,Rival,Nexto,Nexto,2,2,0,1
3773,nexto_deterministic_self_play,Rival,Nexto,Rival,Rival,3,1,0,1
3774,nexto_deterministic_self_play,Nexto,Nexto,Nexto,Rival,1,3,0,1
3775,nexto_deterministic_self_play,Nexto,Nexto,Rival,Nexto,1,3,0,1
3776,nexto_deterministic_self_play,Rival,Nexto,Nexto,Rival,2,2,0,1
3777,nexto_deterministic_self_play,Nexto,Rival,Rival,Rival,3,1,0,1
3778,nexto_deterministic_self_play,Rival,Nexto,Draw,Nexto,1,2,1,0
3779,nexto_deterministic_self_play,Nexto,Nexto,Rival,Nexto,1,3,0,1
3780,nexto_deterministic_self_play,Nexto,Nexto,Rival,Rival,2,2,0,1
3781,nexto_deterministic_self_play,Rival,Rival,Nexto,Rival,3,1,0,1
3782,nexto_deterministic_self_play,Rival,Rival,Rival,Rival,4,0,0,1
3783,nexto_deterministic_self_play,Rival,Rival,Nexto,Rival,3,1,0,1
3784,nexto_deterministic_self_play,Nexto,Rival,Rival,Rival,3,1,0,1
3785,nexto_deterministic_self_play,Nexto,Nexto,Nexto,Nexto,0,4,0,1
3786,nexto_deterministic_self_play,Rival,Rival,Rival,Rival,4,0,0,1
3787,nexto_deterministic_self_play,Rival,Rival,Nexto,Rival,3,1,0,1
3788,nexto_deterministic_self_play,Rival,Rival,Nexto,Rival,3,1,0,1
3789,nexto_deterministic_self_play,Nexto,Nexto,Nexto,Rival,1,3,0,1
3790,nexto_deterministic_self_play,Nexto,Rival,Nexto,Rival,2,2,0,1
3791,nexto_deterministic_self_play,Rival,Rival,Nexto,Rival,3,1,0,1
3792,nexto_deterministic_self_play,Rival,Rival,Rival,Rival,4,0,0,1
3793,nexto_deterministic_self_play,Rival,Rival,Rival,Rival,4,0,0,1
3794,nexto_deterministic_self_play,Rival,Rival,Rival,Rival,4,0,0,1
3795,nexto_deterministic_self_play,Nexto,Rival,Nexto,Rival,2,2,0,1
3796,nexto_deterministic_self_play,Rival,Rival,Rival,Rival,4,0,0,1
3797,nexto_deterministic_self_play,Rival,Rival,Rival,Rival,4,0,0,1
3798,nexto_deterministic_self_play,Rival,Rival,Nexto,Nexto,2,2,0,1
3799,nexto_deterministic_self_play,Nexto,Nexto,Nexto,Rival,1,3,0,1
3800,nexto_deterministic_self_play,Nexto,Rival,Nexto,Rival,2,2,0,1
3801,nexto_deterministic_self_play,Rival,Nexto,Nexto,Rival,2,2,0,1
3802,nexto_deterministic_self_play,Nexto,Rival,Rival,Rival,3,1,0,1
3803,nexto_deterministic_self_play,Rival,Nexto,Draw,Nexto,1,2,1,0
3804,nexto_deterministic_self_play,Nexto,Rival,Nexto,Nexto,1,3,0,1
3805,nexto_deterministic_self_play,Rival,Rival,Rival,Nexto,3,1,0,1
3806,nexto_deterministic_self_play,Rival,Rival,Nexto,Rival,3,1,0,1
3807,nexto_deterministic_self_play,Rival,Rival,Rival,Rival,4,0,0,1
3808,nexto_deterministic_self_play,Rival,Rival,Rival,Nexto,3,1,0,1
3809,nexto_deterministic_self_play,Rival,Rival,Nexto,Nexto,2,2,0,1
3810,nexto_deterministic_self_play,Nexto,Rival,Nexto,Rival,2,2,0,1
3811,nexto_deterministic_self_play,Rival,Rival,Rival,Rival,4,0,0,1
3812,nexto_deterministic_self_play,Rival,Rival,Nexto,Rival,3,1,0,1
3813,nexto_deterministic_self_play,Nexto,Nexto,Rival,Rival,2,2,0,1
3814,nexto_deterministic_self_play,Rival,Rival,Rival,Rival,4,0,0,1
3815,nexto_deterministic_self_play,Rival,Rival,Rival,Rival,4,0,0,1
3816,nexto_deterministic_self_play,Rival,Rival,Nexto,Rival,3,1,0,1
3817,nexto_deterministic_self_play,Rival,Rival,Nexto,Rival,3,1,0,1
3818,nexto_deterministic_self_play,Nexto,Rival,Nexto,Rival,2,2,0,1
3819,nexto_deterministic_self_play,Nexto,Nexto,Nexto,Nexto,0,4,0,1
3820,nexto_deterministic_self_play,Rival,Rival,Nexto,Nexto,2,2,0,1
3821,nexto_deterministic_self_play,Rival,Rival,Rival,Rival,4,0,0,1
3822,nexto_deterministic_self_play,Rival,Rival,Rival,Rival,4,0,0,1
3823,nexto_deterministic_self_play,Rival,Rival,Nexto,Nexto,2,2,0,1
3824,nexto_deterministic_self_play,Nexto,Rival,Rival,Rival,3,1,0,1
3825,nexto_deterministic_self_play,Draw,Nexto,Rival,Rival,2,1,1,0
3826,nexto_deterministic_self_play,Rival,Nexto,Nexto,Rival,2,2,0,1
3827,nexto_deterministic_self_play,Rival,Rival,Rival,Rival,4,0,0,1
3828,nexto_deterministic_self_play,Rival,Rival,Nexto,Rival,3,1,0,1
3829,nexto_deterministic_self_play,Nexto,Rival,Nexto,Nexto,1,3,0,1
3830,nexto_deterministic_self_play,Nexto,Rival,Nexto,Rival,2,2,0,1
3831,nexto_deterministic_self_play,Rival,Rival,Rival,Rival,4,0,0,1
3832,nexto_deterministic_self_play,Rival,Rival,Rival,Rival,4,0,0,1
3833,nexto_deterministic_self_play,Rival,Rival,Rival,Rival,4,0,0,1
3834,nexto_deterministic_self_play,Nexto,Rival,Nexto,Nexto,1,3,0,1
3835,nexto_deterministic_self_play,Rival,Nexto,Nexto,Rival,2,2,0,1
3836,nexto_deterministic_self_play,Rival,Rival,Rival,Rival,4,0,0,1
3837,nexto_deterministic_self_play,Rival,Nexto,Nexto,Rival,2,2,0,1
3838,nexto_deterministic_self_play,Nexto,Nexto,Rival,Rival,2,2,0,1
3839,nexto_deterministic_self_play,Rival,Rival,Rival,Rival,4,0,0,1
3840,nexto_deterministic_self_play,Rival,Rival,Rival,Rival,4,0,0,1
3841,nexto_deterministic_self_play,Rival,Nexto,Nexto,Rival,2,2,0,1
3842,nexto_deterministic_self_play,Rival,Rival,Nexto,Rival,3,1,0,1
3843,nexto_deterministic_self_play,Rival,Rival,Rival,Rival,4,0,0,1
3844,nexto_deterministic_self_play,Nexto,Rival,Nexto,Rival,2,2,0,1
3845,nexto_deterministic_self_play,Nexto,Nexto,Nexto,Rival,1,3,0,1
3846,nexto_deterministic_self_play,Rival,Rival,Rival,Rival,4,0,0,1
3847,nexto_deterministic_self_play,Nexto,Rival,Nexto,Draw,1,2,1,0
3848,nexto_deterministic_self_play,Nexto,Nexto,Nexto,Nexto,0,4,0,1
3849,nexto_deterministic_self_play,Nexto,Rival,Rival,Rival,3,1,0,1
3850,nexto_deterministic_self_play,Rival,Rival,Nexto,Rival,3,1,0,1
3851,nexto_deterministic_self_play,Rival,Rival,Rival,Rival,4,0,0,1
3852,nexto_deterministic_self_play,Rival,Rival,Rival,Rival,4,0,0,1
3853,nexto_deterministic_self_play,Rival,Rival,Nexto,Rival,3,1,0,1
3854,nexto_deterministic_self_play,Nexto,Nexto,Nexto,Rival,1,3,0,1
3855,nexto_deterministic_self_play,Rival,Rival,Rival,Rival,4,0,0,1
3856,nexto_deterministic_self_play,Rival,Rival,Rival,Rival,4,0,0,1
3857,nexto_deterministic_self_play,Rival,Rival,Rival,Rival,4,0,0,1
3858,nexto_deterministic_self_play,Rival,Rival,Rival,Rival,4,0,0,1
3859,nexto_deterministic_self_play,Nexto,Rival,Nexto,Nexto,1,3,0,1
3860,nexto_deterministic_self_play,Nexto,Nexto,Nexto,Nexto,0,4,0,1
3861,nexto_deterministic_self_play,Rival,Rival,Rival,Rival,4,0,0,1
3862,nexto_deterministic_self_play,Rival,Nexto,Nexto,Rival,2,2,0,1
3863,nexto_deterministic_self_play,Nexto,Rival,Nexto,Nexto,1,3,0,1
3864,nexto_deterministic_self_play,Rival,Nexto,Nexto,Rival,2,2,0,1
3865,nexto_deterministic_self_play,Nexto,Nexto,Nexto,Rival,1,3,0,1
3866,nexto_deterministic_self_play,Rival,Nexto,Nexto,Rival,2,2,0,1
3867,nexto_deterministic_self_play,Nexto,Rival,Nexto,Rival,2,2,0,1
3868,nexto_deterministic_self_play,Rival,Nexto,Nexto,Rival,2,2,0,1
3869,nexto_deterministic_self_play,Nexto,Rival,Nexto,Rival,2,2,0,1
3870,nexto_deterministic_self_play,Rival,Rival,Rival,Rival,4,0,0,1
3871,nexto_deterministic_self_play,Rival,Rival,Rival,Rival,4,0,0,1
3872,nexto_deterministic_self_play,Nexto,Rival,Nexto,Draw,1,2,1,0
3873,nexto_deterministic_self_play,Rival,Rival,Rival,Rival,4,0,0,1
3874,nexto_deterministic_self_play,Rival,Rival,Nexto,Rival,3,1,0,1
3875,nexto_deterministic_self_play,Nexto,Rival,Draw,Nexto,1,2,1,0
3876,nexto_deterministic_self_play,Rival,Rival,Rival,Rival,4,0,0,1
3877,nexto_deterministic_self_play,Rival,Rival,Rival,Nexto,3,1,0,1
3878,nexto_deterministic_self_play,Draw,Rival,Rival,Nexto,2,1,1,0
3879,nexto_deterministic_self_play,Nexto,Nexto,Nexto,Rival,1,3,0,1
3880,nexto_deterministic_self_play,Rival,Nexto,Nexto,Nexto,1,3,0,1
3881,nexto_deterministic_self_play,Nexto,Nexto,Rival,Nexto,1,3,0,1
3882,nexto_deterministic_self_play,Rival,Rival,Rival,Rival,4,0,0,1
3883,nexto_deterministic_self_play,Rival,Nexto,Nexto,Rival,2,2,0,1
3884,nexto_deterministic_self_play,Rival,Nexto,Nexto,Rival,2,2,0,1
3885,nexto_deterministic_self_play,Rival,Rival,Rival,Rival,4,0,0,1
3886,nexto_deterministic_self_play,Rival,Rival,Rival,Rival,4,0,0,1
3887,nexto_deterministic_self_play,Nexto,Rival,Rival,Nexto,2,2,0,1
3888,nexto_deterministic_self_play,Rival,Nexto,Nexto,Rival,2,2,0,1
3889,nexto_deterministic_self_play,Draw,Rival,Nexto,Rival,2,1,1,0
3890,nexto_deterministic_self_play,Nexto,Nexto,Nexto,Nexto,0,4,0,1
3891,nexto_deterministic_self_play,Nexto,Nexto,Nexto,Rival,1,3,0,1
3892,nexto_deterministic_self_play,Nexto,Rival,Nexto,Rival,2,2,0,1
3893,nexto_deterministic_self_play,Rival,Nexto,Nexto,Rival,2,2,0,1
3894,nexto_deterministic_self_play,Nexto,Rival,Nexto,Nexto,1,3,0,1
3895,nexto_deterministic_self_play,Rival,Nexto,Nexto,Nexto,1,3,0,1
3896,nexto_deterministic_self_play,Rival,Rival,Rival,Rival,4,0,0,1
3897,nexto_deterministic_self_play,Nexto,Rival,Nexto,Rival,2,2,0,1
3898,nexto_deterministic_self_play,Nexto,Rival,Rival,Nexto,2,2,0,1
3899,nexto_deterministic_self_play,Rival,Rival,Nexto,Rival,3,1,0,1
3900,nexto_deterministic_self_play,Nexto,Rival,Nexto,Nexto,1,3,0,1
3901,nexto_deterministic_self_play,Rival,Rival,Draw,Rival,3,0,1,0
3902,nexto_deterministic_self_play,Rival,Rival,Rival,Nexto,3,1,0,1
3903,nexto_deterministic_self_play,Draw,Rival,Rival,Nexto,2,1,1,0
3904,nexto_deterministic_self_play,Nexto,Rival,Nexto,Nexto,1,3,0,1
3905,nexto_deterministic_self_play,Rival,Rival,Rival,Nexto,3,1,0,1
3906,nexto_deterministic_self_play,Nexto,Rival,Rival,Nexto,2,2,0,1
3907,nexto_deterministic_self_play,Rival,Rival,Nexto,Nexto,2,2,0,1
3908,nexto_deterministic_self_play,Rival,Rival,Nexto,Nexto,2,2,0,1
3909,nexto_deterministic_self_play,Rival,Nexto,Nexto,Rival,2,2,0,1
3910,nexto_deterministic_self_play,Rival,Rival,Rival,Nexto,3,1,0,1
3911,nexto_deterministic_self_play,Rival,Nexto,Nexto,Rival,2,2,0,1
3912,nexto_deterministic_self_play,Nexto,Rival,Rival,Rival,3,1,0,1
3913,nexto_deterministic_self_play,Rival,Nexto,Nexto,Rival,2,2,0,1
3914,nexto_deterministic_self_play,Rival,Nexto,Nexto,Rival,2,2,0,1
3915,nexto_deterministic_self_play,Nexto,Rival,Rival,Nexto,2,2,0,1
3916,nexto_deterministic_self_play,Nexto,Nexto,Nexto,Rival,1,3,0,1
3917,nexto_deterministic_self_play,Rival,Rival,Rival,Rival,4,0,0,1
3918,nexto_deterministic_self_play,Nexto,Rival,Nexto,Nexto,1,3,0,1
3919,nexto_deterministic_self_play,Nexto,Rival,Nexto,Nexto,1,3,0,1
3920,nexto_deterministic_self_play,Nexto,Nexto,Rival,Draw,1,2,1,0
3921,nexto_deterministic_self_play,Rival,Rival,Rival,Rival,4,0,0,1
3922,nexto_deterministic_self_play,Rival,Nexto,Rival,Rival,3,1,0,1
3923,nexto_deterministic_self_play,Nexto,Rival,Nexto,Rival,2,2,0,1
3924,nexto_deterministic_self_play,Nexto,Rival,Draw,Nexto,1,2,1,0
3925,nexto_deterministic_self_play,Rival,Nexto,Nexto,Rival,2,2,0,1
3926,nexto_deterministic_self_play,Rival,Draw,Nexto,Rival,2,1,1,0
3927,nexto_deterministic_self_play,Nexto,Rival,Nexto,Rival,2,2,0,1
3928,nexto_deterministic_self_play,Rival,Rival,Rival,Rival,4,0,0,1
3929,nexto_deterministic_self_play,Nexto,Rival,Nexto,Nexto,1,3,0,1
3930,nexto_deterministic_self_play,Rival,Rival,Rival,Draw,3,0,1,0
3931,nexto_deterministic_self_play,Nexto,Rival,Rival,Rival,3,1,0,1
3932,nexto_deterministic_self_play,Rival,Rival,Nexto,Nexto,2,2,0,1
3933,nexto_deterministic_self_play,Nexto,Rival,Rival,Nexto,2,2,0,1
3934,nexto_deterministic_self_play,Nexto,Nexto,Nexto,Rival,1,3,0,1
3935,nexto_deterministic_self_play,Nexto,Nexto,Rival,Nexto,1,3,0,1
3936,nexto_deterministic_self_play,Rival,Nexto,Nexto,Rival,2,2,0,1
3937,nexto_deterministic_self_play,Nexto,Rival,Rival,Rival,3,1,0,1
3938,nexto_deterministic_self_play,Rival,Nexto,Draw,Nexto,1,2,1,0
3939,nexto_deterministic_self_play,Rival,Nexto,Nexto,Rival,2,2,0,1
3940,nexto_deterministic_self_play,Nexto,Nexto,Rival,Rival,2,2,0,1
3941,nexto_deterministic_self_play,Nexto,Rival,Rival,Rival,3,1,0,1
3942,nexto_deterministic_self_play,Rival,Rival,Rival,Rival,4,0,0,1
3943,nexto_deterministic_self_play,Nexto,Rival,Nexto,Nexto,1,3,0,1
3944,nexto_deterministic_self_play,Rival,Rival,Nexto,Nexto,2,2,0,1
3945,nexto_deterministic_self_play,Nexto,Rival,Rival,Nexto,2,2,0,1
3946,nexto_deterministic_self_play,Rival,Rival,Rival,Rival,4,0,0,1
3947,nexto_deterministic_self_play,Rival,Nexto,Rival,Rival,3,1,0,1
3948,nexto_deterministic_self_play,Nexto,Nexto,Rival,Rival,2,2,0,1
3949,nexto_deterministic_self_play,Nexto,Rival,Draw,Nexto,1,2,1,0
3950,nexto_deterministic_self_play,Rival,Nexto,Nexto,Rival,2,2,0,1
3951,nexto_deterministic_self_play,Rival,Rival,Rival,Rival,4,0,0,1
3952,nexto_deterministic_self_play,Nexto,Rival,Nexto,Rival,2,2,0,1
3953,nexto_deterministic_self_play,Nexto,Rival,Nexto,Rival,2,2,0,1
3954,nexto_deterministic_self_play,Nexto,Nexto,Nexto,Nexto,0,4,0,1
3955,nexto_deterministic_self_play,Nexto,Rival,Rival,Rival,3,1,0,1
3956,nexto_deterministic_self_play,Nexto,Rival,Rival,Rival,3,1,0,1
3957,nexto_deterministic_self_play,Rival,Rival,Rival,Rival,4,0,0,1
3958,nexto_deterministic_self_play,Rival,Rival,Nexto,Nexto,2,2,0,1
3959,nexto_deterministic_self_play,Nexto,Nexto,Rival,Rival,2,2,0,1
3960,nexto_deterministic_self_play,Nexto,Rival,Rival,Nexto,2,2,0,1
3961,nexto_deterministic_self_play,Rival,Rival,Rival,Rival,4,0,0,1
3962,nexto_deterministic_self_play,Nexto,Rival,Rival,Rival,3,1,0,1
3963,nexto_deterministic_self_play,Nexto,Nexto,Nexto,Nexto,0,4,0,1
3964,nexto_deterministic_self_play,Rival,Rival,Nexto,Rival,3,1,0,1
3965,nexto_deterministic_self_play,Rival,Rival,Rival,Nexto,3,1,0,1
3966,nexto_deterministic_self_play,Nexto,Rival,Rival,Rival,3,1,0,1
3967,nexto_deterministic_self_play,Rival,Rival,Rival,Rival,4,0,0,1
3968,nexto_deterministic_self_play,Nexto,Nexto,Nexto,Rival,1,3,0,1
3969,nexto_deterministic_self_play,Rival,Rival,Nexto,Nexto,2,2,0,1
3970,nexto_deterministic_self_play,Nexto,Rival,Rival,Nexto,2,2,0,1
3971,nexto_deterministic_self_play,Rival,Rival,Rival,Rival,4,0,0,1
3972,nexto_deterministic_self_play,Rival,Draw,Draw,Rival,2,0,2,0
3973,nexto_deterministic_self_play,Rival,Nexto,Rival,Rival,3,1,0,1
3974,nexto_deterministic_self_play,Nexto,Rival,Nexto,Nexto,1,3,0,1
3975,nexto_deterministic_self_play,Nexto,Rival,Nexto,Nexto,1,3,0,1
3976,nexto_deterministic_self_play,Rival,Rival,Rival,Rival,4,0,0,1
3977,nexto_deterministic_self_play,Rival,Rival,Nexto,Rival,3,1,0,1
3978,nexto_deterministic_self_play,Nexto,Nexto,Nexto,Nexto,0,4,0,1
3979,nexto_deterministic_self_play,Nexto,Nexto,Nexto,Nexto,0,4,0,1
3980,nexto_deterministic_self_play,Nexto,Rival,Rival,Rival,3,1,0,1
3981,nexto_deterministic_self_play,Rival,Rival,Rival,Rival,4,0,0,1
3982,nexto_deterministic_self_play,Rival,Rival,Rival,Rival,4,0,0,1
3983,nexto_deterministic_self_play,Rival,Rival,Rival,Nexto,3,1,0,1
3984,nexto_deterministic_self_play,Rival,Nexto,Nexto,Nexto,1,3,0,1
3985,nexto_deterministic_self_play,Nexto,Rival,Rival,Rival,3,1,0,1
3986,nexto_deterministic_self_play,Rival,Rival,Rival,Rival,4,0,0,1
3987,nexto_deterministic_self_play,Nexto,Rival,Rival,Rival,3,1,0,1
3988,nexto_deterministic_self_play,Nexto,Rival,Rival,Nexto,2,2,0,1
3989,nexto_deterministic_self_play,Rival,Rival,Nexto,Rival,3,1,0,1
3990,nexto_deterministic_self_play,Nexto,Rival,Nexto,Rival,2,2,0,1
3991,nexto_deterministic_self_play,Nexto,Nexto,Nexto,Rival,1,3,0,1
3992,nexto_deterministic_self_play,Rival,Nexto,Rival,Rival,3,1,0,1
3993,nexto_deterministic_self_play,Nexto,Nexto,Nexto,Rival,1,3,0,1
3994,nexto_deterministic_self_play,Nexto,Rival,Rival,Nexto,2,2,0,1
3995,nexto_deterministic_self_play,Nexto,Rival,Rival,Rival,3,1,0,1
3996,nexto_deterministic_self_play,Nexto,Rival,Rival,Rival,3,1,0,1
3997,nexto_deterministic_self_play,Rival,Draw,Draw,Rival,2,0,2,0
3998,nexto_deterministic_self_play,Nexto,Rival,Nexto,Draw,1,2,1,0
3999,nexto_deterministic_self_play,Nexto,Rival,Nexto,Nexto,1,3,0,1
4000,nexto_deterministic_self_play,Nexto,Rival,Nexto,Nexto,1,3,0,1
4001,nexto_deterministic_self_play,Rival,Rival,Rival,Rival,4,0,0,1
4002,nexto_deterministic_self_play,Rival,Rival,Nexto,Rival,3,1,0,1
4003,nexto_deterministic_self_play,Nexto,Rival,Rival,Nexto,2,2,0,1
4004,nexto_deterministic_self_play,Nexto,Rival,Nexto,Rival,2,2,0,1
4005,nexto_deterministic_self_play,Rival,Rival,Rival,Rival,4,0,0,1
4006,nexto_deterministic_self_play,Rival,Rival,Rival,Rival,4,0,0,1
4007,nexto_deterministic_self_play,Rival,Rival,Rival,Rival,4,0,0,1
4008,nexto_deterministic_self_play,Rival,Rival,Rival,Rival,4,0,0,1
4009,nexto_deterministic_self_play,Rival,Nexto,Nexto,Nexto,1,3,0,1
4010,nexto_deterministic_self_play,Nexto,Rival,Rival,Rival,3,1,0,1
4011,nexto_deterministic_self_play,Rival,Nexto,Nexto,Rival,2,2,0,1
4012,nexto_deterministic_self_play,Rival,Rival,Rival,Rival,4,0,0,1
4013,nexto_deterministic_self_play,Nexto,Rival,Nexto,Nexto,1,3,0,1
4014,nexto_deterministic_self_play,Nexto,Nexto,Nexto,Rival,1,3,0,1
4015,nexto_deterministic_self_play,Nexto,Rival,Nexto,Rival,2,2,0,1
4016,nexto_deterministic_self_play,Nexto,Nexto,Nexto,Rival,1,3,0,1
4017,nexto_deterministic_self_play,Rival,Nexto,Rival,Rival,3,1,0,1
4018,nexto_deterministic_self_play,Rival,Rival,Nexto,Rival,3,1,0,1
4019,nexto_deterministic_self_play,Nexto,Rival,Rival,Nexto,2,2,0,1
4020,nexto_deterministic_self_play,Nexto,Rival,Rival,Draw,2,1,1,0
4021,nexto_deterministic_self_play,Nexto,Rival,Nexto,Nexto,1,3,0,1
4022,nexto_deterministic_self_play,Nexto,Rival,Rival,Nexto,2,2,0,1
4023,nexto_deterministic_self_play,Rival,Nexto,Rival,Rival,3,1,0,1
4024,nexto_deterministic_self_play,Draw,Rival,Nexto,Rival,2,1,1,0
4025,nexto_deterministic_self_play,Nexto,Rival,Rival,Nexto,2,2,0,1
4026,nexto_deterministic_self_play,Rival,Rival,Rival,Rival,4,0,0,1
4027,nexto_deterministic_self_play,Rival,Nexto,Nexto,Nexto,1,3,0,1
4028,nexto_deterministic_self_play,Rival,Rival,Rival,Rival,4,0,0,1
4029,nexto_deterministic_self_play,Nexto,Rival,Rival,Nexto,2,2,0,1
4030,nexto_deterministic_self_play,Nexto,Nexto,Nexto,Nexto,0,4,0,1
4031,nexto_deterministic_self_play,Rival,Rival,Rival,Rival,4,0,0,1
4032,nexto_deterministic_self_play,Nexto,Nexto,Nexto,Nexto,0,4,0,1
4033,nexto_deterministic_self_play,Nexto,Nexto,Nexto,Nexto,0,4,0,1
4034,nexto_deterministic_self_play,Nexto,Nexto,Nexto,Nexto,0,4,0,1
4035,nexto_deterministic_self_play,Nexto,Rival,Rival,Nexto,2,2,0,1
4036,nexto_deterministic_self_play,Rival,Nexto,Nexto,Rival,2,2,0,1
4037,nexto_deterministic_self_play,Rival,Rival,Rival,Nexto,3,1,0,1
4038,nexto_deterministic_self_play,Rival,Rival,Rival,Rival,4,0,0,1
4039,nexto_deterministic_self_play,Nexto,Nexto,Nexto,Rival,1,3,0,1
4040,nexto_deterministic_self_play,Nexto,Rival,Nexto,Rival,2,2,0,1
4041,nexto_deterministic_self_play,Nexto,Nexto,Rival,Nexto,1,3,0,1
4042,nexto_deterministic_self_play,Rival,Rival,Nexto,Rival,3,1,0,1
4043,nexto_deterministic_self_play,Rival,Nexto,Nexto,Rival,2,2,0,1
4044,nexto_deterministic_self_play,Nexto,Nexto,Rival,Rival,2,2,0,1
4045,nexto_deterministic_self_play,Rival,Rival,Rival,Rival,4,0,0,1
4046,nexto_deterministic_self_play,Nexto,Rival,Nexto,Nexto,1,3,0,1
4047,nexto_deterministic_self_play,Nexto,Rival,Rival,Nexto,2,2,0,1
4048,nexto_deterministic_self_play,Nexto,Nexto,Nexto,Nexto,0,4,0,1
4049,nexto_deterministic_self_play,Draw,Rival,Nexto,Rival,2,1,1,0
4050,nexto_deterministic_self_play,Nexto,Nexto,Rival,Rival,2,2,0,1
4051,nexto_deterministic_self_play,Nexto,Nexto,Nexto,Rival,1,3,0,1
4052,nexto_deterministic_self_play,Nexto,Rival,Rival,Rival,3,1,0,1
4053,nexto_deterministic_self_play,Rival,Rival,Rival,Rival,4,0,0,1
4054,nexto_deterministic_self_play,Rival,Nexto,Nexto,Rival,2,2,0,1
4055,nexto_deterministic_self_play,Nexto,Nexto,Rival,Draw,1,2,1,0
4056,nexto_deterministic_self_play,Rival,Rival,Rival,Rival,4,0,0,1
4057,nexto_deterministic_self_play,Nexto,Nexto,Nexto,Nexto,0,4,0,1
4058,nexto_deterministic_self_play,Nexto,Nexto,Nexto,Rival,1,3,0,1
4059,nexto_deterministic_self_play,Nexto,Nexto,Nexto,Nexto,0,4,0,1
4060,nexto_deterministic_self_play,Nexto,Rival,Rival,Nexto,2,2,0,1
4061,nexto_deterministic_self_play,Rival,Draw,Nexto,Rival,2,1,1,0
4062,nexto_deterministic_self_play,Rival,Rival,Nexto,Rival,3,1,0,1
4063,nexto_deterministic_self_play,Nexto,Nexto,Rival,Nexto,1,3,0,1
4064,nexto_deterministic_self_play,Draw,Rival,Nexto,Nexto,1,2,1,0
4065,nexto_deterministic_self_play,Rival,Rival,Rival,Rival,4,0,0,1
4066,nexto_deterministic_self_play,Nexto,Rival,Rival,Draw,2,1,1,0
4067,nexto_deterministic_self_play,Rival,Rival,Nexto,Rival,3,1,0,1
4068,nexto_deterministic_self_play,Nexto,Nexto,Nexto,Draw,0,3,1,0
4069,nexto_deterministic_self_play,Nexto,Nexto,Rival,Rival,2,2,0,1
4070,nexto_deterministic_self_play,Nexto,Rival,Rival,Rival,3,1,0,1
4071,nexto_deterministic_self_play,Nexto,Nexto,Nexto,Rival,1,3,0,1
4072,nexto_deterministic_self_play,Nexto,Rival,Rival,Rival,3,1,0,1
4073,nexto_deterministic_self_play,Nexto,Nexto,Nexto,Nexto,0,4,0,1
4074,nexto_deterministic_self_play,Rival,Nexto,Nexto,Rival,2,2,0,1
4075,nexto_deterministic_self_play,Nexto,Nexto,Rival,Nexto,1,3,0,1
4076,nexto_deterministic_self_play,Nexto,Nexto,Nexto,Rival,1,3,0,1
4077,nexto_deterministic_self_play,Nexto,Rival,Rival,Rival,3,1,0,1
4078,nexto_deterministic_self_play,Nexto,Rival,Nexto,Nexto,1,3,0,1
4079,nexto_deterministic_self_play,Rival,Nexto,Nexto,Rival,2,2,0,1
4080,nexto_deterministic_self_play,Rival,Rival,Rival,Draw,3,0,1,0
4081,nexto_deterministic_self_play,Rival,Rival,Rival,Rival,4,0,0,1
4082,nexto_deterministic_self_play,Rival,Nexto,Rival,Rival,3,1,0,1
4083,nexto_deterministic_self_play,Nexto,Nexto,Nexto,Rival,1,3,0,1
4084,nexto_deterministic_self_play,Nexto,Rival,Draw,Nexto,1,2,1,0
4085,nexto_deterministic_self_play,Rival,Rival,Rival,Rival,4,0,0,1
4086,nexto_deterministic_self_play,Rival,Draw,Nexto,Rival,2,1,1,0
4087,nexto_deterministic_self_play,Rival,Rival,Nexto,Rival,3,1,0,1
4088,nexto_deterministic_self_play,Nexto,Rival,Nexto,Nexto,1,3,0,1
4089,nexto_deterministic_self_play,Draw,Rival,Nexto,Nexto,1,2,1,0
4090,nexto_deterministic_self_play,Nexto,Rival,Rival,Nexto,2,2,0,1
4091,nexto_deterministic_self_play,Rival,Nexto,Rival,Rival,3,1,0,1
4092,nexto_deterministic_self_play,Rival,Rival,Rival,Rival,4,0,0,1
4093,nexto_deterministic_self_play,Nexto,Nexto,Nexto,Draw,0,3,1,0
4094,nexto_deterministic_self_play,Nexto,Nexto,Rival,Rival,2,2,0,1
4095,nexto_deterministic_self_play,Nexto,Rival,Rival,Nexto,2,2,0,1
